ISO-10303-21;
HEADER;
/* Generated by software containing ST-Developer
 * from STEP Tools, Inc. (www.steptools.com) 
 */

FILE_DESCRIPTION(
/* description */ (''),
/* implementation_level */ '2;1');

FILE_NAME(
/* name */ 'BOTTOM.step',
/* time_stamp */ '2026-08-28T22:35:54+02:00',
/* author */ (''),
/* organization */ (''),
/* preprocessor_version */ 'ST-DEVELOPER v20.1',
/* originating_system */ 'Autodesk Translation Framework v15.8.0.0',
/* authorisation */ '');

FILE_SCHEMA (('AUTOMOTIVE_DESIGN { 1 0 10303 214 3 1 1 }'));
ENDSEC;

DATA;
#10=MECHANICAL_DESIGN_GEOMETRIC_PRESENTATION_REPRESENTATION('',(#78,#79,
#80,#81,#82,#83,#84,#85),#3680);
#11=SHAPE_REPRESENTATION_RELATIONSHIP('SRR','None',#3686,#12);
#12=ADVANCED_BREP_SHAPE_REPRESENTATION('',(#13),#3679);
#13=MANIFOLD_SOLID_BREP('Body1',#1922);
#14=B_SPLINE_CURVE_WITH_KNOTS('',3,(#2945,#2946,#2947,#2948,#2949,#2950,
#2951,#2952,#2953,#2954,#2955,#2956,#2957,#2958,#2959,#2960,#2961,#2962,
#2963,#2964,#2965,#2966,#2967,#2968,#2969,#2970),.UNSPECIFIED.,.F.,.F.,
(4,2,2,2,2,2,2,2,2,2,2,2,4),(0.,0.0957962863578912,0.193658483333644,0.278782017196989,
0.351558126275448,0.413976151943935,0.472810836895893,0.531567811374089,
0.594459387873585,0.66956706837737,0.762853430511126,0.861454945473449,
0.92168273058761),.UNSPECIFIED.);
#15=B_SPLINE_CURVE_WITH_KNOTS('',3,(#2971,#2972,#2973,#2974,#2975,#2976),
 .UNSPECIFIED.,.F.,.F.,(4,1,1,4),(0.817261994132438,0.858299193652134,0.973124142491855,
1.08794909133157),.UNSPECIFIED.);
#16=B_SPLINE_CURVE_WITH_KNOTS('',3,(#2978,#2979,#2980,#2981,#2982,#2983,
#2984,#2985,#2986,#2987,#2988,#2989,#2990,#2991,#2992),.UNSPECIFIED.,.F.,
 .F.,(4,1,1,1,1,1,1,2,2,1,4),(-1.08794909133157,-0.973124142491855,-0.858299193652134,
-0.800886719232274,-0.772180482022344,-0.743474244812414,-0.628649295972694,
-0.513824347132974,-0.291606284024872,-0.116642513609949,0.),
 .UNSPECIFIED.);
#17=B_SPLINE_CURVE_WITH_KNOTS('',3,(#2995,#2996,#2997,#2998,#2999),
 .UNSPECIFIED.,.F.,.F.,(4,1,4),(0.,0.116642513609949,0.157557104285662),
 .UNSPECIFIED.);
#18=B_SPLINE_CURVE_WITH_KNOTS('',3,(#3060,#3061,#3062,#3063),
 .UNSPECIFIED.,.F.,.F.,(4,4),(0.,0.0136076661264466),.UNSPECIFIED.);
#19=B_SPLINE_CURVE_WITH_KNOTS('',3,(#3065,#3066,#3067,#3068,#3069,#3070,
#3071,#3072,#3073,#3074,#3075,#3076,#3077,#3078,#3079,#3080,#3081,#3082,
#3083,#3084,#3085,#3086,#3087,#3088,#3089,#3090,#3091,#3092,#3093,#3094),
 .UNSPECIFIED.,.F.,.F.,(4,2,2,2,2,2,2,2,2,2,2,2,2,2,4),(0.0136076661264466,
0.047612376879428,0.134126876542762,0.233609096000898,0.31878050734335,
0.389763966433358,0.450732951831605,0.504668655414439,0.56744427502588,
0.63053537774392,0.706314704202336,0.801592249913584,0.928869699229992,
0.968909231140158,0.999819283495044),.UNSPECIFIED.);
#20=B_SPLINE_CURVE_WITH_KNOTS('',3,(#3095,#3096,#3097,#3098,#3099,#3100),
 .UNSPECIFIED.,.F.,.F.,(4,1,1,4),(0.825940301199838,0.86614465835121,0.940079469344506,
1.0879490913311),.UNSPECIFIED.);
#21=B_SPLINE_CURVE_WITH_KNOTS('',3,(#3101,#3102,#3103,#3104,#3105,#3106,
#3107,#3108,#3109,#3110,#3111,#3112,#3113),.UNSPECIFIED.,.F.,.F.,(4,1,1,
2,1,1,2,1,4),(-1.0879490913311,-0.940079469344506,-0.86614465835121,-0.718275036364618,
-0.547607535428732,-0.462273784960789,-0.291606284024902,-0.116642513609961,
0.),.UNSPECIFIED.);
#22=B_SPLINE_CURVE_WITH_KNOTS('',3,(#3114,#3115,#3116,#3117,#3118),
 .UNSPECIFIED.,.F.,.F.,(4,1,4),(0.,0.116642513609961,0.26447982724135),
 .UNSPECIFIED.);
#23=B_SPLINE_CURVE_WITH_KNOTS('',3,(#3189,#3190,#3191,#3192,#3193,#3194,
#3195,#3196,#3197,#3198),.UNSPECIFIED.,.F.,.F.,(4,2,2,2,4),(0.,0.0686101004727404,
0.16527711494273,0.249455504218805,0.266469091826121),.UNSPECIFIED.);
#24=B_SPLINE_CURVE_WITH_KNOTS('',3,(#3200,#3201,#3202,#3203,#3204,#3205,
#3206,#3207,#3208,#3209,#3210,#3211,#3212,#3213,#3214,#3215,#3216,#3217,
#3218,#3219),.UNSPECIFIED.,.F.,.F.,(4,2,2,2,2,2,2,2,2,4),(0.266469091826121,
0.318579639440133,0.376532006565901,0.427396069804037,0.479929817845595,
0.535183097551931,0.597923746577149,0.676119208992042,0.776357025726306,
0.861599477474623),.UNSPECIFIED.);
#25=B_SPLINE_CURVE_WITH_KNOTS('',3,(#3220,#3221,#3222,#3223,#3224),
 .UNSPECIFIED.,.F.,.F.,(4,1,4),(0.930962243302627,0.987150828305236,1.08794909133015),
 .UNSPECIFIED.);
#26=B_SPLINE_CURVE_WITH_KNOTS('',3,(#3226,#3227,#3228,#3229,#3230,#3231,
#3232,#3233,#3234,#3235,#3236,#3237,#3238,#3239,#3240,#3241,#3242),
 .UNSPECIFIED.,.F.,.F.,(4,1,2,1,2,1,1,1,2,1,1,4),(-1.08794909133015,-0.987150828305236,
-0.886352565280317,-0.802313800822347,-0.718275036364377,-0.584941051258282,
-0.504940660194626,-0.424940269130969,-0.291606284024874,-0.145803142012437,
-0.0729015710062185,0.),.UNSPECIFIED.);
#27=B_SPLINE_CURVE_WITH_KNOTS('',3,(#3245,#3246,#3247,#3248,#3249,#3250),
 .UNSPECIFIED.,.F.,.F.,(4,1,1,4),(0.,0.0729015710062185,0.145803142012437,
0.273730436109574),.UNSPECIFIED.);
#28=B_SPLINE_CURVE_WITH_KNOTS('',3,(#3311,#3312,#3313,#3314,#3315,#3316,
#3317,#3318,#3319,#3320,#3321,#3322,#3323,#3324,#3325,#3326,#3327,#3328),
 .UNSPECIFIED.,.F.,.F.,(4,2,2,2,2,2,2,2,4),(0.,0.0927747764694141,0.183795629603105,
0.260858034768066,0.32402718698929,0.38006815574032,0.435315956774906,0.490173130931392,
0.523203758409472),.UNSPECIFIED.);
#29=B_SPLINE_CURVE_WITH_KNOTS('',3,(#3330,#3331,#3332,#3333,#3334,#3335,
#3336,#3337,#3338,#3339),.UNSPECIFIED.,.F.,.F.,(4,2,2,2,4),(0.523203758409472,
0.551716010140066,0.624259854918033,0.719183523955707,0.7943229776875),
 .UNSPECIFIED.);
#30=B_SPLINE_CURVE_WITH_KNOTS('',3,(#3340,#3341,#3342,#3343),
 .UNSPECIFIED.,.F.,.F.,(4,4),(0.921102861978295,1.08794909133115),
 .UNSPECIFIED.);
#31=B_SPLINE_CURVE_WITH_KNOTS('',3,(#3344,#3345,#3346,#3347,#3348,#3349,
#3350,#3351,#3352,#3353,#3354,#3355,#3356),.UNSPECIFIED.,.F.,.F.,(4,2,2,
2,2,1,4),(-1.08794909133115,-0.886352565280792,-0.718275036364541,-0.513824347132976,
-0.291606284024875,-0.145803142012437,0.),.UNSPECIFIED.);
#32=B_SPLINE_CURVE_WITH_KNOTS('',3,(#3357,#3358,#3359,#3360,#3361),
 .UNSPECIFIED.,.F.,.F.,(4,1,4),(0.,0.145803142012437,0.167359500353656),
 .UNSPECIFIED.);
#33=B_SPLINE_CURVE_WITH_KNOTS('',3,(#3404,#3405,#3406,#3407,#3408,#3409,
#3410,#3411,#3412,#3413,#3414,#3415,#3416,#3417,#3418,#3419,#3420,#3421,
#3422,#3423,#3424,#3425),.UNSPECIFIED.,.F.,.F.,(4,3,3,3,3,3,3,4),(0.,0.155421298761406,
0.310842597522813,0.466263896284219,0.621685195045625,0.777106493807032,
0.932527792568438,1.08794909132984),.UNSPECIFIED.);
#34=B_SPLINE_CURVE_WITH_KNOTS('',3,(#3472,#3473,#3474,#3475,#3476,#3477,
#3478,#3479,#3480,#3481,#3482,#3483,#3484,#3485,#3486,#3487,#3488,#3489,
#3490,#3491,#3492,#3493),.UNSPECIFIED.,.F.,.F.,(4,3,3,3,3,3,3,4),(0.,0.155421298761631,
0.310842597523262,0.466263896284893,0.621685195046524,0.777106493808155,
0.932527792569786,1.08794909133142),.UNSPECIFIED.);
#35=B_SPLINE_CURVE_WITH_KNOTS('',3,(#3555,#3556,#3557,#3558,#3559,#3560,
#3561,#3562,#3563,#3564,#3565,#3566,#3567,#3568,#3569,#3570,#3571,#3572,
#3573,#3574,#3575,#3576),.UNSPECIFIED.,.F.,.F.,(4,3,3,3,3,3,3,4),(0.,0.155421298761721,
0.310842597523443,0.466263896285164,0.621685195046886,0.777106493808607,
0.932527792570328,1.08794909133205),.UNSPECIFIED.);
#36=B_SPLINE_CURVE_WITH_KNOTS('',3,(#3580,#3581,#3582,#3583,#3584,#3585,
#3586,#3587,#3588,#3589,#3590,#3591,#3592,#3593,#3594,#3595,#3596,#3597,
#3598,#3599,#3600,#3601),.UNSPECIFIED.,.F.,.F.,(4,3,3,3,3,3,3,4),(0.,0.155421298761561,
0.310842597523122,0.466263896284683,0.621685195046244,0.777106493807805,
0.932527792569366,1.08794909133093),.UNSPECIFIED.);
#37=B_SPLINE_SURFACE_WITH_KNOTS('',3,3,((#2883,#2884,#2885,#2886,#2887,
#2888,#2889,#2890,#2891,#2892,#2893,#2894,#2895,#2896,#2897),(#2898,#2899,
#2900,#2901,#2902,#2903,#2904,#2905,#2906,#2907,#2908,#2909,#2910,#2911,
#2912),(#2913,#2914,#2915,#2916,#2917,#2918,#2919,#2920,#2921,#2922,#2923,
#2924,#2925,#2926,#2927),(#2928,#2929,#2930,#2931,#2932,#2933,#2934,#2935,
#2936,#2937,#2938,#2939,#2940,#2941,#2942)),.UNSPECIFIED.,.F.,.F.,.F.,(4,
4),(4,1,2,2,1,1,1,1,1,1,4),(0.,1.),(0.,0.116642513609949,0.291606284024872,
0.513824347132974,0.628649295972694,0.743474244812414,0.772180482022344,
0.800886719232274,0.858299193652134,0.973124142491855,1.08794909133157),
 .UNSPECIFIED.);
#38=B_SPLINE_SURFACE_WITH_KNOTS('',3,3,((#3006,#3007,#3008,#3009,#3010,
#3011,#3012,#3013,#3014,#3015,#3016,#3017,#3018),(#3019,#3020,#3021,#3022,
#3023,#3024,#3025,#3026,#3027,#3028,#3029,#3030,#3031),(#3032,#3033,#3034,
#3035,#3036,#3037,#3038,#3039,#3040,#3041,#3042,#3043,#3044),(#3045,#3046,
#3047,#3048,#3049,#3050,#3051,#3052,#3053,#3054,#3055,#3056,#3057)),
 .UNSPECIFIED.,.F.,.F.,.F.,(4,4),(4,1,2,1,1,2,1,1,4),(0.,1.),(0.,0.116642513609961,
0.291606284024902,0.462273784960789,0.547607535428732,0.718275036364618,
0.86614465835121,0.940079469344506,1.0879490913311),.UNSPECIFIED.);
#39=B_SPLINE_SURFACE_WITH_KNOTS('',3,3,((#3119,#3120,#3121,#3122,#3123,
#3124,#3125,#3126,#3127,#3128,#3129,#3130,#3131,#3132,#3133,#3134,#3135),
(#3136,#3137,#3138,#3139,#3140,#3141,#3142,#3143,#3144,#3145,#3146,#3147,
#3148,#3149,#3150,#3151,#3152),(#3153,#3154,#3155,#3156,#3157,#3158,#3159,
#3160,#3161,#3162,#3163,#3164,#3165,#3166,#3167,#3168,#3169),(#3170,#3171,
#3172,#3173,#3174,#3175,#3176,#3177,#3178,#3179,#3180,#3181,#3182,#3183,
#3184,#3185,#3186)),.UNSPECIFIED.,.F.,.F.,.F.,(4,4),(4,1,1,2,1,1,1,2,1,
2,1,4),(0.,1.),(0.,0.0729015710062185,0.145803142012437,0.291606284024874,
0.424940269130969,0.504940660194626,0.584941051258282,0.718275036364377,
0.802313800822347,0.886352565280317,0.987150828305236,1.08794909133015),
 .UNSPECIFIED.);
#40=B_SPLINE_SURFACE_WITH_KNOTS('',3,3,((#3257,#3258,#3259,#3260,#3261,
#3262,#3263,#3264,#3265,#3266,#3267,#3268,#3269),(#3270,#3271,#3272,#3273,
#3274,#3275,#3276,#3277,#3278,#3279,#3280,#3281,#3282),(#3283,#3284,#3285,
#3286,#3287,#3288,#3289,#3290,#3291,#3292,#3293,#3294,#3295),(#3296,#3297,
#3298,#3299,#3300,#3301,#3302,#3303,#3304,#3305,#3306,#3307,#3308)),
 .UNSPECIFIED.,.F.,.F.,.F.,(4,4),(4,1,2,2,2,2,4),(0.,1.),(0.,0.145803142012437,
0.291606284024875,0.513824347132976,0.718275036364541,0.886352565280792,
1.08794909133115),.UNSPECIFIED.);
#41=B_SPLINE_SURFACE_WITH_KNOTS('',3,3,((#3362,#3363,#3364,#3365),(#3366,
#3367,#3368,#3369),(#3370,#3371,#3372,#3373),(#3374,#3375,#3376,#3377),
(#3378,#3379,#3380,#3381),(#3382,#3383,#3384,#3385),(#3386,#3387,#3388,
#3389),(#3390,#3391,#3392,#3393),(#3394,#3395,#3396,#3397),(#3398,#3399,
#3400,#3401)),.UNSPECIFIED.,.F.,.F.,.F.,(4,1,1,1,1,1,1,4),(4,4),(0.,0.142857142857143,
0.285714285714286,0.428571428571429,0.571428571428571,0.714285714285714,
0.857142857142857,1.),(0.5,1.3),.UNSPECIFIED.);
#42=B_SPLINE_SURFACE_WITH_KNOTS('',3,3,((#3430,#3431,#3432,#3433),(#3434,
#3435,#3436,#3437),(#3438,#3439,#3440,#3441),(#3442,#3443,#3444,#3445),
(#3446,#3447,#3448,#3449),(#3450,#3451,#3452,#3453),(#3454,#3455,#3456,
#3457),(#3458,#3459,#3460,#3461),(#3462,#3463,#3464,#3465),(#3466,#3467,
#3468,#3469)),.UNSPECIFIED.,.F.,.F.,.F.,(4,1,1,1,1,1,1,4),(4,4),(0.,0.142857142857143,
0.285714285714286,0.428571428571429,0.571428571428571,0.714285714285714,
0.857142857142857,1.),(0.5,1.3),.UNSPECIFIED.);
#43=B_SPLINE_SURFACE_WITH_KNOTS('',3,3,((#3513,#3514,#3515,#3516),(#3517,
#3518,#3519,#3520),(#3521,#3522,#3523,#3524),(#3525,#3526,#3527,#3528),
(#3529,#3530,#3531,#3532),(#3533,#3534,#3535,#3536),(#3537,#3538,#3539,
#3540),(#3541,#3542,#3543,#3544),(#3545,#3546,#3547,#3548),(#3549,#3550,
#3551,#3552)),.UNSPECIFIED.,.F.,.F.,.F.,(4,1,1,1,1,1,1,4),(4,4),(0.,0.142857142857143,
0.285714285714286,0.428571428571429,0.571428571428571,0.714285714285714,
0.857142857142857,1.),(0.5,1.3),.UNSPECIFIED.);
#44=B_SPLINE_SURFACE_WITH_KNOTS('',3,3,((#3616,#3617,#3618,#3619),(#3620,
#3621,#3622,#3623),(#3624,#3625,#3626,#3627),(#3628,#3629,#3630,#3631),
(#3632,#3633,#3634,#3635),(#3636,#3637,#3638,#3639),(#3640,#3641,#3642,
#3643),(#3644,#3645,#3646,#3647),(#3648,#3649,#3650,#3651),(#3652,#3653,
#3654,#3655)),.UNSPECIFIED.,.F.,.F.,.F.,(4,1,1,1,1,1,1,4),(4,4),(0.,0.142857142857143,
0.285714285714286,0.428571428571429,0.571428571428571,0.714285714285714,
0.857142857142857,1.),(0.5,1.3),.UNSPECIFIED.);
#45=CIRCLE('',#1993,3.);
#46=CIRCLE('',#1996,3.);
#47=CIRCLE('',#2007,1.45);
#48=CIRCLE('',#2008,1.45);
#49=CIRCLE('',#2010,1.45);
#50=CIRCLE('',#2011,1.45);
#51=CIRCLE('',#2012,1.45);
#52=CIRCLE('',#2013,1.45);
#53=CIRCLE('',#2015,1.45);
#54=CIRCLE('',#2017,1.45);
#55=CIRCLE('',#2018,1.45);
#56=CYLINDRICAL_SURFACE('',#1992,3.);
#57=CYLINDRICAL_SURFACE('',#1995,3.);
#58=CYLINDRICAL_SURFACE('',#2006,1.45);
#59=CYLINDRICAL_SURFACE('',#2014,1.45);
#60=CYLINDRICAL_SURFACE('',#2024,1.45);
#61=CYLINDRICAL_SURFACE('',#2025,1.45);
#62=ELLIPSE('',#1990,4.24264068711929,3.);
#63=ELLIPSE('',#1991,4.24264068711929,3.);
#64=FACE_BOUND('',#215,.T.);
#65=FACE_BOUND('',#255,.T.);
#66=FACE_BOUND('',#256,.T.);
#67=FACE_BOUND('',#257,.T.);
#68=FACE_BOUND('',#258,.T.);
#69=FACE_BOUND('',#259,.T.);
#70=FACE_BOUND('',#260,.T.);
#71=FACE_BOUND('',#261,.T.);
#72=FACE_BOUND('',#281,.T.);
#73=FACE_BOUND('',#282,.T.);
#74=FACE_BOUND('',#283,.T.);
#75=FACE_BOUND('',#284,.T.);
#76=FACE_BOUND('',#285,.T.);
#77=FACE_BOUND('',#289,.T.);
#78=STYLED_ITEM('',(#3697),#1828);
#79=STYLED_ITEM('',(#3698),#1842);
#80=STYLED_ITEM('',(#3699),#1854);
#81=STYLED_ITEM('',(#3697),#1859);
#82=STYLED_ITEM('',(#3697),#1864);
#83=STYLED_ITEM('',(#3700),#1877);
#84=STYLED_ITEM('',(#3701),#1886);
#85=STYLED_ITEM('',(#3696),#13);
#86=FACE_OUTER_BOUND('',#184,.T.);
#87=FACE_OUTER_BOUND('',#185,.T.);
#88=FACE_OUTER_BOUND('',#186,.T.);
#89=FACE_OUTER_BOUND('',#187,.T.);
#90=FACE_OUTER_BOUND('',#188,.T.);
#91=FACE_OUTER_BOUND('',#189,.T.);
#92=FACE_OUTER_BOUND('',#190,.T.);
#93=FACE_OUTER_BOUND('',#191,.T.);
#94=FACE_OUTER_BOUND('',#192,.T.);
#95=FACE_OUTER_BOUND('',#193,.T.);
#96=FACE_OUTER_BOUND('',#194,.T.);
#97=FACE_OUTER_BOUND('',#195,.T.);
#98=FACE_OUTER_BOUND('',#196,.T.);
#99=FACE_OUTER_BOUND('',#197,.T.);
#100=FACE_OUTER_BOUND('',#198,.T.);
#101=FACE_OUTER_BOUND('',#199,.T.);
#102=FACE_OUTER_BOUND('',#200,.T.);
#103=FACE_OUTER_BOUND('',#201,.T.);
#104=FACE_OUTER_BOUND('',#202,.T.);
#105=FACE_OUTER_BOUND('',#203,.T.);
#106=FACE_OUTER_BOUND('',#204,.T.);
#107=FACE_OUTER_BOUND('',#205,.T.);
#108=FACE_OUTER_BOUND('',#206,.T.);
#109=FACE_OUTER_BOUND('',#207,.T.);
#110=FACE_OUTER_BOUND('',#208,.T.);
#111=FACE_OUTER_BOUND('',#209,.T.);
#112=FACE_OUTER_BOUND('',#210,.T.);
#113=FACE_OUTER_BOUND('',#211,.T.);
#114=FACE_OUTER_BOUND('',#212,.T.);
#115=FACE_OUTER_BOUND('',#213,.T.);
#116=FACE_OUTER_BOUND('',#214,.T.);
#117=FACE_OUTER_BOUND('',#216,.T.);
#118=FACE_OUTER_BOUND('',#217,.T.);
#119=FACE_OUTER_BOUND('',#218,.T.);
#120=FACE_OUTER_BOUND('',#219,.T.);
#121=FACE_OUTER_BOUND('',#220,.T.);
#122=FACE_OUTER_BOUND('',#221,.T.);
#123=FACE_OUTER_BOUND('',#222,.T.);
#124=FACE_OUTER_BOUND('',#223,.T.);
#125=FACE_OUTER_BOUND('',#224,.T.);
#126=FACE_OUTER_BOUND('',#225,.T.);
#127=FACE_OUTER_BOUND('',#226,.T.);
#128=FACE_OUTER_BOUND('',#227,.T.);
#129=FACE_OUTER_BOUND('',#228,.T.);
#130=FACE_OUTER_BOUND('',#229,.T.);
#131=FACE_OUTER_BOUND('',#230,.T.);
#132=FACE_OUTER_BOUND('',#231,.T.);
#133=FACE_OUTER_BOUND('',#232,.T.);
#134=FACE_OUTER_BOUND('',#233,.T.);
#135=FACE_OUTER_BOUND('',#234,.T.);
#136=FACE_OUTER_BOUND('',#235,.T.);
#137=FACE_OUTER_BOUND('',#236,.T.);
#138=FACE_OUTER_BOUND('',#237,.T.);
#139=FACE_OUTER_BOUND('',#238,.T.);
#140=FACE_OUTER_BOUND('',#239,.T.);
#141=FACE_OUTER_BOUND('',#240,.T.);
#142=FACE_OUTER_BOUND('',#241,.T.);
#143=FACE_OUTER_BOUND('',#242,.T.);
#144=FACE_OUTER_BOUND('',#243,.T.);
#145=FACE_OUTER_BOUND('',#244,.T.);
#146=FACE_OUTER_BOUND('',#245,.T.);
#147=FACE_OUTER_BOUND('',#246,.T.);
#148=FACE_OUTER_BOUND('',#247,.T.);
#149=FACE_OUTER_BOUND('',#248,.T.);
#150=FACE_OUTER_BOUND('',#249,.T.);
#151=FACE_OUTER_BOUND('',#250,.T.);
#152=FACE_OUTER_BOUND('',#251,.T.);
#153=FACE_OUTER_BOUND('',#252,.T.);
#154=FACE_OUTER_BOUND('',#253,.T.);
#155=FACE_OUTER_BOUND('',#254,.T.);
#156=FACE_OUTER_BOUND('',#262,.T.);
#157=FACE_OUTER_BOUND('',#263,.T.);
#158=FACE_OUTER_BOUND('',#264,.T.);
#159=FACE_OUTER_BOUND('',#265,.T.);
#160=FACE_OUTER_BOUND('',#266,.T.);
#161=FACE_OUTER_BOUND('',#267,.T.);
#162=FACE_OUTER_BOUND('',#268,.T.);
#163=FACE_OUTER_BOUND('',#269,.T.);
#164=FACE_OUTER_BOUND('',#270,.T.);
#165=FACE_OUTER_BOUND('',#271,.T.);
#166=FACE_OUTER_BOUND('',#272,.T.);
#167=FACE_OUTER_BOUND('',#273,.T.);
#168=FACE_OUTER_BOUND('',#274,.T.);
#169=FACE_OUTER_BOUND('',#275,.T.);
#170=FACE_OUTER_BOUND('',#276,.T.);
#171=FACE_OUTER_BOUND('',#277,.T.);
#172=FACE_OUTER_BOUND('',#278,.T.);
#173=FACE_OUTER_BOUND('',#279,.T.);
#174=FACE_OUTER_BOUND('',#280,.T.);
#175=FACE_OUTER_BOUND('',#286,.T.);
#176=FACE_OUTER_BOUND('',#287,.T.);
#177=FACE_OUTER_BOUND('',#288,.T.);
#178=FACE_OUTER_BOUND('',#290,.T.);
#179=FACE_OUTER_BOUND('',#291,.T.);
#180=FACE_OUTER_BOUND('',#292,.T.);
#181=FACE_OUTER_BOUND('',#293,.T.);
#182=FACE_OUTER_BOUND('',#294,.T.);
#183=FACE_OUTER_BOUND('',#295,.T.);
#184=EDGE_LOOP('',(#1204,#1205,#1206,#1207));
#185=EDGE_LOOP('',(#1208,#1209,#1210,#1211));
#186=EDGE_LOOP('',(#1212,#1213,#1214,#1215));
#187=EDGE_LOOP('',(#1216,#1217,#1218,#1219));
#188=EDGE_LOOP('',(#1220,#1221,#1222,#1223));
#189=EDGE_LOOP('',(#1224,#1225,#1226,#1227));
#190=EDGE_LOOP('',(#1228,#1229,#1230,#1231));
#191=EDGE_LOOP('',(#1232,#1233,#1234,#1235));
#192=EDGE_LOOP('',(#1236,#1237,#1238,#1239));
#193=EDGE_LOOP('',(#1240,#1241,#1242,#1243));
#194=EDGE_LOOP('',(#1244,#1245,#1246,#1247));
#195=EDGE_LOOP('',(#1248,#1249,#1250,#1251));
#196=EDGE_LOOP('',(#1252,#1253,#1254,#1255));
#197=EDGE_LOOP('',(#1256,#1257,#1258,#1259));
#198=EDGE_LOOP('',(#1260,#1261,#1262,#1263));
#199=EDGE_LOOP('',(#1264,#1265,#1266,#1267));
#200=EDGE_LOOP('',(#1268,#1269,#1270,#1271));
#201=EDGE_LOOP('',(#1272,#1273,#1274,#1275));
#202=EDGE_LOOP('',(#1276,#1277,#1278,#1279,#1280,#1281,#1282,#1283,#1284,
#1285,#1286,#1287,#1288));
#203=EDGE_LOOP('',(#1289,#1290,#1291,#1292));
#204=EDGE_LOOP('',(#1293,#1294,#1295,#1296));
#205=EDGE_LOOP('',(#1297,#1298,#1299,#1300));
#206=EDGE_LOOP('',(#1301,#1302,#1303,#1304));
#207=EDGE_LOOP('',(#1305,#1306,#1307,#1308));
#208=EDGE_LOOP('',(#1309,#1310,#1311,#1312));
#209=EDGE_LOOP('',(#1313,#1314,#1315,#1316));
#210=EDGE_LOOP('',(#1317,#1318,#1319,#1320));
#211=EDGE_LOOP('',(#1321,#1322,#1323,#1324));
#212=EDGE_LOOP('',(#1325,#1326,#1327,#1328));
#213=EDGE_LOOP('',(#1329,#1330,#1331,#1332));
#214=EDGE_LOOP('',(#1333,#1334,#1335,#1336,#1337,#1338,#1339,#1340));
#215=EDGE_LOOP('',(#1341,#1342,#1343));
#216=EDGE_LOOP('',(#1344,#1345,#1346,#1347));
#217=EDGE_LOOP('',(#1348,#1349,#1350,#1351));
#218=EDGE_LOOP('',(#1352,#1353,#1354,#1355));
#219=EDGE_LOOP('',(#1356,#1357,#1358,#1359));
#220=EDGE_LOOP('',(#1360,#1361,#1362,#1363));
#221=EDGE_LOOP('',(#1364,#1365,#1366,#1367));
#222=EDGE_LOOP('',(#1368,#1369,#1370,#1371));
#223=EDGE_LOOP('',(#1372,#1373,#1374,#1375));
#224=EDGE_LOOP('',(#1376,#1377,#1378,#1379));
#225=EDGE_LOOP('',(#1380,#1381,#1382,#1383));
#226=EDGE_LOOP('',(#1384,#1385,#1386,#1387));
#227=EDGE_LOOP('',(#1388,#1389,#1390,#1391));
#228=EDGE_LOOP('',(#1392,#1393,#1394,#1395));
#229=EDGE_LOOP('',(#1396,#1397,#1398,#1399));
#230=EDGE_LOOP('',(#1400,#1401,#1402,#1403));
#231=EDGE_LOOP('',(#1404,#1405,#1406,#1407));
#232=EDGE_LOOP('',(#1408,#1409,#1410,#1411));
#233=EDGE_LOOP('',(#1412,#1413,#1414,#1415));
#234=EDGE_LOOP('',(#1416,#1417,#1418,#1419));
#235=EDGE_LOOP('',(#1420,#1421,#1422,#1423));
#236=EDGE_LOOP('',(#1424,#1425,#1426,#1427));
#237=EDGE_LOOP('',(#1428,#1429,#1430,#1431));
#238=EDGE_LOOP('',(#1432,#1433,#1434,#1435,#1436,#1437,#1438,#1439,#1440,
#1441,#1442,#1443));
#239=EDGE_LOOP('',(#1444,#1445,#1446,#1447));
#240=EDGE_LOOP('',(#1448,#1449,#1450,#1451));
#241=EDGE_LOOP('',(#1452,#1453,#1454,#1455));
#242=EDGE_LOOP('',(#1456,#1457,#1458,#1459));
#243=EDGE_LOOP('',(#1460,#1461,#1462,#1463));
#244=EDGE_LOOP('',(#1464,#1465,#1466,#1467));
#245=EDGE_LOOP('',(#1468,#1469,#1470,#1471));
#246=EDGE_LOOP('',(#1472,#1473,#1474,#1475));
#247=EDGE_LOOP('',(#1476,#1477,#1478,#1479,#1480,#1481,#1482,#1483));
#248=EDGE_LOOP('',(#1484,#1485,#1486));
#249=EDGE_LOOP('',(#1487,#1488,#1489,#1490));
#250=EDGE_LOOP('',(#1491,#1492,#1493,#1494,#1495,#1496,#1497,#1498,#1499,
#1500));
#251=EDGE_LOOP('',(#1501,#1502,#1503,#1504));
#252=EDGE_LOOP('',(#1505,#1506,#1507,#1508,#1509,#1510));
#253=EDGE_LOOP('',(#1511,#1512,#1513,#1514));
#254=EDGE_LOOP('',(#1515,#1516,#1517,#1518,#1519,#1520,#1521,#1522));
#255=EDGE_LOOP('',(#1523,#1524,#1525,#1526,#1527,#1528,#1529,#1530));
#256=EDGE_LOOP('',(#1531,#1532,#1533,#1534,#1535,#1536,#1537,#1538,#1539,
#1540,#1541,#1542));
#257=EDGE_LOOP('',(#1543,#1544,#1545,#1546));
#258=EDGE_LOOP('',(#1547,#1548,#1549,#1550));
#259=EDGE_LOOP('',(#1551,#1552,#1553,#1554,#1555,#1556,#1557,#1558));
#260=EDGE_LOOP('',(#1559,#1560,#1561,#1562,#1563,#1564,#1565,#1566,#1567,
#1568,#1569,#1570,#1571));
#261=EDGE_LOOP('',(#1572,#1573,#1574,#1575));
#262=EDGE_LOOP('',(#1576,#1577,#1578,#1579));
#263=EDGE_LOOP('',(#1580,#1581,#1582,#1583,#1584,#1585));
#264=EDGE_LOOP('',(#1586,#1587,#1588,#1589,#1590,#1591));
#265=EDGE_LOOP('',(#1592,#1593,#1594,#1595));
#266=EDGE_LOOP('',(#1596,#1597,#1598,#1599,#1600,#1601));
#267=EDGE_LOOP('',(#1602,#1603,#1604,#1605));
#268=EDGE_LOOP('',(#1606,#1607,#1608,#1609,#1610,#1611,#1612));
#269=EDGE_LOOP('',(#1613,#1614,#1615,#1616,#1617,#1618,#1619));
#270=EDGE_LOOP('',(#1620,#1621,#1622,#1623));
#271=EDGE_LOOP('',(#1624,#1625,#1626,#1627,#1628,#1629,#1630));
#272=EDGE_LOOP('',(#1631,#1632,#1633,#1634));
#273=EDGE_LOOP('',(#1635,#1636,#1637,#1638));
#274=EDGE_LOOP('',(#1639,#1640,#1641,#1642));
#275=EDGE_LOOP('',(#1643,#1644,#1645,#1646));
#276=EDGE_LOOP('',(#1647,#1648,#1649,#1650,#1651,#1652));
#277=EDGE_LOOP('',(#1653,#1654,#1655,#1656,#1657,#1658,#1659,#1660,#1661,
#1662,#1663,#1664,#1665,#1666,#1667,#1668,#1669));
#278=EDGE_LOOP('',(#1670,#1671,#1672,#1673,#1674,#1675));
#279=EDGE_LOOP('',(#1676,#1677,#1678,#1679));
#280=EDGE_LOOP('',(#1680,#1681,#1682,#1683,#1684,#1685,#1686,#1687));
#281=EDGE_LOOP('',(#1688));
#282=EDGE_LOOP('',(#1689));
#283=EDGE_LOOP('',(#1690));
#284=EDGE_LOOP('',(#1691));
#285=EDGE_LOOP('',(#1692,#1693,#1694,#1695));
#286=EDGE_LOOP('',(#1696,#1697,#1698,#1699));
#287=EDGE_LOOP('',(#1700,#1701,#1702,#1703));
#288=EDGE_LOOP('',(#1704,#1705,#1706,#1707));
#289=EDGE_LOOP('',(#1708,#1709,#1710,#1711));
#290=EDGE_LOOP('',(#1712,#1713,#1714,#1715));
#291=EDGE_LOOP('',(#1716,#1717,#1718,#1719));
#292=EDGE_LOOP('',(#1720,#1721,#1722,#1723));
#293=EDGE_LOOP('',(#1724,#1725,#1726,#1727,#1728,#1729));
#294=EDGE_LOOP('',(#1730,#1731,#1732,#1733,#1734,#1735));
#295=EDGE_LOOP('',(#1736,#1737,#1738,#1739));
#296=LINE('',#2471,#528);
#297=LINE('',#2473,#529);
#298=LINE('',#2475,#530);
#299=LINE('',#2476,#531);
#300=LINE('',#2479,#532);
#301=LINE('',#2481,#533);
#302=LINE('',#2482,#534);
#303=LINE('',#2485,#535);
#304=LINE('',#2487,#536);
#305=LINE('',#2488,#537);
#306=LINE('',#2490,#538);
#307=LINE('',#2491,#539);
#308=LINE('',#2496,#540);
#309=LINE('',#2498,#541);
#310=LINE('',#2500,#542);
#311=LINE('',#2501,#543);
#312=LINE('',#2504,#544);
#313=LINE('',#2506,#545);
#314=LINE('',#2507,#546);
#315=LINE('',#2510,#547);
#316=LINE('',#2512,#548);
#317=LINE('',#2513,#549);
#318=LINE('',#2516,#550);
#319=LINE('',#2518,#551);
#320=LINE('',#2519,#552);
#321=LINE('',#2522,#553);
#322=LINE('',#2524,#554);
#323=LINE('',#2525,#555);
#324=LINE('',#2528,#556);
#325=LINE('',#2530,#557);
#326=LINE('',#2531,#558);
#327=LINE('',#2534,#559);
#328=LINE('',#2536,#560);
#329=LINE('',#2537,#561);
#330=LINE('',#2540,#562);
#331=LINE('',#2542,#563);
#332=LINE('',#2543,#564);
#333=LINE('',#2546,#565);
#334=LINE('',#2548,#566);
#335=LINE('',#2549,#567);
#336=LINE('',#2552,#568);
#337=LINE('',#2554,#569);
#338=LINE('',#2555,#570);
#339=LINE('',#2558,#571);
#340=LINE('',#2560,#572);
#341=LINE('',#2561,#573);
#342=LINE('',#2564,#574);
#343=LINE('',#2566,#575);
#344=LINE('',#2567,#576);
#345=LINE('',#2569,#577);
#346=LINE('',#2570,#578);
#347=LINE('',#2575,#579);
#348=LINE('',#2577,#580);
#349=LINE('',#2579,#581);
#350=LINE('',#2580,#582);
#351=LINE('',#2583,#583);
#352=LINE('',#2585,#584);
#353=LINE('',#2586,#585);
#354=LINE('',#2588,#586);
#355=LINE('',#2589,#587);
#356=LINE('',#2593,#588);
#357=LINE('',#2595,#589);
#358=LINE('',#2597,#590);
#359=LINE('',#2598,#591);
#360=LINE('',#2601,#592);
#361=LINE('',#2603,#593);
#362=LINE('',#2604,#594);
#363=LINE('',#2607,#595);
#364=LINE('',#2609,#596);
#365=LINE('',#2610,#597);
#366=LINE('',#2613,#598);
#367=LINE('',#2615,#599);
#368=LINE('',#2616,#600);
#369=LINE('',#2619,#601);
#370=LINE('',#2621,#602);
#371=LINE('',#2622,#603);
#372=LINE('',#2625,#604);
#373=LINE('',#2627,#605);
#374=LINE('',#2628,#606);
#375=LINE('',#2631,#607);
#376=LINE('',#2633,#608);
#377=LINE('',#2634,#609);
#378=LINE('',#2636,#610);
#379=LINE('',#2637,#611);
#380=LINE('',#2642,#612);
#381=LINE('',#2644,#613);
#382=LINE('',#2646,#614);
#383=LINE('',#2647,#615);
#384=LINE('',#2650,#616);
#385=LINE('',#2652,#617);
#386=LINE('',#2653,#618);
#387=LINE('',#2656,#619);
#388=LINE('',#2658,#620);
#389=LINE('',#2659,#621);
#390=LINE('',#2661,#622);
#391=LINE('',#2662,#623);
#392=LINE('',#2667,#624);
#393=LINE('',#2669,#625);
#394=LINE('',#2671,#626);
#395=LINE('',#2672,#627);
#396=LINE('',#2675,#628);
#397=LINE('',#2677,#629);
#398=LINE('',#2678,#630);
#399=LINE('',#2681,#631);
#400=LINE('',#2683,#632);
#401=LINE('',#2684,#633);
#402=LINE('',#2686,#634);
#403=LINE('',#2687,#635);
#404=LINE('',#2692,#636);
#405=LINE('',#2694,#637);
#406=LINE('',#2696,#638);
#407=LINE('',#2697,#639);
#408=LINE('',#2700,#640);
#409=LINE('',#2702,#641);
#410=LINE('',#2703,#642);
#411=LINE('',#2706,#643);
#412=LINE('',#2708,#644);
#413=LINE('',#2709,#645);
#414=LINE('',#2712,#646);
#415=LINE('',#2714,#647);
#416=LINE('',#2715,#648);
#417=LINE('',#2718,#649);
#418=LINE('',#2720,#650);
#419=LINE('',#2721,#651);
#420=LINE('',#2724,#652);
#421=LINE('',#2726,#653);
#422=LINE('',#2727,#654);
#423=LINE('',#2730,#655);
#424=LINE('',#2732,#656);
#425=LINE('',#2733,#657);
#426=LINE('',#2736,#658);
#427=LINE('',#2738,#659);
#428=LINE('',#2739,#660);
#429=LINE('',#2742,#661);
#430=LINE('',#2744,#662);
#431=LINE('',#2745,#663);
#432=LINE('',#2748,#664);
#433=LINE('',#2750,#665);
#434=LINE('',#2751,#666);
#435=LINE('',#2754,#667);
#436=LINE('',#2756,#668);
#437=LINE('',#2757,#669);
#438=LINE('',#2759,#670);
#439=LINE('',#2760,#671);
#440=LINE('',#2765,#672);
#441=LINE('',#2767,#673);
#442=LINE('',#2769,#674);
#443=LINE('',#2770,#675);
#444=LINE('',#2773,#676);
#445=LINE('',#2775,#677);
#446=LINE('',#2776,#678);
#447=LINE('',#2779,#679);
#448=LINE('',#2781,#680);
#449=LINE('',#2782,#681);
#450=LINE('',#2785,#682);
#451=LINE('',#2787,#683);
#452=LINE('',#2788,#684);
#453=LINE('',#2791,#685);
#454=LINE('',#2793,#686);
#455=LINE('',#2794,#687);
#456=LINE('',#2797,#688);
#457=LINE('',#2799,#689);
#458=LINE('',#2800,#690);
#459=LINE('',#2803,#691);
#460=LINE('',#2805,#692);
#461=LINE('',#2806,#693);
#462=LINE('',#2808,#694);
#463=LINE('',#2809,#695);
#464=LINE('',#2815,#696);
#465=LINE('',#2817,#697);
#466=LINE('',#2819,#698);
#467=LINE('',#2820,#699);
#468=LINE('',#2825,#700);
#469=LINE('',#2827,#701);
#470=LINE('',#2831,#702);
#471=LINE('',#2833,#703);
#472=LINE('',#2835,#704);
#473=LINE('',#2837,#705);
#474=LINE('',#2838,#706);
#475=LINE('',#2841,#707);
#476=LINE('',#2844,#708);
#477=LINE('',#2847,#709);
#478=LINE('',#2849,#710);
#479=LINE('',#2850,#711);
#480=LINE('',#2853,#712);
#481=LINE('',#2856,#713);
#482=LINE('',#2859,#714);
#483=LINE('',#2861,#715);
#484=LINE('',#2862,#716);
#485=LINE('',#2863,#717);
#486=LINE('',#2866,#718);
#487=LINE('',#2867,#719);
#488=LINE('',#2870,#720);
#489=LINE('',#2871,#721);
#490=LINE('',#2873,#722);
#491=LINE('',#2877,#723);
#492=LINE('',#2879,#724);
#493=LINE('',#2881,#725);
#494=LINE('',#2882,#726);
#495=LINE('',#2994,#727);
#496=LINE('',#3003,#728);
#497=LINE('',#3004,#729);
#498=LINE('',#3005,#730);
#499=LINE('',#3244,#731);
#500=LINE('',#3254,#732);
#501=LINE('',#3255,#733);
#502=LINE('',#3256,#734);
#503=LINE('',#3403,#735);
#504=LINE('',#3428,#736);
#505=LINE('',#3429,#737);
#506=LINE('',#3471,#738);
#507=LINE('',#3496,#739);
#508=LINE('',#3497,#740);
#509=LINE('',#3501,#741);
#510=LINE('',#3512,#742);
#511=LINE('',#3554,#743);
#512=LINE('',#3579,#744);
#513=LINE('',#3608,#745);
#514=LINE('',#3610,#746);
#515=LINE('',#3612,#747);
#516=LINE('',#3613,#748);
#517=LINE('',#3615,#749);
#518=LINE('',#3659,#750);
#519=LINE('',#3660,#751);
#520=LINE('',#3661,#752);
#521=LINE('',#3664,#753);
#522=LINE('',#3665,#754);
#523=LINE('',#3668,#755);
#524=LINE('',#3669,#756);
#525=LINE('',#3671,#757);
#526=LINE('',#3673,#758);
#527=LINE('',#3675,#759);
#528=VECTOR('',#2031,10.);
#529=VECTOR('',#2032,10.);
#530=VECTOR('',#2033,10.);
#531=VECTOR('',#2034,10.);
#532=VECTOR('',#2037,10.);
#533=VECTOR('',#2038,10.);
#534=VECTOR('',#2039,10.);
#535=VECTOR('',#2042,10.);
#536=VECTOR('',#2043,10.);
#537=VECTOR('',#2044,10.);
#538=VECTOR('',#2047,10.);
#539=VECTOR('',#2048,10.);
#540=VECTOR('',#2053,10.);
#541=VECTOR('',#2054,10.);
#542=VECTOR('',#2055,10.);
#543=VECTOR('',#2056,10.);
#544=VECTOR('',#2059,10.);
#545=VECTOR('',#2060,10.);
#546=VECTOR('',#2061,10.);
#547=VECTOR('',#2064,10.);
#548=VECTOR('',#2065,10.);
#549=VECTOR('',#2066,10.);
#550=VECTOR('',#2069,10.);
#551=VECTOR('',#2070,10.);
#552=VECTOR('',#2071,10.);
#553=VECTOR('',#2074,10.);
#554=VECTOR('',#2075,10.);
#555=VECTOR('',#2076,10.);
#556=VECTOR('',#2079,10.);
#557=VECTOR('',#2080,10.);
#558=VECTOR('',#2081,10.);
#559=VECTOR('',#2084,10.);
#560=VECTOR('',#2085,10.);
#561=VECTOR('',#2086,10.);
#562=VECTOR('',#2089,10.);
#563=VECTOR('',#2090,10.);
#564=VECTOR('',#2091,10.);
#565=VECTOR('',#2094,10.);
#566=VECTOR('',#2095,10.);
#567=VECTOR('',#2096,10.);
#568=VECTOR('',#2099,10.);
#569=VECTOR('',#2100,10.);
#570=VECTOR('',#2101,10.);
#571=VECTOR('',#2104,10.);
#572=VECTOR('',#2105,10.);
#573=VECTOR('',#2106,10.);
#574=VECTOR('',#2109,10.);
#575=VECTOR('',#2110,10.);
#576=VECTOR('',#2111,10.);
#577=VECTOR('',#2114,10.);
#578=VECTOR('',#2115,10.);
#579=VECTOR('',#2120,10.);
#580=VECTOR('',#2121,10.);
#581=VECTOR('',#2122,10.);
#582=VECTOR('',#2123,10.);
#583=VECTOR('',#2126,10.);
#584=VECTOR('',#2127,10.);
#585=VECTOR('',#2128,10.);
#586=VECTOR('',#2131,10.);
#587=VECTOR('',#2132,10.);
#588=VECTOR('',#2135,10.);
#589=VECTOR('',#2136,10.);
#590=VECTOR('',#2137,10.);
#591=VECTOR('',#2138,10.);
#592=VECTOR('',#2141,10.);
#593=VECTOR('',#2142,10.);
#594=VECTOR('',#2143,10.);
#595=VECTOR('',#2146,10.);
#596=VECTOR('',#2147,10.);
#597=VECTOR('',#2148,10.);
#598=VECTOR('',#2151,10.);
#599=VECTOR('',#2152,10.);
#600=VECTOR('',#2153,10.);
#601=VECTOR('',#2156,10.);
#602=VECTOR('',#2157,10.);
#603=VECTOR('',#2158,10.);
#604=VECTOR('',#2161,10.);
#605=VECTOR('',#2162,10.);
#606=VECTOR('',#2163,10.);
#607=VECTOR('',#2166,10.);
#608=VECTOR('',#2167,10.);
#609=VECTOR('',#2168,10.);
#610=VECTOR('',#2171,10.);
#611=VECTOR('',#2172,10.);
#612=VECTOR('',#2177,10.);
#613=VECTOR('',#2178,10.);
#614=VECTOR('',#2179,10.);
#615=VECTOR('',#2180,10.);
#616=VECTOR('',#2183,10.);
#617=VECTOR('',#2184,10.);
#618=VECTOR('',#2185,10.);
#619=VECTOR('',#2188,10.);
#620=VECTOR('',#2189,10.);
#621=VECTOR('',#2190,10.);
#622=VECTOR('',#2193,10.);
#623=VECTOR('',#2194,10.);
#624=VECTOR('',#2199,10.);
#625=VECTOR('',#2200,10.);
#626=VECTOR('',#2201,10.);
#627=VECTOR('',#2202,10.);
#628=VECTOR('',#2205,10.);
#629=VECTOR('',#2206,10.);
#630=VECTOR('',#2207,10.);
#631=VECTOR('',#2210,10.);
#632=VECTOR('',#2211,10.);
#633=VECTOR('',#2212,10.);
#634=VECTOR('',#2215,10.);
#635=VECTOR('',#2216,10.);
#636=VECTOR('',#2221,10.);
#637=VECTOR('',#2222,10.);
#638=VECTOR('',#2223,10.);
#639=VECTOR('',#2224,10.);
#640=VECTOR('',#2227,10.);
#641=VECTOR('',#2228,10.);
#642=VECTOR('',#2229,10.);
#643=VECTOR('',#2232,10.);
#644=VECTOR('',#2233,10.);
#645=VECTOR('',#2234,10.);
#646=VECTOR('',#2237,10.);
#647=VECTOR('',#2238,10.);
#648=VECTOR('',#2239,10.);
#649=VECTOR('',#2242,10.);
#650=VECTOR('',#2243,10.);
#651=VECTOR('',#2244,10.);
#652=VECTOR('',#2247,10.);
#653=VECTOR('',#2248,10.);
#654=VECTOR('',#2249,10.);
#655=VECTOR('',#2252,10.);
#656=VECTOR('',#2253,10.);
#657=VECTOR('',#2254,10.);
#658=VECTOR('',#2257,10.);
#659=VECTOR('',#2258,10.);
#660=VECTOR('',#2259,10.);
#661=VECTOR('',#2262,10.);
#662=VECTOR('',#2263,10.);
#663=VECTOR('',#2264,10.);
#664=VECTOR('',#2267,10.);
#665=VECTOR('',#2268,10.);
#666=VECTOR('',#2269,10.);
#667=VECTOR('',#2272,10.);
#668=VECTOR('',#2273,10.);
#669=VECTOR('',#2274,10.);
#670=VECTOR('',#2277,10.);
#671=VECTOR('',#2278,10.);
#672=VECTOR('',#2283,10.);
#673=VECTOR('',#2284,10.);
#674=VECTOR('',#2285,10.);
#675=VECTOR('',#2286,10.);
#676=VECTOR('',#2289,10.);
#677=VECTOR('',#2290,10.);
#678=VECTOR('',#2291,10.);
#679=VECTOR('',#2294,10.);
#680=VECTOR('',#2295,10.);
#681=VECTOR('',#2296,10.);
#682=VECTOR('',#2299,10.);
#683=VECTOR('',#2300,10.);
#684=VECTOR('',#2301,10.);
#685=VECTOR('',#2304,10.);
#686=VECTOR('',#2305,10.);
#687=VECTOR('',#2306,10.);
#688=VECTOR('',#2309,10.);
#689=VECTOR('',#2310,10.);
#690=VECTOR('',#2311,10.);
#691=VECTOR('',#2314,10.);
#692=VECTOR('',#2315,10.);
#693=VECTOR('',#2316,10.);
#694=VECTOR('',#2319,10.);
#695=VECTOR('',#2320,10.);
#696=VECTOR('',#2327,10.);
#697=VECTOR('',#2328,10.);
#698=VECTOR('',#2329,10.);
#699=VECTOR('',#2330,10.);
#700=VECTOR('',#2335,10.);
#701=VECTOR('',#2336,10.);
#702=VECTOR('',#2339,10.);
#703=VECTOR('',#2340,10.);
#704=VECTOR('',#2341,10.);
#705=VECTOR('',#2342,10.);
#706=VECTOR('',#2343,10.);
#707=VECTOR('',#2346,10.);
#708=VECTOR('',#2349,10.);
#709=VECTOR('',#2352,10.);
#710=VECTOR('',#2353,10.);
#711=VECTOR('',#2354,10.);
#712=VECTOR('',#2357,10.);
#713=VECTOR('',#2360,10.);
#714=VECTOR('',#2363,10.);
#715=VECTOR('',#2364,10.);
#716=VECTOR('',#2365,10.);
#717=VECTOR('',#2366,10.);
#718=VECTOR('',#2369,10.);
#719=VECTOR('',#2370,10.);
#720=VECTOR('',#2373,10.);
#721=VECTOR('',#2374,10.);
#722=VECTOR('',#2377,10.);
#723=VECTOR('',#2380,10.);
#724=VECTOR('',#2381,10.);
#725=VECTOR('',#2382,10.);
#726=VECTOR('',#2383,10.);
#727=VECTOR('',#2384,10.);
#728=VECTOR('',#2387,10.);
#729=VECTOR('',#2388,10.);
#730=VECTOR('',#2389,10.);
#731=VECTOR('',#2390,10.);
#732=VECTOR('',#2393,10.);
#733=VECTOR('',#2394,10.);
#734=VECTOR('',#2395,10.);
#735=VECTOR('',#2396,10.);
#736=VECTOR('',#2399,10.);
#737=VECTOR('',#2400,10.);
#738=VECTOR('',#2401,10.);
#739=VECTOR('',#2404,10.);
#740=VECTOR('',#2405,10.);
#741=VECTOR('',#2410,1.45);
#742=VECTOR('',#2427,1.45);
#743=VECTOR('',#2428,10.);
#744=VECTOR('',#2431,10.);
#745=VECTOR('',#2436,10.);
#746=VECTOR('',#2437,10.);
#747=VECTOR('',#2438,10.);
#748=VECTOR('',#2439,10.);
#749=VECTOR('',#2442,10.);
#750=VECTOR('',#2445,10.);
#751=VECTOR('',#2446,10.);
#752=VECTOR('',#2447,10.);
#753=VECTOR('',#2450,10.);
#754=VECTOR('',#2451,10.);
#755=VECTOR('',#2454,10.);
#756=VECTOR('',#2455,10.);
#757=VECTOR('',#2458,10.);
#758=VECTOR('',#2461,1.45);
#759=VECTOR('',#2464,1.45);
#760=VERTEX_POINT('',#2469);
#761=VERTEX_POINT('',#2470);
#762=VERTEX_POINT('',#2472);
#763=VERTEX_POINT('',#2474);
#764=VERTEX_POINT('',#2478);
#765=VERTEX_POINT('',#2480);
#766=VERTEX_POINT('',#2484);
#767=VERTEX_POINT('',#2486);
#768=VERTEX_POINT('',#2494);
#769=VERTEX_POINT('',#2495);
#770=VERTEX_POINT('',#2497);
#771=VERTEX_POINT('',#2499);
#772=VERTEX_POINT('',#2503);
#773=VERTEX_POINT('',#2505);
#774=VERTEX_POINT('',#2509);
#775=VERTEX_POINT('',#2511);
#776=VERTEX_POINT('',#2515);
#777=VERTEX_POINT('',#2517);
#778=VERTEX_POINT('',#2521);
#779=VERTEX_POINT('',#2523);
#780=VERTEX_POINT('',#2527);
#781=VERTEX_POINT('',#2529);
#782=VERTEX_POINT('',#2533);
#783=VERTEX_POINT('',#2535);
#784=VERTEX_POINT('',#2539);
#785=VERTEX_POINT('',#2541);
#786=VERTEX_POINT('',#2545);
#787=VERTEX_POINT('',#2547);
#788=VERTEX_POINT('',#2551);
#789=VERTEX_POINT('',#2553);
#790=VERTEX_POINT('',#2557);
#791=VERTEX_POINT('',#2559);
#792=VERTEX_POINT('',#2563);
#793=VERTEX_POINT('',#2565);
#794=VERTEX_POINT('',#2573);
#795=VERTEX_POINT('',#2574);
#796=VERTEX_POINT('',#2576);
#797=VERTEX_POINT('',#2578);
#798=VERTEX_POINT('',#2582);
#799=VERTEX_POINT('',#2584);
#800=VERTEX_POINT('',#2591);
#801=VERTEX_POINT('',#2592);
#802=VERTEX_POINT('',#2594);
#803=VERTEX_POINT('',#2596);
#804=VERTEX_POINT('',#2600);
#805=VERTEX_POINT('',#2602);
#806=VERTEX_POINT('',#2606);
#807=VERTEX_POINT('',#2608);
#808=VERTEX_POINT('',#2612);
#809=VERTEX_POINT('',#2614);
#810=VERTEX_POINT('',#2618);
#811=VERTEX_POINT('',#2620);
#812=VERTEX_POINT('',#2624);
#813=VERTEX_POINT('',#2626);
#814=VERTEX_POINT('',#2630);
#815=VERTEX_POINT('',#2632);
#816=VERTEX_POINT('',#2640);
#817=VERTEX_POINT('',#2641);
#818=VERTEX_POINT('',#2643);
#819=VERTEX_POINT('',#2645);
#820=VERTEX_POINT('',#2649);
#821=VERTEX_POINT('',#2651);
#822=VERTEX_POINT('',#2655);
#823=VERTEX_POINT('',#2657);
#824=VERTEX_POINT('',#2665);
#825=VERTEX_POINT('',#2666);
#826=VERTEX_POINT('',#2668);
#827=VERTEX_POINT('',#2670);
#828=VERTEX_POINT('',#2674);
#829=VERTEX_POINT('',#2676);
#830=VERTEX_POINT('',#2680);
#831=VERTEX_POINT('',#2682);
#832=VERTEX_POINT('',#2690);
#833=VERTEX_POINT('',#2691);
#834=VERTEX_POINT('',#2693);
#835=VERTEX_POINT('',#2695);
#836=VERTEX_POINT('',#2699);
#837=VERTEX_POINT('',#2701);
#838=VERTEX_POINT('',#2705);
#839=VERTEX_POINT('',#2707);
#840=VERTEX_POINT('',#2711);
#841=VERTEX_POINT('',#2713);
#842=VERTEX_POINT('',#2717);
#843=VERTEX_POINT('',#2719);
#844=VERTEX_POINT('',#2723);
#845=VERTEX_POINT('',#2725);
#846=VERTEX_POINT('',#2729);
#847=VERTEX_POINT('',#2731);
#848=VERTEX_POINT('',#2735);
#849=VERTEX_POINT('',#2737);
#850=VERTEX_POINT('',#2741);
#851=VERTEX_POINT('',#2743);
#852=VERTEX_POINT('',#2747);
#853=VERTEX_POINT('',#2749);
#854=VERTEX_POINT('',#2753);
#855=VERTEX_POINT('',#2755);
#856=VERTEX_POINT('',#2763);
#857=VERTEX_POINT('',#2764);
#858=VERTEX_POINT('',#2766);
#859=VERTEX_POINT('',#2768);
#860=VERTEX_POINT('',#2772);
#861=VERTEX_POINT('',#2774);
#862=VERTEX_POINT('',#2778);
#863=VERTEX_POINT('',#2780);
#864=VERTEX_POINT('',#2784);
#865=VERTEX_POINT('',#2786);
#866=VERTEX_POINT('',#2790);
#867=VERTEX_POINT('',#2792);
#868=VERTEX_POINT('',#2796);
#869=VERTEX_POINT('',#2798);
#870=VERTEX_POINT('',#2802);
#871=VERTEX_POINT('',#2804);
#872=VERTEX_POINT('',#2813);
#873=VERTEX_POINT('',#2814);
#874=VERTEX_POINT('',#2816);
#875=VERTEX_POINT('',#2818);
#876=VERTEX_POINT('',#2822);
#877=VERTEX_POINT('',#2823);
#878=VERTEX_POINT('',#2826);
#879=VERTEX_POINT('',#2828);
#880=VERTEX_POINT('',#2830);
#881=VERTEX_POINT('',#2832);
#882=VERTEX_POINT('',#2834);
#883=VERTEX_POINT('',#2836);
#884=VERTEX_POINT('',#2840);
#885=VERTEX_POINT('',#2842);
#886=VERTEX_POINT('',#2846);
#887=VERTEX_POINT('',#2848);
#888=VERTEX_POINT('',#2852);
#889=VERTEX_POINT('',#2854);
#890=VERTEX_POINT('',#2858);
#891=VERTEX_POINT('',#2860);
#892=VERTEX_POINT('',#2865);
#893=VERTEX_POINT('',#2869);
#894=VERTEX_POINT('',#2875);
#895=VERTEX_POINT('',#2876);
#896=VERTEX_POINT('',#2878);
#897=VERTEX_POINT('',#2880);
#898=VERTEX_POINT('',#2943);
#899=VERTEX_POINT('',#2944);
#900=VERTEX_POINT('',#2977);
#901=VERTEX_POINT('',#2993);
#902=VERTEX_POINT('',#3001);
#903=VERTEX_POINT('',#3002);
#904=VERTEX_POINT('',#3058);
#905=VERTEX_POINT('',#3059);
#906=VERTEX_POINT('',#3064);
#907=VERTEX_POINT('',#3187);
#908=VERTEX_POINT('',#3188);
#909=VERTEX_POINT('',#3199);
#910=VERTEX_POINT('',#3225);
#911=VERTEX_POINT('',#3243);
#912=VERTEX_POINT('',#3252);
#913=VERTEX_POINT('',#3253);
#914=VERTEX_POINT('',#3309);
#915=VERTEX_POINT('',#3310);
#916=VERTEX_POINT('',#3329);
#917=VERTEX_POINT('',#3402);
#918=VERTEX_POINT('',#3427);
#919=VERTEX_POINT('',#3470);
#920=VERTEX_POINT('',#3495);
#921=VERTEX_POINT('',#3499);
#922=VERTEX_POINT('',#3505);
#923=VERTEX_POINT('',#3510);
#924=VERTEX_POINT('',#3553);
#925=VERTEX_POINT('',#3578);
#926=VERTEX_POINT('',#3602);
#927=VERTEX_POINT('',#3604);
#928=VERTEX_POINT('',#3606);
#929=VERTEX_POINT('',#3607);
#930=VERTEX_POINT('',#3609);
#931=VERTEX_POINT('',#3611);
#932=VERTEX_POINT('',#3657);
#933=VERTEX_POINT('',#3658);
#934=VERTEX_POINT('',#3663);
#935=VERTEX_POINT('',#3667);
#936=EDGE_CURVE('',#760,#761,#296,.T.);
#937=EDGE_CURVE('',#760,#762,#297,.T.);
#938=EDGE_CURVE('',#762,#763,#298,.T.);
#939=EDGE_CURVE('',#761,#763,#299,.T.);
#940=EDGE_CURVE('',#764,#760,#300,.T.);
#941=EDGE_CURVE('',#764,#765,#301,.T.);
#942=EDGE_CURVE('',#765,#762,#302,.T.);
#943=EDGE_CURVE('',#766,#764,#303,.T.);
#944=EDGE_CURVE('',#766,#767,#304,.T.);
#945=EDGE_CURVE('',#767,#765,#305,.T.);
#946=EDGE_CURVE('',#761,#766,#306,.T.);
#947=EDGE_CURVE('',#763,#767,#307,.T.);
#948=EDGE_CURVE('',#768,#769,#308,.T.);
#949=EDGE_CURVE('',#768,#770,#309,.T.);
#950=EDGE_CURVE('',#770,#771,#310,.T.);
#951=EDGE_CURVE('',#769,#771,#311,.T.);
#952=EDGE_CURVE('',#772,#768,#312,.T.);
#953=EDGE_CURVE('',#772,#773,#313,.T.);
#954=EDGE_CURVE('',#773,#770,#314,.T.);
#955=EDGE_CURVE('',#774,#772,#315,.T.);
#956=EDGE_CURVE('',#774,#775,#316,.T.);
#957=EDGE_CURVE('',#775,#773,#317,.T.);
#958=EDGE_CURVE('',#776,#774,#318,.T.);
#959=EDGE_CURVE('',#776,#777,#319,.T.);
#960=EDGE_CURVE('',#777,#775,#320,.T.);
#961=EDGE_CURVE('',#778,#776,#321,.T.);
#962=EDGE_CURVE('',#778,#779,#322,.T.);
#963=EDGE_CURVE('',#779,#777,#323,.T.);
#964=EDGE_CURVE('',#780,#778,#324,.T.);
#965=EDGE_CURVE('',#780,#781,#325,.T.);
#966=EDGE_CURVE('',#781,#779,#326,.T.);
#967=EDGE_CURVE('',#782,#780,#327,.T.);
#968=EDGE_CURVE('',#782,#783,#328,.T.);
#969=EDGE_CURVE('',#783,#781,#329,.T.);
#970=EDGE_CURVE('',#784,#782,#330,.T.);
#971=EDGE_CURVE('',#784,#785,#331,.T.);
#972=EDGE_CURVE('',#785,#783,#332,.T.);
#973=EDGE_CURVE('',#786,#784,#333,.T.);
#974=EDGE_CURVE('',#786,#787,#334,.T.);
#975=EDGE_CURVE('',#787,#785,#335,.T.);
#976=EDGE_CURVE('',#788,#786,#336,.T.);
#977=EDGE_CURVE('',#788,#789,#337,.T.);
#978=EDGE_CURVE('',#789,#787,#338,.T.);
#979=EDGE_CURVE('',#790,#788,#339,.T.);
#980=EDGE_CURVE('',#790,#791,#340,.T.);
#981=EDGE_CURVE('',#791,#789,#341,.T.);
#982=EDGE_CURVE('',#792,#790,#342,.T.);
#983=EDGE_CURVE('',#792,#793,#343,.T.);
#984=EDGE_CURVE('',#793,#791,#344,.T.);
#985=EDGE_CURVE('',#769,#792,#345,.T.);
#986=EDGE_CURVE('',#771,#793,#346,.T.);
#987=EDGE_CURVE('',#794,#795,#347,.T.);
#988=EDGE_CURVE('',#794,#796,#348,.T.);
#989=EDGE_CURVE('',#796,#797,#349,.T.);
#990=EDGE_CURVE('',#795,#797,#350,.T.);
#991=EDGE_CURVE('',#798,#794,#351,.T.);
#992=EDGE_CURVE('',#798,#799,#352,.T.);
#993=EDGE_CURVE('',#799,#796,#353,.T.);
#994=EDGE_CURVE('',#795,#798,#354,.T.);
#995=EDGE_CURVE('',#797,#799,#355,.T.);
#996=EDGE_CURVE('',#800,#801,#356,.T.);
#997=EDGE_CURVE('',#800,#802,#357,.T.);
#998=EDGE_CURVE('',#802,#803,#358,.T.);
#999=EDGE_CURVE('',#801,#803,#359,.T.);
#1000=EDGE_CURVE('',#804,#800,#360,.T.);
#1001=EDGE_CURVE('',#804,#805,#361,.T.);
#1002=EDGE_CURVE('',#805,#802,#362,.T.);
#1003=EDGE_CURVE('',#806,#804,#363,.T.);
#1004=EDGE_CURVE('',#806,#807,#364,.T.);
#1005=EDGE_CURVE('',#807,#805,#365,.T.);
#1006=EDGE_CURVE('',#808,#806,#366,.T.);
#1007=EDGE_CURVE('',#808,#809,#367,.T.);
#1008=EDGE_CURVE('',#809,#807,#368,.T.);
#1009=EDGE_CURVE('',#810,#808,#369,.T.);
#1010=EDGE_CURVE('',#810,#811,#370,.T.);
#1011=EDGE_CURVE('',#811,#809,#371,.T.);
#1012=EDGE_CURVE('',#812,#810,#372,.T.);
#1013=EDGE_CURVE('',#812,#813,#373,.T.);
#1014=EDGE_CURVE('',#813,#811,#374,.T.);
#1015=EDGE_CURVE('',#814,#812,#375,.T.);
#1016=EDGE_CURVE('',#814,#815,#376,.T.);
#1017=EDGE_CURVE('',#815,#813,#377,.T.);
#1018=EDGE_CURVE('',#801,#814,#378,.T.);
#1019=EDGE_CURVE('',#803,#815,#379,.T.);
#1020=EDGE_CURVE('',#816,#817,#380,.T.);
#1021=EDGE_CURVE('',#816,#818,#381,.T.);
#1022=EDGE_CURVE('',#818,#819,#382,.T.);
#1023=EDGE_CURVE('',#817,#819,#383,.T.);
#1024=EDGE_CURVE('',#820,#816,#384,.T.);
#1025=EDGE_CURVE('',#820,#821,#385,.T.);
#1026=EDGE_CURVE('',#821,#818,#386,.T.);
#1027=EDGE_CURVE('',#822,#820,#387,.T.);
#1028=EDGE_CURVE('',#822,#823,#388,.T.);
#1029=EDGE_CURVE('',#823,#821,#389,.T.);
#1030=EDGE_CURVE('',#817,#822,#390,.T.);
#1031=EDGE_CURVE('',#819,#823,#391,.T.);
#1032=EDGE_CURVE('',#824,#825,#392,.T.);
#1033=EDGE_CURVE('',#824,#826,#393,.T.);
#1034=EDGE_CURVE('',#826,#827,#394,.T.);
#1035=EDGE_CURVE('',#825,#827,#395,.T.);
#1036=EDGE_CURVE('',#828,#824,#396,.T.);
#1037=EDGE_CURVE('',#828,#829,#397,.T.);
#1038=EDGE_CURVE('',#829,#826,#398,.T.);
#1039=EDGE_CURVE('',#830,#828,#399,.T.);
#1040=EDGE_CURVE('',#830,#831,#400,.T.);
#1041=EDGE_CURVE('',#831,#829,#401,.T.);
#1042=EDGE_CURVE('',#825,#830,#402,.T.);
#1043=EDGE_CURVE('',#827,#831,#403,.T.);
#1044=EDGE_CURVE('',#832,#833,#404,.T.);
#1045=EDGE_CURVE('',#832,#834,#405,.T.);
#1046=EDGE_CURVE('',#834,#835,#406,.T.);
#1047=EDGE_CURVE('',#833,#835,#407,.T.);
#1048=EDGE_CURVE('',#836,#832,#408,.T.);
#1049=EDGE_CURVE('',#836,#837,#409,.T.);
#1050=EDGE_CURVE('',#837,#834,#410,.T.);
#1051=EDGE_CURVE('',#838,#836,#411,.T.);
#1052=EDGE_CURVE('',#838,#839,#412,.T.);
#1053=EDGE_CURVE('',#839,#837,#413,.T.);
#1054=EDGE_CURVE('',#840,#838,#414,.T.);
#1055=EDGE_CURVE('',#840,#841,#415,.T.);
#1056=EDGE_CURVE('',#841,#839,#416,.T.);
#1057=EDGE_CURVE('',#842,#840,#417,.T.);
#1058=EDGE_CURVE('',#842,#843,#418,.T.);
#1059=EDGE_CURVE('',#843,#841,#419,.T.);
#1060=EDGE_CURVE('',#844,#842,#420,.T.);
#1061=EDGE_CURVE('',#844,#845,#421,.T.);
#1062=EDGE_CURVE('',#845,#843,#422,.T.);
#1063=EDGE_CURVE('',#846,#844,#423,.T.);
#1064=EDGE_CURVE('',#846,#847,#424,.T.);
#1065=EDGE_CURVE('',#847,#845,#425,.T.);
#1066=EDGE_CURVE('',#848,#846,#426,.T.);
#1067=EDGE_CURVE('',#848,#849,#427,.T.);
#1068=EDGE_CURVE('',#849,#847,#428,.T.);
#1069=EDGE_CURVE('',#850,#848,#429,.T.);
#1070=EDGE_CURVE('',#850,#851,#430,.T.);
#1071=EDGE_CURVE('',#851,#849,#431,.T.);
#1072=EDGE_CURVE('',#852,#850,#432,.T.);
#1073=EDGE_CURVE('',#852,#853,#433,.T.);
#1074=EDGE_CURVE('',#853,#851,#434,.T.);
#1075=EDGE_CURVE('',#854,#852,#435,.T.);
#1076=EDGE_CURVE('',#854,#855,#436,.T.);
#1077=EDGE_CURVE('',#855,#853,#437,.T.);
#1078=EDGE_CURVE('',#833,#854,#438,.T.);
#1079=EDGE_CURVE('',#835,#855,#439,.T.);
#1080=EDGE_CURVE('',#856,#857,#440,.T.);
#1081=EDGE_CURVE('',#856,#858,#441,.T.);
#1082=EDGE_CURVE('',#858,#859,#442,.T.);
#1083=EDGE_CURVE('',#857,#859,#443,.T.);
#1084=EDGE_CURVE('',#860,#856,#444,.T.);
#1085=EDGE_CURVE('',#860,#861,#445,.T.);
#1086=EDGE_CURVE('',#861,#858,#446,.T.);
#1087=EDGE_CURVE('',#862,#860,#447,.T.);
#1088=EDGE_CURVE('',#862,#863,#448,.T.);
#1089=EDGE_CURVE('',#863,#861,#449,.T.);
#1090=EDGE_CURVE('',#864,#862,#450,.T.);
#1091=EDGE_CURVE('',#864,#865,#451,.T.);
#1092=EDGE_CURVE('',#865,#863,#452,.T.);
#1093=EDGE_CURVE('',#866,#864,#453,.T.);
#1094=EDGE_CURVE('',#866,#867,#454,.T.);
#1095=EDGE_CURVE('',#867,#865,#455,.T.);
#1096=EDGE_CURVE('',#868,#866,#456,.T.);
#1097=EDGE_CURVE('',#868,#869,#457,.T.);
#1098=EDGE_CURVE('',#869,#867,#458,.T.);
#1099=EDGE_CURVE('',#870,#868,#459,.T.);
#1100=EDGE_CURVE('',#870,#871,#460,.T.);
#1101=EDGE_CURVE('',#871,#869,#461,.T.);
#1102=EDGE_CURVE('',#857,#870,#462,.T.);
#1103=EDGE_CURVE('',#859,#871,#463,.T.);
#1104=EDGE_CURVE('',#872,#873,#464,.F.);
#1105=EDGE_CURVE('',#873,#874,#465,.T.);
#1106=EDGE_CURVE('',#875,#874,#466,.T.);
#1107=EDGE_CURVE('',#875,#872,#467,.T.);
#1108=EDGE_CURVE('',#876,#877,#62,.T.);
#1109=EDGE_CURVE('',#872,#876,#468,.T.);
#1110=EDGE_CURVE('',#878,#875,#469,.T.);
#1111=EDGE_CURVE('',#879,#878,#63,.T.);
#1112=EDGE_CURVE('',#879,#880,#470,.T.);
#1113=EDGE_CURVE('',#880,#881,#471,.T.);
#1114=EDGE_CURVE('',#881,#882,#472,.T.);
#1115=EDGE_CURVE('',#883,#882,#473,.T.);
#1116=EDGE_CURVE('',#883,#877,#474,.T.);
#1117=EDGE_CURVE('',#877,#884,#475,.T.);
#1118=EDGE_CURVE('',#884,#885,#45,.F.);
#1119=EDGE_CURVE('',#885,#876,#476,.T.);
#1120=EDGE_CURVE('',#885,#886,#477,.T.);
#1121=EDGE_CURVE('',#887,#886,#478,.T.);
#1122=EDGE_CURVE('',#873,#887,#479,.T.);
#1123=EDGE_CURVE('',#878,#888,#480,.T.);
#1124=EDGE_CURVE('',#888,#889,#46,.F.);
#1125=EDGE_CURVE('',#889,#879,#481,.T.);
#1126=EDGE_CURVE('',#890,#883,#482,.T.);
#1127=EDGE_CURVE('',#891,#890,#483,.T.);
#1128=EDGE_CURVE('',#880,#891,#484,.T.);
#1129=EDGE_CURVE('',#889,#884,#485,.T.);
#1130=EDGE_CURVE('',#892,#887,#486,.T.);
#1131=EDGE_CURVE('',#874,#892,#487,.T.);
#1132=EDGE_CURVE('',#893,#892,#488,.T.);
#1133=EDGE_CURVE('',#888,#893,#489,.T.);
#1134=EDGE_CURVE('',#886,#893,#490,.T.);
#1135=EDGE_CURVE('',#894,#895,#491,.T.);
#1136=EDGE_CURVE('',#895,#896,#492,.T.);
#1137=EDGE_CURVE('',#896,#897,#493,.T.);
#1138=EDGE_CURVE('',#897,#894,#494,.T.);
#1139=EDGE_CURVE('',#898,#899,#14,.T.);
#1140=EDGE_CURVE('',#899,#895,#15,.T.);
#1141=EDGE_CURVE('',#894,#900,#16,.T.);
#1142=EDGE_CURVE('',#900,#901,#495,.T.);
#1143=EDGE_CURVE('',#901,#898,#17,.T.);
#1144=EDGE_CURVE('',#902,#903,#496,.T.);
#1145=EDGE_CURVE('',#903,#901,#497,.T.);
#1146=EDGE_CURVE('',#900,#902,#498,.T.);
#1147=EDGE_CURVE('',#904,#905,#18,.T.);
#1148=EDGE_CURVE('',#905,#906,#19,.T.);
#1149=EDGE_CURVE('',#906,#903,#20,.T.);
#1150=EDGE_CURVE('',#902,#883,#21,.T.);
#1151=EDGE_CURVE('',#882,#904,#22,.T.);
#1152=EDGE_CURVE('',#907,#908,#23,.T.);
#1153=EDGE_CURVE('',#908,#909,#24,.T.);
#1154=EDGE_CURVE('',#909,#881,#25,.T.);
#1155=EDGE_CURVE('',#880,#910,#26,.T.);
#1156=EDGE_CURVE('',#910,#911,#499,.T.);
#1157=EDGE_CURVE('',#911,#907,#27,.T.);
#1158=EDGE_CURVE('',#912,#913,#500,.T.);
#1159=EDGE_CURVE('',#913,#911,#501,.T.);
#1160=EDGE_CURVE('',#910,#912,#502,.T.);
#1161=EDGE_CURVE('',#914,#915,#28,.T.);
#1162=EDGE_CURVE('',#915,#916,#29,.T.);
#1163=EDGE_CURVE('',#916,#913,#30,.T.);
#1164=EDGE_CURVE('',#912,#897,#31,.T.);
#1165=EDGE_CURVE('',#896,#914,#32,.T.);
#1166=EDGE_CURVE('',#902,#917,#503,.T.);
#1167=EDGE_CURVE('',#917,#890,#33,.T.);
#1168=EDGE_CURVE('',#918,#900,#504,.T.);
#1169=EDGE_CURVE('',#917,#918,#505,.T.);
#1170=EDGE_CURVE('',#894,#919,#506,.T.);
#1171=EDGE_CURVE('',#919,#918,#34,.T.);
#1172=EDGE_CURVE('',#920,#897,#507,.T.);
#1173=EDGE_CURVE('',#919,#920,#508,.T.);
#1174=EDGE_CURVE('',#921,#921,#47,.T.);
#1175=EDGE_CURVE('',#921,#908,#509,.T.);
#1176=EDGE_CURVE('',#907,#909,#48,.T.);
#1177=EDGE_CURVE('',#914,#916,#49,.T.);
#1178=EDGE_CURVE('',#922,#899,#50,.T.);
#1179=EDGE_CURVE('',#898,#922,#51,.T.);
#1180=EDGE_CURVE('',#904,#906,#52,.T.);
#1181=EDGE_CURVE('',#923,#923,#53,.T.);
#1182=EDGE_CURVE('',#923,#915,#510,.T.);
#1183=EDGE_CURVE('',#912,#924,#511,.T.);
#1184=EDGE_CURVE('',#924,#920,#35,.T.);
#1185=EDGE_CURVE('',#924,#925,#512,.T.);
#1186=EDGE_CURVE('',#891,#925,#36,.T.);
#1187=EDGE_CURVE('',#926,#926,#54,.T.);
#1188=EDGE_CURVE('',#927,#927,#55,.T.);
#1189=EDGE_CURVE('',#928,#929,#513,.T.);
#1190=EDGE_CURVE('',#929,#930,#514,.T.);
#1191=EDGE_CURVE('',#930,#931,#515,.T.);
#1192=EDGE_CURVE('',#931,#928,#516,.T.);
#1193=EDGE_CURVE('',#925,#910,#517,.T.);
#1194=EDGE_CURVE('',#932,#933,#518,.T.);
#1195=EDGE_CURVE('',#932,#931,#519,.T.);
#1196=EDGE_CURVE('',#933,#930,#520,.T.);
#1197=EDGE_CURVE('',#934,#932,#521,.T.);
#1198=EDGE_CURVE('',#934,#928,#522,.T.);
#1199=EDGE_CURVE('',#933,#935,#523,.T.);
#1200=EDGE_CURVE('',#935,#929,#524,.T.);
#1201=EDGE_CURVE('',#935,#934,#525,.T.);
#1202=EDGE_CURVE('',#926,#905,#526,.T.);
#1203=EDGE_CURVE('',#927,#922,#527,.T.);
#1204=ORIENTED_EDGE('',*,*,#936,.F.);
#1205=ORIENTED_EDGE('',*,*,#937,.T.);
#1206=ORIENTED_EDGE('',*,*,#938,.T.);
#1207=ORIENTED_EDGE('',*,*,#939,.F.);
#1208=ORIENTED_EDGE('',*,*,#940,.F.);
#1209=ORIENTED_EDGE('',*,*,#941,.T.);
#1210=ORIENTED_EDGE('',*,*,#942,.T.);
#1211=ORIENTED_EDGE('',*,*,#937,.F.);
#1212=ORIENTED_EDGE('',*,*,#943,.F.);
#1213=ORIENTED_EDGE('',*,*,#944,.T.);
#1214=ORIENTED_EDGE('',*,*,#945,.T.);
#1215=ORIENTED_EDGE('',*,*,#941,.F.);
#1216=ORIENTED_EDGE('',*,*,#946,.F.);
#1217=ORIENTED_EDGE('',*,*,#939,.T.);
#1218=ORIENTED_EDGE('',*,*,#947,.T.);
#1219=ORIENTED_EDGE('',*,*,#944,.F.);
#1220=ORIENTED_EDGE('',*,*,#947,.F.);
#1221=ORIENTED_EDGE('',*,*,#938,.F.);
#1222=ORIENTED_EDGE('',*,*,#942,.F.);
#1223=ORIENTED_EDGE('',*,*,#945,.F.);
#1224=ORIENTED_EDGE('',*,*,#948,.F.);
#1225=ORIENTED_EDGE('',*,*,#949,.T.);
#1226=ORIENTED_EDGE('',*,*,#950,.T.);
#1227=ORIENTED_EDGE('',*,*,#951,.F.);
#1228=ORIENTED_EDGE('',*,*,#952,.F.);
#1229=ORIENTED_EDGE('',*,*,#953,.T.);
#1230=ORIENTED_EDGE('',*,*,#954,.T.);
#1231=ORIENTED_EDGE('',*,*,#949,.F.);
#1232=ORIENTED_EDGE('',*,*,#955,.F.);
#1233=ORIENTED_EDGE('',*,*,#956,.T.);
#1234=ORIENTED_EDGE('',*,*,#957,.T.);
#1235=ORIENTED_EDGE('',*,*,#953,.F.);
#1236=ORIENTED_EDGE('',*,*,#958,.F.);
#1237=ORIENTED_EDGE('',*,*,#959,.T.);
#1238=ORIENTED_EDGE('',*,*,#960,.T.);
#1239=ORIENTED_EDGE('',*,*,#956,.F.);
#1240=ORIENTED_EDGE('',*,*,#961,.F.);
#1241=ORIENTED_EDGE('',*,*,#962,.T.);
#1242=ORIENTED_EDGE('',*,*,#963,.T.);
#1243=ORIENTED_EDGE('',*,*,#959,.F.);
#1244=ORIENTED_EDGE('',*,*,#964,.F.);
#1245=ORIENTED_EDGE('',*,*,#965,.T.);
#1246=ORIENTED_EDGE('',*,*,#966,.T.);
#1247=ORIENTED_EDGE('',*,*,#962,.F.);
#1248=ORIENTED_EDGE('',*,*,#967,.F.);
#1249=ORIENTED_EDGE('',*,*,#968,.T.);
#1250=ORIENTED_EDGE('',*,*,#969,.T.);
#1251=ORIENTED_EDGE('',*,*,#965,.F.);
#1252=ORIENTED_EDGE('',*,*,#970,.F.);
#1253=ORIENTED_EDGE('',*,*,#971,.T.);
#1254=ORIENTED_EDGE('',*,*,#972,.T.);
#1255=ORIENTED_EDGE('',*,*,#968,.F.);
#1256=ORIENTED_EDGE('',*,*,#973,.F.);
#1257=ORIENTED_EDGE('',*,*,#974,.T.);
#1258=ORIENTED_EDGE('',*,*,#975,.T.);
#1259=ORIENTED_EDGE('',*,*,#971,.F.);
#1260=ORIENTED_EDGE('',*,*,#976,.F.);
#1261=ORIENTED_EDGE('',*,*,#977,.T.);
#1262=ORIENTED_EDGE('',*,*,#978,.T.);
#1263=ORIENTED_EDGE('',*,*,#974,.F.);
#1264=ORIENTED_EDGE('',*,*,#979,.F.);
#1265=ORIENTED_EDGE('',*,*,#980,.T.);
#1266=ORIENTED_EDGE('',*,*,#981,.T.);
#1267=ORIENTED_EDGE('',*,*,#977,.F.);
#1268=ORIENTED_EDGE('',*,*,#982,.F.);
#1269=ORIENTED_EDGE('',*,*,#983,.T.);
#1270=ORIENTED_EDGE('',*,*,#984,.T.);
#1271=ORIENTED_EDGE('',*,*,#980,.F.);
#1272=ORIENTED_EDGE('',*,*,#985,.F.);
#1273=ORIENTED_EDGE('',*,*,#951,.T.);
#1274=ORIENTED_EDGE('',*,*,#986,.T.);
#1275=ORIENTED_EDGE('',*,*,#983,.F.);
#1276=ORIENTED_EDGE('',*,*,#986,.F.);
#1277=ORIENTED_EDGE('',*,*,#950,.F.);
#1278=ORIENTED_EDGE('',*,*,#954,.F.);
#1279=ORIENTED_EDGE('',*,*,#957,.F.);
#1280=ORIENTED_EDGE('',*,*,#960,.F.);
#1281=ORIENTED_EDGE('',*,*,#963,.F.);
#1282=ORIENTED_EDGE('',*,*,#966,.F.);
#1283=ORIENTED_EDGE('',*,*,#969,.F.);
#1284=ORIENTED_EDGE('',*,*,#972,.F.);
#1285=ORIENTED_EDGE('',*,*,#975,.F.);
#1286=ORIENTED_EDGE('',*,*,#978,.F.);
#1287=ORIENTED_EDGE('',*,*,#981,.F.);
#1288=ORIENTED_EDGE('',*,*,#984,.F.);
#1289=ORIENTED_EDGE('',*,*,#987,.F.);
#1290=ORIENTED_EDGE('',*,*,#988,.T.);
#1291=ORIENTED_EDGE('',*,*,#989,.T.);
#1292=ORIENTED_EDGE('',*,*,#990,.F.);
#1293=ORIENTED_EDGE('',*,*,#991,.F.);
#1294=ORIENTED_EDGE('',*,*,#992,.T.);
#1295=ORIENTED_EDGE('',*,*,#993,.T.);
#1296=ORIENTED_EDGE('',*,*,#988,.F.);
#1297=ORIENTED_EDGE('',*,*,#994,.F.);
#1298=ORIENTED_EDGE('',*,*,#990,.T.);
#1299=ORIENTED_EDGE('',*,*,#995,.T.);
#1300=ORIENTED_EDGE('',*,*,#992,.F.);
#1301=ORIENTED_EDGE('',*,*,#996,.F.);
#1302=ORIENTED_EDGE('',*,*,#997,.T.);
#1303=ORIENTED_EDGE('',*,*,#998,.T.);
#1304=ORIENTED_EDGE('',*,*,#999,.F.);
#1305=ORIENTED_EDGE('',*,*,#1000,.F.);
#1306=ORIENTED_EDGE('',*,*,#1001,.T.);
#1307=ORIENTED_EDGE('',*,*,#1002,.T.);
#1308=ORIENTED_EDGE('',*,*,#997,.F.);
#1309=ORIENTED_EDGE('',*,*,#1003,.F.);
#1310=ORIENTED_EDGE('',*,*,#1004,.T.);
#1311=ORIENTED_EDGE('',*,*,#1005,.T.);
#1312=ORIENTED_EDGE('',*,*,#1001,.F.);
#1313=ORIENTED_EDGE('',*,*,#1006,.F.);
#1314=ORIENTED_EDGE('',*,*,#1007,.T.);
#1315=ORIENTED_EDGE('',*,*,#1008,.T.);
#1316=ORIENTED_EDGE('',*,*,#1004,.F.);
#1317=ORIENTED_EDGE('',*,*,#1009,.F.);
#1318=ORIENTED_EDGE('',*,*,#1010,.T.);
#1319=ORIENTED_EDGE('',*,*,#1011,.T.);
#1320=ORIENTED_EDGE('',*,*,#1007,.F.);
#1321=ORIENTED_EDGE('',*,*,#1012,.F.);
#1322=ORIENTED_EDGE('',*,*,#1013,.T.);
#1323=ORIENTED_EDGE('',*,*,#1014,.T.);
#1324=ORIENTED_EDGE('',*,*,#1010,.F.);
#1325=ORIENTED_EDGE('',*,*,#1015,.F.);
#1326=ORIENTED_EDGE('',*,*,#1016,.T.);
#1327=ORIENTED_EDGE('',*,*,#1017,.T.);
#1328=ORIENTED_EDGE('',*,*,#1013,.F.);
#1329=ORIENTED_EDGE('',*,*,#1018,.F.);
#1330=ORIENTED_EDGE('',*,*,#999,.T.);
#1331=ORIENTED_EDGE('',*,*,#1019,.T.);
#1332=ORIENTED_EDGE('',*,*,#1016,.F.);
#1333=ORIENTED_EDGE('',*,*,#1019,.F.);
#1334=ORIENTED_EDGE('',*,*,#998,.F.);
#1335=ORIENTED_EDGE('',*,*,#1002,.F.);
#1336=ORIENTED_EDGE('',*,*,#1005,.F.);
#1337=ORIENTED_EDGE('',*,*,#1008,.F.);
#1338=ORIENTED_EDGE('',*,*,#1011,.F.);
#1339=ORIENTED_EDGE('',*,*,#1014,.F.);
#1340=ORIENTED_EDGE('',*,*,#1017,.F.);
#1341=ORIENTED_EDGE('',*,*,#995,.F.);
#1342=ORIENTED_EDGE('',*,*,#989,.F.);
#1343=ORIENTED_EDGE('',*,*,#993,.F.);
#1344=ORIENTED_EDGE('',*,*,#1020,.F.);
#1345=ORIENTED_EDGE('',*,*,#1021,.T.);
#1346=ORIENTED_EDGE('',*,*,#1022,.T.);
#1347=ORIENTED_EDGE('',*,*,#1023,.F.);
#1348=ORIENTED_EDGE('',*,*,#1024,.F.);
#1349=ORIENTED_EDGE('',*,*,#1025,.T.);
#1350=ORIENTED_EDGE('',*,*,#1026,.T.);
#1351=ORIENTED_EDGE('',*,*,#1021,.F.);
#1352=ORIENTED_EDGE('',*,*,#1027,.F.);
#1353=ORIENTED_EDGE('',*,*,#1028,.T.);
#1354=ORIENTED_EDGE('',*,*,#1029,.T.);
#1355=ORIENTED_EDGE('',*,*,#1025,.F.);
#1356=ORIENTED_EDGE('',*,*,#1030,.F.);
#1357=ORIENTED_EDGE('',*,*,#1023,.T.);
#1358=ORIENTED_EDGE('',*,*,#1031,.T.);
#1359=ORIENTED_EDGE('',*,*,#1028,.F.);
#1360=ORIENTED_EDGE('',*,*,#1031,.F.);
#1361=ORIENTED_EDGE('',*,*,#1022,.F.);
#1362=ORIENTED_EDGE('',*,*,#1026,.F.);
#1363=ORIENTED_EDGE('',*,*,#1029,.F.);
#1364=ORIENTED_EDGE('',*,*,#1032,.F.);
#1365=ORIENTED_EDGE('',*,*,#1033,.T.);
#1366=ORIENTED_EDGE('',*,*,#1034,.T.);
#1367=ORIENTED_EDGE('',*,*,#1035,.F.);
#1368=ORIENTED_EDGE('',*,*,#1036,.F.);
#1369=ORIENTED_EDGE('',*,*,#1037,.T.);
#1370=ORIENTED_EDGE('',*,*,#1038,.T.);
#1371=ORIENTED_EDGE('',*,*,#1033,.F.);
#1372=ORIENTED_EDGE('',*,*,#1039,.F.);
#1373=ORIENTED_EDGE('',*,*,#1040,.T.);
#1374=ORIENTED_EDGE('',*,*,#1041,.T.);
#1375=ORIENTED_EDGE('',*,*,#1037,.F.);
#1376=ORIENTED_EDGE('',*,*,#1042,.F.);
#1377=ORIENTED_EDGE('',*,*,#1035,.T.);
#1378=ORIENTED_EDGE('',*,*,#1043,.T.);
#1379=ORIENTED_EDGE('',*,*,#1040,.F.);
#1380=ORIENTED_EDGE('',*,*,#1043,.F.);
#1381=ORIENTED_EDGE('',*,*,#1034,.F.);
#1382=ORIENTED_EDGE('',*,*,#1038,.F.);
#1383=ORIENTED_EDGE('',*,*,#1041,.F.);
#1384=ORIENTED_EDGE('',*,*,#1044,.F.);
#1385=ORIENTED_EDGE('',*,*,#1045,.T.);
#1386=ORIENTED_EDGE('',*,*,#1046,.T.);
#1387=ORIENTED_EDGE('',*,*,#1047,.F.);
#1388=ORIENTED_EDGE('',*,*,#1048,.F.);
#1389=ORIENTED_EDGE('',*,*,#1049,.T.);
#1390=ORIENTED_EDGE('',*,*,#1050,.T.);
#1391=ORIENTED_EDGE('',*,*,#1045,.F.);
#1392=ORIENTED_EDGE('',*,*,#1051,.F.);
#1393=ORIENTED_EDGE('',*,*,#1052,.T.);
#1394=ORIENTED_EDGE('',*,*,#1053,.T.);
#1395=ORIENTED_EDGE('',*,*,#1049,.F.);
#1396=ORIENTED_EDGE('',*,*,#1054,.F.);
#1397=ORIENTED_EDGE('',*,*,#1055,.T.);
#1398=ORIENTED_EDGE('',*,*,#1056,.T.);
#1399=ORIENTED_EDGE('',*,*,#1052,.F.);
#1400=ORIENTED_EDGE('',*,*,#1057,.F.);
#1401=ORIENTED_EDGE('',*,*,#1058,.T.);
#1402=ORIENTED_EDGE('',*,*,#1059,.T.);
#1403=ORIENTED_EDGE('',*,*,#1055,.F.);
#1404=ORIENTED_EDGE('',*,*,#1060,.F.);
#1405=ORIENTED_EDGE('',*,*,#1061,.T.);
#1406=ORIENTED_EDGE('',*,*,#1062,.T.);
#1407=ORIENTED_EDGE('',*,*,#1058,.F.);
#1408=ORIENTED_EDGE('',*,*,#1063,.F.);
#1409=ORIENTED_EDGE('',*,*,#1064,.T.);
#1410=ORIENTED_EDGE('',*,*,#1065,.T.);
#1411=ORIENTED_EDGE('',*,*,#1061,.F.);
#1412=ORIENTED_EDGE('',*,*,#1066,.F.);
#1413=ORIENTED_EDGE('',*,*,#1067,.T.);
#1414=ORIENTED_EDGE('',*,*,#1068,.T.);
#1415=ORIENTED_EDGE('',*,*,#1064,.F.);
#1416=ORIENTED_EDGE('',*,*,#1069,.F.);
#1417=ORIENTED_EDGE('',*,*,#1070,.T.);
#1418=ORIENTED_EDGE('',*,*,#1071,.T.);
#1419=ORIENTED_EDGE('',*,*,#1067,.F.);
#1420=ORIENTED_EDGE('',*,*,#1072,.F.);
#1421=ORIENTED_EDGE('',*,*,#1073,.T.);
#1422=ORIENTED_EDGE('',*,*,#1074,.T.);
#1423=ORIENTED_EDGE('',*,*,#1070,.F.);
#1424=ORIENTED_EDGE('',*,*,#1075,.F.);
#1425=ORIENTED_EDGE('',*,*,#1076,.T.);
#1426=ORIENTED_EDGE('',*,*,#1077,.T.);
#1427=ORIENTED_EDGE('',*,*,#1073,.F.);
#1428=ORIENTED_EDGE('',*,*,#1078,.F.);
#1429=ORIENTED_EDGE('',*,*,#1047,.T.);
#1430=ORIENTED_EDGE('',*,*,#1079,.T.);
#1431=ORIENTED_EDGE('',*,*,#1076,.F.);
#1432=ORIENTED_EDGE('',*,*,#1079,.F.);
#1433=ORIENTED_EDGE('',*,*,#1046,.F.);
#1434=ORIENTED_EDGE('',*,*,#1050,.F.);
#1435=ORIENTED_EDGE('',*,*,#1053,.F.);
#1436=ORIENTED_EDGE('',*,*,#1056,.F.);
#1437=ORIENTED_EDGE('',*,*,#1059,.F.);
#1438=ORIENTED_EDGE('',*,*,#1062,.F.);
#1439=ORIENTED_EDGE('',*,*,#1065,.F.);
#1440=ORIENTED_EDGE('',*,*,#1068,.F.);
#1441=ORIENTED_EDGE('',*,*,#1071,.F.);
#1442=ORIENTED_EDGE('',*,*,#1074,.F.);
#1443=ORIENTED_EDGE('',*,*,#1077,.F.);
#1444=ORIENTED_EDGE('',*,*,#1080,.F.);
#1445=ORIENTED_EDGE('',*,*,#1081,.T.);
#1446=ORIENTED_EDGE('',*,*,#1082,.T.);
#1447=ORIENTED_EDGE('',*,*,#1083,.F.);
#1448=ORIENTED_EDGE('',*,*,#1084,.F.);
#1449=ORIENTED_EDGE('',*,*,#1085,.T.);
#1450=ORIENTED_EDGE('',*,*,#1086,.T.);
#1451=ORIENTED_EDGE('',*,*,#1081,.F.);
#1452=ORIENTED_EDGE('',*,*,#1087,.F.);
#1453=ORIENTED_EDGE('',*,*,#1088,.T.);
#1454=ORIENTED_EDGE('',*,*,#1089,.T.);
#1455=ORIENTED_EDGE('',*,*,#1085,.F.);
#1456=ORIENTED_EDGE('',*,*,#1090,.F.);
#1457=ORIENTED_EDGE('',*,*,#1091,.T.);
#1458=ORIENTED_EDGE('',*,*,#1092,.T.);
#1459=ORIENTED_EDGE('',*,*,#1088,.F.);
#1460=ORIENTED_EDGE('',*,*,#1093,.F.);
#1461=ORIENTED_EDGE('',*,*,#1094,.T.);
#1462=ORIENTED_EDGE('',*,*,#1095,.T.);
#1463=ORIENTED_EDGE('',*,*,#1091,.F.);
#1464=ORIENTED_EDGE('',*,*,#1096,.F.);
#1465=ORIENTED_EDGE('',*,*,#1097,.T.);
#1466=ORIENTED_EDGE('',*,*,#1098,.T.);
#1467=ORIENTED_EDGE('',*,*,#1094,.F.);
#1468=ORIENTED_EDGE('',*,*,#1099,.F.);
#1469=ORIENTED_EDGE('',*,*,#1100,.T.);
#1470=ORIENTED_EDGE('',*,*,#1101,.T.);
#1471=ORIENTED_EDGE('',*,*,#1097,.F.);
#1472=ORIENTED_EDGE('',*,*,#1102,.F.);
#1473=ORIENTED_EDGE('',*,*,#1083,.T.);
#1474=ORIENTED_EDGE('',*,*,#1103,.T.);
#1475=ORIENTED_EDGE('',*,*,#1100,.F.);
#1476=ORIENTED_EDGE('',*,*,#1103,.F.);
#1477=ORIENTED_EDGE('',*,*,#1082,.F.);
#1478=ORIENTED_EDGE('',*,*,#1086,.F.);
#1479=ORIENTED_EDGE('',*,*,#1089,.F.);
#1480=ORIENTED_EDGE('',*,*,#1092,.F.);
#1481=ORIENTED_EDGE('',*,*,#1095,.F.);
#1482=ORIENTED_EDGE('',*,*,#1098,.F.);
#1483=ORIENTED_EDGE('',*,*,#1101,.F.);
#1484=ORIENTED_EDGE('',*,*,#987,.T.);
#1485=ORIENTED_EDGE('',*,*,#994,.T.);
#1486=ORIENTED_EDGE('',*,*,#991,.T.);
#1487=ORIENTED_EDGE('',*,*,#1104,.T.);
#1488=ORIENTED_EDGE('',*,*,#1105,.T.);
#1489=ORIENTED_EDGE('',*,*,#1106,.F.);
#1490=ORIENTED_EDGE('',*,*,#1107,.T.);
#1491=ORIENTED_EDGE('',*,*,#1108,.F.);
#1492=ORIENTED_EDGE('',*,*,#1109,.F.);
#1493=ORIENTED_EDGE('',*,*,#1107,.F.);
#1494=ORIENTED_EDGE('',*,*,#1110,.F.);
#1495=ORIENTED_EDGE('',*,*,#1111,.F.);
#1496=ORIENTED_EDGE('',*,*,#1112,.T.);
#1497=ORIENTED_EDGE('',*,*,#1113,.T.);
#1498=ORIENTED_EDGE('',*,*,#1114,.T.);
#1499=ORIENTED_EDGE('',*,*,#1115,.F.);
#1500=ORIENTED_EDGE('',*,*,#1116,.T.);
#1501=ORIENTED_EDGE('',*,*,#1108,.T.);
#1502=ORIENTED_EDGE('',*,*,#1117,.T.);
#1503=ORIENTED_EDGE('',*,*,#1118,.T.);
#1504=ORIENTED_EDGE('',*,*,#1119,.T.);
#1505=ORIENTED_EDGE('',*,*,#1119,.F.);
#1506=ORIENTED_EDGE('',*,*,#1120,.T.);
#1507=ORIENTED_EDGE('',*,*,#1121,.F.);
#1508=ORIENTED_EDGE('',*,*,#1122,.F.);
#1509=ORIENTED_EDGE('',*,*,#1104,.F.);
#1510=ORIENTED_EDGE('',*,*,#1109,.T.);
#1511=ORIENTED_EDGE('',*,*,#1111,.T.);
#1512=ORIENTED_EDGE('',*,*,#1123,.T.);
#1513=ORIENTED_EDGE('',*,*,#1124,.T.);
#1514=ORIENTED_EDGE('',*,*,#1125,.T.);
#1515=ORIENTED_EDGE('',*,*,#1117,.F.);
#1516=ORIENTED_EDGE('',*,*,#1116,.F.);
#1517=ORIENTED_EDGE('',*,*,#1126,.F.);
#1518=ORIENTED_EDGE('',*,*,#1127,.F.);
#1519=ORIENTED_EDGE('',*,*,#1128,.F.);
#1520=ORIENTED_EDGE('',*,*,#1112,.F.);
#1521=ORIENTED_EDGE('',*,*,#1125,.F.);
#1522=ORIENTED_EDGE('',*,*,#1129,.T.);
#1523=ORIENTED_EDGE('',*,*,#1080,.T.);
#1524=ORIENTED_EDGE('',*,*,#1102,.T.);
#1525=ORIENTED_EDGE('',*,*,#1099,.T.);
#1526=ORIENTED_EDGE('',*,*,#1096,.T.);
#1527=ORIENTED_EDGE('',*,*,#1093,.T.);
#1528=ORIENTED_EDGE('',*,*,#1090,.T.);
#1529=ORIENTED_EDGE('',*,*,#1087,.T.);
#1530=ORIENTED_EDGE('',*,*,#1084,.T.);
#1531=ORIENTED_EDGE('',*,*,#1044,.T.);
#1532=ORIENTED_EDGE('',*,*,#1078,.T.);
#1533=ORIENTED_EDGE('',*,*,#1075,.T.);
#1534=ORIENTED_EDGE('',*,*,#1072,.T.);
#1535=ORIENTED_EDGE('',*,*,#1069,.T.);
#1536=ORIENTED_EDGE('',*,*,#1066,.T.);
#1537=ORIENTED_EDGE('',*,*,#1063,.T.);
#1538=ORIENTED_EDGE('',*,*,#1060,.T.);
#1539=ORIENTED_EDGE('',*,*,#1057,.T.);
#1540=ORIENTED_EDGE('',*,*,#1054,.T.);
#1541=ORIENTED_EDGE('',*,*,#1051,.T.);
#1542=ORIENTED_EDGE('',*,*,#1048,.T.);
#1543=ORIENTED_EDGE('',*,*,#1032,.T.);
#1544=ORIENTED_EDGE('',*,*,#1042,.T.);
#1545=ORIENTED_EDGE('',*,*,#1039,.T.);
#1546=ORIENTED_EDGE('',*,*,#1036,.T.);
#1547=ORIENTED_EDGE('',*,*,#1020,.T.);
#1548=ORIENTED_EDGE('',*,*,#1030,.T.);
#1549=ORIENTED_EDGE('',*,*,#1027,.T.);
#1550=ORIENTED_EDGE('',*,*,#1024,.T.);
#1551=ORIENTED_EDGE('',*,*,#996,.T.);
#1552=ORIENTED_EDGE('',*,*,#1018,.T.);
#1553=ORIENTED_EDGE('',*,*,#1015,.T.);
#1554=ORIENTED_EDGE('',*,*,#1012,.T.);
#1555=ORIENTED_EDGE('',*,*,#1009,.T.);
#1556=ORIENTED_EDGE('',*,*,#1006,.T.);
#1557=ORIENTED_EDGE('',*,*,#1003,.T.);
#1558=ORIENTED_EDGE('',*,*,#1000,.T.);
#1559=ORIENTED_EDGE('',*,*,#948,.T.);
#1560=ORIENTED_EDGE('',*,*,#985,.T.);
#1561=ORIENTED_EDGE('',*,*,#982,.T.);
#1562=ORIENTED_EDGE('',*,*,#979,.T.);
#1563=ORIENTED_EDGE('',*,*,#976,.T.);
#1564=ORIENTED_EDGE('',*,*,#973,.T.);
#1565=ORIENTED_EDGE('',*,*,#970,.T.);
#1566=ORIENTED_EDGE('',*,*,#967,.T.);
#1567=ORIENTED_EDGE('',*,*,#964,.T.);
#1568=ORIENTED_EDGE('',*,*,#961,.T.);
#1569=ORIENTED_EDGE('',*,*,#958,.T.);
#1570=ORIENTED_EDGE('',*,*,#955,.T.);
#1571=ORIENTED_EDGE('',*,*,#952,.T.);
#1572=ORIENTED_EDGE('',*,*,#936,.T.);
#1573=ORIENTED_EDGE('',*,*,#946,.T.);
#1574=ORIENTED_EDGE('',*,*,#943,.T.);
#1575=ORIENTED_EDGE('',*,*,#940,.T.);
#1576=ORIENTED_EDGE('',*,*,#1105,.F.);
#1577=ORIENTED_EDGE('',*,*,#1122,.T.);
#1578=ORIENTED_EDGE('',*,*,#1130,.F.);
#1579=ORIENTED_EDGE('',*,*,#1131,.F.);
#1580=ORIENTED_EDGE('',*,*,#1123,.F.);
#1581=ORIENTED_EDGE('',*,*,#1110,.T.);
#1582=ORIENTED_EDGE('',*,*,#1106,.T.);
#1583=ORIENTED_EDGE('',*,*,#1131,.T.);
#1584=ORIENTED_EDGE('',*,*,#1132,.F.);
#1585=ORIENTED_EDGE('',*,*,#1133,.F.);
#1586=ORIENTED_EDGE('',*,*,#1134,.F.);
#1587=ORIENTED_EDGE('',*,*,#1120,.F.);
#1588=ORIENTED_EDGE('',*,*,#1118,.F.);
#1589=ORIENTED_EDGE('',*,*,#1129,.F.);
#1590=ORIENTED_EDGE('',*,*,#1124,.F.);
#1591=ORIENTED_EDGE('',*,*,#1133,.T.);
#1592=ORIENTED_EDGE('',*,*,#1135,.T.);
#1593=ORIENTED_EDGE('',*,*,#1136,.T.);
#1594=ORIENTED_EDGE('',*,*,#1137,.T.);
#1595=ORIENTED_EDGE('',*,*,#1138,.T.);
#1596=ORIENTED_EDGE('',*,*,#1139,.T.);
#1597=ORIENTED_EDGE('',*,*,#1140,.T.);
#1598=ORIENTED_EDGE('',*,*,#1135,.F.);
#1599=ORIENTED_EDGE('',*,*,#1141,.T.);
#1600=ORIENTED_EDGE('',*,*,#1142,.T.);
#1601=ORIENTED_EDGE('',*,*,#1143,.T.);
#1602=ORIENTED_EDGE('',*,*,#1144,.T.);
#1603=ORIENTED_EDGE('',*,*,#1145,.T.);
#1604=ORIENTED_EDGE('',*,*,#1142,.F.);
#1605=ORIENTED_EDGE('',*,*,#1146,.T.);
#1606=ORIENTED_EDGE('',*,*,#1147,.T.);
#1607=ORIENTED_EDGE('',*,*,#1148,.T.);
#1608=ORIENTED_EDGE('',*,*,#1149,.T.);
#1609=ORIENTED_EDGE('',*,*,#1144,.F.);
#1610=ORIENTED_EDGE('',*,*,#1150,.T.);
#1611=ORIENTED_EDGE('',*,*,#1115,.T.);
#1612=ORIENTED_EDGE('',*,*,#1151,.T.);
#1613=ORIENTED_EDGE('',*,*,#1152,.T.);
#1614=ORIENTED_EDGE('',*,*,#1153,.T.);
#1615=ORIENTED_EDGE('',*,*,#1154,.T.);
#1616=ORIENTED_EDGE('',*,*,#1113,.F.);
#1617=ORIENTED_EDGE('',*,*,#1155,.T.);
#1618=ORIENTED_EDGE('',*,*,#1156,.T.);
#1619=ORIENTED_EDGE('',*,*,#1157,.T.);
#1620=ORIENTED_EDGE('',*,*,#1158,.T.);
#1621=ORIENTED_EDGE('',*,*,#1159,.T.);
#1622=ORIENTED_EDGE('',*,*,#1156,.F.);
#1623=ORIENTED_EDGE('',*,*,#1160,.T.);
#1624=ORIENTED_EDGE('',*,*,#1161,.T.);
#1625=ORIENTED_EDGE('',*,*,#1162,.T.);
#1626=ORIENTED_EDGE('',*,*,#1163,.T.);
#1627=ORIENTED_EDGE('',*,*,#1158,.F.);
#1628=ORIENTED_EDGE('',*,*,#1164,.T.);
#1629=ORIENTED_EDGE('',*,*,#1137,.F.);
#1630=ORIENTED_EDGE('',*,*,#1165,.T.);
#1631=ORIENTED_EDGE('',*,*,#1150,.F.);
#1632=ORIENTED_EDGE('',*,*,#1166,.T.);
#1633=ORIENTED_EDGE('',*,*,#1167,.T.);
#1634=ORIENTED_EDGE('',*,*,#1126,.T.);
#1635=ORIENTED_EDGE('',*,*,#1146,.F.);
#1636=ORIENTED_EDGE('',*,*,#1168,.F.);
#1637=ORIENTED_EDGE('',*,*,#1169,.F.);
#1638=ORIENTED_EDGE('',*,*,#1166,.F.);
#1639=ORIENTED_EDGE('',*,*,#1141,.F.);
#1640=ORIENTED_EDGE('',*,*,#1170,.T.);
#1641=ORIENTED_EDGE('',*,*,#1171,.T.);
#1642=ORIENTED_EDGE('',*,*,#1168,.T.);
#1643=ORIENTED_EDGE('',*,*,#1138,.F.);
#1644=ORIENTED_EDGE('',*,*,#1172,.F.);
#1645=ORIENTED_EDGE('',*,*,#1173,.F.);
#1646=ORIENTED_EDGE('',*,*,#1170,.F.);
#1647=ORIENTED_EDGE('',*,*,#1174,.F.);
#1648=ORIENTED_EDGE('',*,*,#1175,.T.);
#1649=ORIENTED_EDGE('',*,*,#1152,.F.);
#1650=ORIENTED_EDGE('',*,*,#1176,.T.);
#1651=ORIENTED_EDGE('',*,*,#1153,.F.);
#1652=ORIENTED_EDGE('',*,*,#1175,.F.);
#1653=ORIENTED_EDGE('',*,*,#1151,.F.);
#1654=ORIENTED_EDGE('',*,*,#1114,.F.);
#1655=ORIENTED_EDGE('',*,*,#1154,.F.);
#1656=ORIENTED_EDGE('',*,*,#1176,.F.);
#1657=ORIENTED_EDGE('',*,*,#1157,.F.);
#1658=ORIENTED_EDGE('',*,*,#1159,.F.);
#1659=ORIENTED_EDGE('',*,*,#1163,.F.);
#1660=ORIENTED_EDGE('',*,*,#1177,.F.);
#1661=ORIENTED_EDGE('',*,*,#1165,.F.);
#1662=ORIENTED_EDGE('',*,*,#1136,.F.);
#1663=ORIENTED_EDGE('',*,*,#1140,.F.);
#1664=ORIENTED_EDGE('',*,*,#1178,.F.);
#1665=ORIENTED_EDGE('',*,*,#1179,.F.);
#1666=ORIENTED_EDGE('',*,*,#1143,.F.);
#1667=ORIENTED_EDGE('',*,*,#1145,.F.);
#1668=ORIENTED_EDGE('',*,*,#1149,.F.);
#1669=ORIENTED_EDGE('',*,*,#1180,.F.);
#1670=ORIENTED_EDGE('',*,*,#1181,.F.);
#1671=ORIENTED_EDGE('',*,*,#1182,.T.);
#1672=ORIENTED_EDGE('',*,*,#1161,.F.);
#1673=ORIENTED_EDGE('',*,*,#1177,.T.);
#1674=ORIENTED_EDGE('',*,*,#1162,.F.);
#1675=ORIENTED_EDGE('',*,*,#1182,.F.);
#1676=ORIENTED_EDGE('',*,*,#1164,.F.);
#1677=ORIENTED_EDGE('',*,*,#1183,.T.);
#1678=ORIENTED_EDGE('',*,*,#1184,.T.);
#1679=ORIENTED_EDGE('',*,*,#1172,.T.);
#1680=ORIENTED_EDGE('',*,*,#1184,.F.);
#1681=ORIENTED_EDGE('',*,*,#1185,.T.);
#1682=ORIENTED_EDGE('',*,*,#1186,.F.);
#1683=ORIENTED_EDGE('',*,*,#1127,.T.);
#1684=ORIENTED_EDGE('',*,*,#1167,.F.);
#1685=ORIENTED_EDGE('',*,*,#1169,.T.);
#1686=ORIENTED_EDGE('',*,*,#1171,.F.);
#1687=ORIENTED_EDGE('',*,*,#1173,.T.);
#1688=ORIENTED_EDGE('',*,*,#1174,.T.);
#1689=ORIENTED_EDGE('',*,*,#1187,.T.);
#1690=ORIENTED_EDGE('',*,*,#1181,.T.);
#1691=ORIENTED_EDGE('',*,*,#1188,.T.);
#1692=ORIENTED_EDGE('',*,*,#1189,.T.);
#1693=ORIENTED_EDGE('',*,*,#1190,.T.);
#1694=ORIENTED_EDGE('',*,*,#1191,.T.);
#1695=ORIENTED_EDGE('',*,*,#1192,.T.);
#1696=ORIENTED_EDGE('',*,*,#1160,.F.);
#1697=ORIENTED_EDGE('',*,*,#1193,.F.);
#1698=ORIENTED_EDGE('',*,*,#1185,.F.);
#1699=ORIENTED_EDGE('',*,*,#1183,.F.);
#1700=ORIENTED_EDGE('',*,*,#1155,.F.);
#1701=ORIENTED_EDGE('',*,*,#1128,.T.);
#1702=ORIENTED_EDGE('',*,*,#1186,.T.);
#1703=ORIENTED_EDGE('',*,*,#1193,.T.);
#1704=ORIENTED_EDGE('',*,*,#1194,.F.);
#1705=ORIENTED_EDGE('',*,*,#1195,.T.);
#1706=ORIENTED_EDGE('',*,*,#1191,.F.);
#1707=ORIENTED_EDGE('',*,*,#1196,.F.);
#1708=ORIENTED_EDGE('',*,*,#1121,.T.);
#1709=ORIENTED_EDGE('',*,*,#1134,.T.);
#1710=ORIENTED_EDGE('',*,*,#1132,.T.);
#1711=ORIENTED_EDGE('',*,*,#1130,.T.);
#1712=ORIENTED_EDGE('',*,*,#1197,.F.);
#1713=ORIENTED_EDGE('',*,*,#1198,.T.);
#1714=ORIENTED_EDGE('',*,*,#1192,.F.);
#1715=ORIENTED_EDGE('',*,*,#1195,.F.);
#1716=ORIENTED_EDGE('',*,*,#1199,.F.);
#1717=ORIENTED_EDGE('',*,*,#1196,.T.);
#1718=ORIENTED_EDGE('',*,*,#1190,.F.);
#1719=ORIENTED_EDGE('',*,*,#1200,.F.);
#1720=ORIENTED_EDGE('',*,*,#1201,.F.);
#1721=ORIENTED_EDGE('',*,*,#1200,.T.);
#1722=ORIENTED_EDGE('',*,*,#1189,.F.);
#1723=ORIENTED_EDGE('',*,*,#1198,.F.);
#1724=ORIENTED_EDGE('',*,*,#1187,.F.);
#1725=ORIENTED_EDGE('',*,*,#1202,.T.);
#1726=ORIENTED_EDGE('',*,*,#1147,.F.);
#1727=ORIENTED_EDGE('',*,*,#1180,.T.);
#1728=ORIENTED_EDGE('',*,*,#1148,.F.);
#1729=ORIENTED_EDGE('',*,*,#1202,.F.);
#1730=ORIENTED_EDGE('',*,*,#1188,.F.);
#1731=ORIENTED_EDGE('',*,*,#1203,.T.);
#1732=ORIENTED_EDGE('',*,*,#1178,.T.);
#1733=ORIENTED_EDGE('',*,*,#1139,.F.);
#1734=ORIENTED_EDGE('',*,*,#1179,.T.);
#1735=ORIENTED_EDGE('',*,*,#1203,.F.);
#1736=ORIENTED_EDGE('',*,*,#1197,.T.);
#1737=ORIENTED_EDGE('',*,*,#1194,.T.);
#1738=ORIENTED_EDGE('',*,*,#1199,.T.);
#1739=ORIENTED_EDGE('',*,*,#1201,.T.);
#1740=PLANE('',#1924);
#1741=PLANE('',#1925);
#1742=PLANE('',#1926);
#1743=PLANE('',#1927);
#1744=PLANE('',#1928);
#1745=PLANE('',#1929);
#1746=PLANE('',#1930);
#1747=PLANE('',#1931);
#1748=PLANE('',#1932);
#1749=PLANE('',#1933);
#1750=PLANE('',#1934);
#1751=PLANE('',#1935);
#1752=PLANE('',#1936);
#1753=PLANE('',#1937);
#1754=PLANE('',#1938);
#1755=PLANE('',#1939);
#1756=PLANE('',#1940);
#1757=PLANE('',#1941);
#1758=PLANE('',#1942);
#1759=PLANE('',#1943);
#1760=PLANE('',#1944);
#1761=PLANE('',#1945);
#1762=PLANE('',#1946);
#1763=PLANE('',#1947);
#1764=PLANE('',#1948);
#1765=PLANE('',#1949);
#1766=PLANE('',#1950);
#1767=PLANE('',#1951);
#1768=PLANE('',#1952);
#1769=PLANE('',#1953);
#1770=PLANE('',#1954);
#1771=PLANE('',#1955);
#1772=PLANE('',#1956);
#1773=PLANE('',#1957);
#1774=PLANE('',#1958);
#1775=PLANE('',#1959);
#1776=PLANE('',#1960);
#1777=PLANE('',#1961);
#1778=PLANE('',#1962);
#1779=PLANE('',#1963);
#1780=PLANE('',#1964);
#1781=PLANE('',#1965);
#1782=PLANE('',#1966);
#1783=PLANE('',#1967);
#1784=PLANE('',#1968);
#1785=PLANE('',#1969);
#1786=PLANE('',#1970);
#1787=PLANE('',#1971);
#1788=PLANE('',#1972);
#1789=PLANE('',#1973);
#1790=PLANE('',#1974);
#1791=PLANE('',#1975);
#1792=PLANE('',#1976);
#1793=PLANE('',#1977);
#1794=PLANE('',#1978);
#1795=PLANE('',#1979);
#1796=PLANE('',#1980);
#1797=PLANE('',#1981);
#1798=PLANE('',#1982);
#1799=PLANE('',#1983);
#1800=PLANE('',#1984);
#1801=PLANE('',#1985);
#1802=PLANE('',#1986);
#1803=PLANE('',#1987);
#1804=PLANE('',#1988);
#1805=PLANE('',#1989);
#1806=PLANE('',#1994);
#1807=PLANE('',#1997);
#1808=PLANE('',#1998);
#1809=PLANE('',#1999);
#1810=PLANE('',#2000);
#1811=PLANE('',#2001);
#1812=PLANE('',#2002);
#1813=PLANE('',#2003);
#1814=PLANE('',#2004);
#1815=PLANE('',#2005);
#1816=PLANE('',#2009);
#1817=PLANE('',#2016);
#1818=PLANE('',#2019);
#1819=PLANE('',#2020);
#1820=PLANE('',#2021);
#1821=PLANE('',#2022);
#1822=PLANE('',#2023);
#1823=PLANE('',#2026);
#1824=ADVANCED_FACE('',(#86),#1740,.F.);
#1825=ADVANCED_FACE('',(#87),#1741,.F.);
#1826=ADVANCED_FACE('',(#88),#1742,.F.);
#1827=ADVANCED_FACE('',(#89),#1743,.F.);
#1828=ADVANCED_FACE('',(#90),#1744,.F.);
#1829=ADVANCED_FACE('',(#91),#1745,.F.);
#1830=ADVANCED_FACE('',(#92),#1746,.F.);
#1831=ADVANCED_FACE('',(#93),#1747,.F.);
#1832=ADVANCED_FACE('',(#94),#1748,.F.);
#1833=ADVANCED_FACE('',(#95),#1749,.F.);
#1834=ADVANCED_FACE('',(#96),#1750,.F.);
#1835=ADVANCED_FACE('',(#97),#1751,.F.);
#1836=ADVANCED_FACE('',(#98),#1752,.F.);
#1837=ADVANCED_FACE('',(#99),#1753,.F.);
#1838=ADVANCED_FACE('',(#100),#1754,.F.);
#1839=ADVANCED_FACE('',(#101),#1755,.F.);
#1840=ADVANCED_FACE('',(#102),#1756,.F.);
#1841=ADVANCED_FACE('',(#103),#1757,.F.);
#1842=ADVANCED_FACE('',(#104),#1758,.F.);
#1843=ADVANCED_FACE('',(#105),#1759,.F.);
#1844=ADVANCED_FACE('',(#106),#1760,.F.);
#1845=ADVANCED_FACE('',(#107),#1761,.F.);
#1846=ADVANCED_FACE('',(#108),#1762,.F.);
#1847=ADVANCED_FACE('',(#109),#1763,.F.);
#1848=ADVANCED_FACE('',(#110),#1764,.F.);
#1849=ADVANCED_FACE('',(#111),#1765,.F.);
#1850=ADVANCED_FACE('',(#112),#1766,.F.);
#1851=ADVANCED_FACE('',(#113),#1767,.F.);
#1852=ADVANCED_FACE('',(#114),#1768,.F.);
#1853=ADVANCED_FACE('',(#115),#1769,.F.);
#1854=ADVANCED_FACE('',(#116,#64),#1770,.F.);
#1855=ADVANCED_FACE('',(#117),#1771,.F.);
#1856=ADVANCED_FACE('',(#118),#1772,.F.);
#1857=ADVANCED_FACE('',(#119),#1773,.F.);
#1858=ADVANCED_FACE('',(#120),#1774,.F.);
#1859=ADVANCED_FACE('',(#121),#1775,.F.);
#1860=ADVANCED_FACE('',(#122),#1776,.F.);
#1861=ADVANCED_FACE('',(#123),#1777,.F.);
#1862=ADVANCED_FACE('',(#124),#1778,.F.);
#1863=ADVANCED_FACE('',(#125),#1779,.F.);
#1864=ADVANCED_FACE('',(#126),#1780,.F.);
#1865=ADVANCED_FACE('',(#127),#1781,.F.);
#1866=ADVANCED_FACE('',(#128),#1782,.F.);
#1867=ADVANCED_FACE('',(#129),#1783,.F.);
#1868=ADVANCED_FACE('',(#130),#1784,.F.);
#1869=ADVANCED_FACE('',(#131),#1785,.F.);
#1870=ADVANCED_FACE('',(#132),#1786,.F.);
#1871=ADVANCED_FACE('',(#133),#1787,.F.);
#1872=ADVANCED_FACE('',(#134),#1788,.F.);
#1873=ADVANCED_FACE('',(#135),#1789,.F.);
#1874=ADVANCED_FACE('',(#136),#1790,.F.);
#1875=ADVANCED_FACE('',(#137),#1791,.F.);
#1876=ADVANCED_FACE('',(#138),#1792,.F.);
#1877=ADVANCED_FACE('',(#139),#1793,.F.);
#1878=ADVANCED_FACE('',(#140),#1794,.F.);
#1879=ADVANCED_FACE('',(#141),#1795,.F.);
#1880=ADVANCED_FACE('',(#142),#1796,.F.);
#1881=ADVANCED_FACE('',(#143),#1797,.F.);
#1882=ADVANCED_FACE('',(#144),#1798,.F.);
#1883=ADVANCED_FACE('',(#145),#1799,.F.);
#1884=ADVANCED_FACE('',(#146),#1800,.F.);
#1885=ADVANCED_FACE('',(#147),#1801,.F.);
#1886=ADVANCED_FACE('',(#148),#1802,.F.);
#1887=ADVANCED_FACE('',(#149),#1803,.T.);
#1888=ADVANCED_FACE('',(#150),#1804,.T.);
#1889=ADVANCED_FACE('',(#151),#1805,.T.);
#1890=ADVANCED_FACE('',(#152),#56,.T.);
#1891=ADVANCED_FACE('',(#153),#1806,.F.);
#1892=ADVANCED_FACE('',(#154),#57,.T.);
#1893=ADVANCED_FACE('',(#155,#65,#66,#67,#68,#69,#70,#71),#1807,.T.);
#1894=ADVANCED_FACE('',(#156),#1808,.F.);
#1895=ADVANCED_FACE('',(#157),#1809,.F.);
#1896=ADVANCED_FACE('',(#158),#1810,.F.);
#1897=ADVANCED_FACE('',(#159),#1811,.T.);
#1898=ADVANCED_FACE('',(#160),#37,.T.);
#1899=ADVANCED_FACE('',(#161),#1812,.T.);
#1900=ADVANCED_FACE('',(#162),#38,.T.);
#1901=ADVANCED_FACE('',(#163),#39,.T.);
#1902=ADVANCED_FACE('',(#164),#1813,.T.);
#1903=ADVANCED_FACE('',(#165),#40,.T.);
#1904=ADVANCED_FACE('',(#166),#41,.F.);
#1905=ADVANCED_FACE('',(#167),#1814,.T.);
#1906=ADVANCED_FACE('',(#168),#42,.F.);
#1907=ADVANCED_FACE('',(#169),#1815,.T.);
#1908=ADVANCED_FACE('',(#170),#58,.F.);
#1909=ADVANCED_FACE('',(#171),#1816,.F.);
#1910=ADVANCED_FACE('',(#172),#59,.F.);
#1911=ADVANCED_FACE('',(#173),#43,.F.);
#1912=ADVANCED_FACE('',(#174,#72,#73,#74,#75,#76),#1817,.T.);
#1913=ADVANCED_FACE('',(#175),#1818,.T.);
#1914=ADVANCED_FACE('',(#176),#44,.F.);
#1915=ADVANCED_FACE('',(#177,#77),#1819,.T.);
#1916=ADVANCED_FACE('',(#178),#1820,.T.);
#1917=ADVANCED_FACE('',(#179),#1821,.T.);
#1918=ADVANCED_FACE('',(#180),#1822,.T.);
#1919=ADVANCED_FACE('',(#181),#60,.F.);
#1920=ADVANCED_FACE('',(#182),#61,.F.);
#1921=ADVANCED_FACE('',(#183),#1823,.T.);
#1922=CLOSED_SHELL('',(#1824,#1825,#1826,#1827,#1828,#1829,#1830,#1831,
#1832,#1833,#1834,#1835,#1836,#1837,#1838,#1839,#1840,#1841,#1842,#1843,
#1844,#1845,#1846,#1847,#1848,#1849,#1850,#1851,#1852,#1853,#1854,#1855,
#1856,#1857,#1858,#1859,#1860,#1861,#1862,#1863,#1864,#1865,#1866,#1867,
#1868,#1869,#1870,#1871,#1872,#1873,#1874,#1875,#1876,#1877,#1878,#1879,
#1880,#1881,#1882,#1883,#1884,#1885,#1886,#1887,#1888,#1889,#1890,#1891,
#1892,#1893,#1894,#1895,#1896,#1897,#1898,#1899,#1900,#1901,#1902,#1903,
#1904,#1905,#1906,#1907,#1908,#1909,#1910,#1911,#1912,#1913,#1914,#1915,
#1916,#1917,#1918,#1919,#1920,#1921));
#1923=AXIS2_PLACEMENT_3D('',#2467,#2027,#2028);
#1924=AXIS2_PLACEMENT_3D('',#2468,#2029,#2030);
#1925=AXIS2_PLACEMENT_3D('',#2477,#2035,#2036);
#1926=AXIS2_PLACEMENT_3D('',#2483,#2040,#2041);
#1927=AXIS2_PLACEMENT_3D('',#2489,#2045,#2046);
#1928=AXIS2_PLACEMENT_3D('',#2492,#2049,#2050);
#1929=AXIS2_PLACEMENT_3D('',#2493,#2051,#2052);
#1930=AXIS2_PLACEMENT_3D('',#2502,#2057,#2058);
#1931=AXIS2_PLACEMENT_3D('',#2508,#2062,#2063);
#1932=AXIS2_PLACEMENT_3D('',#2514,#2067,#2068);
#1933=AXIS2_PLACEMENT_3D('',#2520,#2072,#2073);
#1934=AXIS2_PLACEMENT_3D('',#2526,#2077,#2078);
#1935=AXIS2_PLACEMENT_3D('',#2532,#2082,#2083);
#1936=AXIS2_PLACEMENT_3D('',#2538,#2087,#2088);
#1937=AXIS2_PLACEMENT_3D('',#2544,#2092,#2093);
#1938=AXIS2_PLACEMENT_3D('',#2550,#2097,#2098);
#1939=AXIS2_PLACEMENT_3D('',#2556,#2102,#2103);
#1940=AXIS2_PLACEMENT_3D('',#2562,#2107,#2108);
#1941=AXIS2_PLACEMENT_3D('',#2568,#2112,#2113);
#1942=AXIS2_PLACEMENT_3D('',#2571,#2116,#2117);
#1943=AXIS2_PLACEMENT_3D('',#2572,#2118,#2119);
#1944=AXIS2_PLACEMENT_3D('',#2581,#2124,#2125);
#1945=AXIS2_PLACEMENT_3D('',#2587,#2129,#2130);
#1946=AXIS2_PLACEMENT_3D('',#2590,#2133,#2134);
#1947=AXIS2_PLACEMENT_3D('',#2599,#2139,#2140);
#1948=AXIS2_PLACEMENT_3D('',#2605,#2144,#2145);
#1949=AXIS2_PLACEMENT_3D('',#2611,#2149,#2150);
#1950=AXIS2_PLACEMENT_3D('',#2617,#2154,#2155);
#1951=AXIS2_PLACEMENT_3D('',#2623,#2159,#2160);
#1952=AXIS2_PLACEMENT_3D('',#2629,#2164,#2165);
#1953=AXIS2_PLACEMENT_3D('',#2635,#2169,#2170);
#1954=AXIS2_PLACEMENT_3D('',#2638,#2173,#2174);
#1955=AXIS2_PLACEMENT_3D('',#2639,#2175,#2176);
#1956=AXIS2_PLACEMENT_3D('',#2648,#2181,#2182);
#1957=AXIS2_PLACEMENT_3D('',#2654,#2186,#2187);
#1958=AXIS2_PLACEMENT_3D('',#2660,#2191,#2192);
#1959=AXIS2_PLACEMENT_3D('',#2663,#2195,#2196);
#1960=AXIS2_PLACEMENT_3D('',#2664,#2197,#2198);
#1961=AXIS2_PLACEMENT_3D('',#2673,#2203,#2204);
#1962=AXIS2_PLACEMENT_3D('',#2679,#2208,#2209);
#1963=AXIS2_PLACEMENT_3D('',#2685,#2213,#2214);
#1964=AXIS2_PLACEMENT_3D('',#2688,#2217,#2218);
#1965=AXIS2_PLACEMENT_3D('',#2689,#2219,#2220);
#1966=AXIS2_PLACEMENT_3D('',#2698,#2225,#2226);
#1967=AXIS2_PLACEMENT_3D('',#2704,#2230,#2231);
#1968=AXIS2_PLACEMENT_3D('',#2710,#2235,#2236);
#1969=AXIS2_PLACEMENT_3D('',#2716,#2240,#2241);
#1970=AXIS2_PLACEMENT_3D('',#2722,#2245,#2246);
#1971=AXIS2_PLACEMENT_3D('',#2728,#2250,#2251);
#1972=AXIS2_PLACEMENT_3D('',#2734,#2255,#2256);
#1973=AXIS2_PLACEMENT_3D('',#2740,#2260,#2261);
#1974=AXIS2_PLACEMENT_3D('',#2746,#2265,#2266);
#1975=AXIS2_PLACEMENT_3D('',#2752,#2270,#2271);
#1976=AXIS2_PLACEMENT_3D('',#2758,#2275,#2276);
#1977=AXIS2_PLACEMENT_3D('',#2761,#2279,#2280);
#1978=AXIS2_PLACEMENT_3D('',#2762,#2281,#2282);
#1979=AXIS2_PLACEMENT_3D('',#2771,#2287,#2288);
#1980=AXIS2_PLACEMENT_3D('',#2777,#2292,#2293);
#1981=AXIS2_PLACEMENT_3D('',#2783,#2297,#2298);
#1982=AXIS2_PLACEMENT_3D('',#2789,#2302,#2303);
#1983=AXIS2_PLACEMENT_3D('',#2795,#2307,#2308);
#1984=AXIS2_PLACEMENT_3D('',#2801,#2312,#2313);
#1985=AXIS2_PLACEMENT_3D('',#2807,#2317,#2318);
#1986=AXIS2_PLACEMENT_3D('',#2810,#2321,#2322);
#1987=AXIS2_PLACEMENT_3D('',#2811,#2323,#2324);
#1988=AXIS2_PLACEMENT_3D('',#2812,#2325,#2326);
#1989=AXIS2_PLACEMENT_3D('',#2821,#2331,#2332);
#1990=AXIS2_PLACEMENT_3D('',#2824,#2333,#2334);
#1991=AXIS2_PLACEMENT_3D('',#2829,#2337,#2338);
#1992=AXIS2_PLACEMENT_3D('',#2839,#2344,#2345);
#1993=AXIS2_PLACEMENT_3D('',#2843,#2347,#2348);
#1994=AXIS2_PLACEMENT_3D('',#2845,#2350,#2351);
#1995=AXIS2_PLACEMENT_3D('',#2851,#2355,#2356);
#1996=AXIS2_PLACEMENT_3D('',#2855,#2358,#2359);
#1997=AXIS2_PLACEMENT_3D('',#2857,#2361,#2362);
#1998=AXIS2_PLACEMENT_3D('',#2864,#2367,#2368);
#1999=AXIS2_PLACEMENT_3D('',#2868,#2371,#2372);
#2000=AXIS2_PLACEMENT_3D('',#2872,#2375,#2376);
#2001=AXIS2_PLACEMENT_3D('',#2874,#2378,#2379);
#2002=AXIS2_PLACEMENT_3D('',#3000,#2385,#2386);
#2003=AXIS2_PLACEMENT_3D('',#3251,#2391,#2392);
#2004=AXIS2_PLACEMENT_3D('',#3426,#2397,#2398);
#2005=AXIS2_PLACEMENT_3D('',#3494,#2402,#2403);
#2006=AXIS2_PLACEMENT_3D('',#3498,#2406,#2407);
#2007=AXIS2_PLACEMENT_3D('',#3500,#2408,#2409);
#2008=AXIS2_PLACEMENT_3D('',#3502,#2411,#2412);
#2009=AXIS2_PLACEMENT_3D('',#3503,#2413,#2414);
#2010=AXIS2_PLACEMENT_3D('',#3504,#2415,#2416);
#2011=AXIS2_PLACEMENT_3D('',#3506,#2417,#2418);
#2012=AXIS2_PLACEMENT_3D('',#3507,#2419,#2420);
#2013=AXIS2_PLACEMENT_3D('',#3508,#2421,#2422);
#2014=AXIS2_PLACEMENT_3D('',#3509,#2423,#2424);
#2015=AXIS2_PLACEMENT_3D('',#3511,#2425,#2426);
#2016=AXIS2_PLACEMENT_3D('',#3577,#2429,#2430);
#2017=AXIS2_PLACEMENT_3D('',#3603,#2432,#2433);
#2018=AXIS2_PLACEMENT_3D('',#3605,#2434,#2435);
#2019=AXIS2_PLACEMENT_3D('',#3614,#2440,#2441);
#2020=AXIS2_PLACEMENT_3D('',#3656,#2443,#2444);
#2021=AXIS2_PLACEMENT_3D('',#3662,#2448,#2449);
#2022=AXIS2_PLACEMENT_3D('',#3666,#2452,#2453);
#2023=AXIS2_PLACEMENT_3D('',#3670,#2456,#2457);
#2024=AXIS2_PLACEMENT_3D('',#3672,#2459,#2460);
#2025=AXIS2_PLACEMENT_3D('',#3674,#2462,#2463);
#2026=AXIS2_PLACEMENT_3D('',#3676,#2465,#2466);
#2027=DIRECTION('axis',(0.,0.,1.));
#2028=DIRECTION('refdir',(1.,0.,0.));
#2029=DIRECTION('center_axis',(0.,-1.,0.));
#2030=DIRECTION('ref_axis',(1.,0.,0.));
#2031=DIRECTION('',(1.,0.,0.));
#2032=DIRECTION('',(0.,0.,1.));
#2033=DIRECTION('',(1.,0.,0.));
#2034=DIRECTION('',(0.,0.,1.));
#2035=DIRECTION('center_axis',(-1.,0.,0.));
#2036=DIRECTION('ref_axis',(0.,-1.,0.));
#2037=DIRECTION('',(0.,-1.,0.));
#2038=DIRECTION('',(0.,0.,1.));
#2039=DIRECTION('',(0.,-1.,0.));
#2040=DIRECTION('center_axis',(0.,1.,0.));
#2041=DIRECTION('ref_axis',(-1.,0.,0.));
#2042=DIRECTION('',(-1.,0.,0.));
#2043=DIRECTION('',(0.,0.,1.));
#2044=DIRECTION('',(-1.,0.,0.));
#2045=DIRECTION('center_axis',(1.,0.,0.));
#2046=DIRECTION('ref_axis',(0.,1.,0.));
#2047=DIRECTION('',(0.,1.,0.));
#2048=DIRECTION('',(0.,1.,0.));
#2049=DIRECTION('center_axis',(0.,0.,1.));
#2050=DIRECTION('ref_axis',(1.,0.,0.));
#2051=DIRECTION('center_axis',(0.,-1.,0.));
#2052=DIRECTION('ref_axis',(1.,0.,0.));
#2053=DIRECTION('',(1.,0.,0.));
#2054=DIRECTION('',(0.,0.,1.));
#2055=DIRECTION('',(1.,0.,0.));
#2056=DIRECTION('',(0.,0.,1.));
#2057=DIRECTION('center_axis',(-1.,0.,0.));
#2058=DIRECTION('ref_axis',(0.,-1.,0.));
#2059=DIRECTION('',(0.,-1.,0.));
#2060=DIRECTION('',(0.,0.,1.));
#2061=DIRECTION('',(0.,-1.,0.));
#2062=DIRECTION('center_axis',(0.968939090903949,-0.247299490735888,0.));
#2063=DIRECTION('ref_axis',(0.247299490735888,0.968939090903949,0.));
#2064=DIRECTION('',(0.247299490735888,0.968939090903949,0.));
#2065=DIRECTION('',(0.,0.,1.));
#2066=DIRECTION('',(0.247299490735888,0.968939090903948,0.));
#2067=DIRECTION('center_axis',(0.,-1.,0.));
#2068=DIRECTION('ref_axis',(1.,0.,0.));
#2069=DIRECTION('',(1.,0.,0.));
#2070=DIRECTION('',(0.,0.,1.));
#2071=DIRECTION('',(1.,0.,0.));
#2072=DIRECTION('center_axis',(-0.968832166777576,-0.247718050648449,0.));
#2073=DIRECTION('ref_axis',(0.247718050648449,-0.968832166777576,0.));
#2074=DIRECTION('',(0.247718050648449,-0.968832166777576,0.));
#2075=DIRECTION('',(0.,0.,1.));
#2076=DIRECTION('',(0.247718050648449,-0.968832166777576,0.));
#2077=DIRECTION('center_axis',(1.,0.,0.));
#2078=DIRECTION('ref_axis',(0.,1.,0.));
#2079=DIRECTION('',(0.,1.,0.));
#2080=DIRECTION('',(0.,0.,1.));
#2081=DIRECTION('',(0.,1.,0.));
#2082=DIRECTION('center_axis',(0.,-1.,0.));
#2083=DIRECTION('ref_axis',(1.,0.,0.));
#2084=DIRECTION('',(1.,0.,0.));
#2085=DIRECTION('',(0.,0.,1.));
#2086=DIRECTION('',(1.,0.,0.));
#2087=DIRECTION('center_axis',(-1.,0.,0.));
#2088=DIRECTION('ref_axis',(0.,-1.,0.));
#2089=DIRECTION('',(0.,-1.,0.));
#2090=DIRECTION('',(0.,0.,1.));
#2091=DIRECTION('',(0.,-1.,0.));
#2092=DIRECTION('center_axis',(0.,1.,0.));
#2093=DIRECTION('ref_axis',(-1.,0.,0.));
#2094=DIRECTION('',(-1.,0.,0.));
#2095=DIRECTION('',(0.,0.,1.));
#2096=DIRECTION('',(-1.,0.,0.));
#2097=DIRECTION('center_axis',(0.968822793129964,0.247754708354564,0.));
#2098=DIRECTION('ref_axis',(-0.247754708354564,0.968822793129964,0.));
#2099=DIRECTION('',(-0.247754708354564,0.968822793129964,0.));
#2100=DIRECTION('',(0.,0.,1.));
#2101=DIRECTION('',(-0.247754708354564,0.968822793129964,0.));
#2102=DIRECTION('center_axis',(-0.968393633427644,0.249426884550978,0.));
#2103=DIRECTION('ref_axis',(-0.249426884550978,-0.968393633427644,0.));
#2104=DIRECTION('',(-0.249426884550978,-0.968393633427644,0.));
#2105=DIRECTION('',(0.,0.,1.));
#2106=DIRECTION('',(-0.249426884550978,-0.968393633427644,0.));
#2107=DIRECTION('center_axis',(0.,1.,0.));
#2108=DIRECTION('ref_axis',(-1.,0.,0.));
#2109=DIRECTION('',(-1.,0.,0.));
#2110=DIRECTION('',(0.,0.,1.));
#2111=DIRECTION('',(-1.,0.,0.));
#2112=DIRECTION('center_axis',(1.,0.,0.));
#2113=DIRECTION('ref_axis',(0.,1.,0.));
#2114=DIRECTION('',(0.,1.,0.));
#2115=DIRECTION('',(0.,1.,0.));
#2116=DIRECTION('center_axis',(0.,0.,1.));
#2117=DIRECTION('ref_axis',(1.,0.,0.));
#2118=DIRECTION('center_axis',(-0.956816230710141,-0.290693482296452,0.));
#2119=DIRECTION('ref_axis',(0.290693482296452,-0.956816230710141,0.));
#2120=DIRECTION('',(0.290693482296452,-0.956816230710141,0.));
#2121=DIRECTION('',(0.,0.,1.));
#2122=DIRECTION('',(0.290693482296452,-0.956816230710141,0.));
#2123=DIRECTION('',(0.,0.,1.));
#2124=DIRECTION('center_axis',(0.955937063314184,-0.293571679462194,0.));
#2125=DIRECTION('ref_axis',(0.293571679462194,0.955937063314184,0.));
#2126=DIRECTION('',(0.293571679462194,0.955937063314184,0.));
#2127=DIRECTION('',(0.,0.,1.));
#2128=DIRECTION('',(0.293571679462194,0.955937063314184,0.));
#2129=DIRECTION('center_axis',(0.,1.,0.));
#2130=DIRECTION('ref_axis',(-1.,0.,0.));
#2131=DIRECTION('',(-1.,0.,0.));
#2132=DIRECTION('',(-1.,0.,0.));
#2133=DIRECTION('center_axis',(0.,-1.,0.));
#2134=DIRECTION('ref_axis',(1.,0.,0.));
#2135=DIRECTION('',(1.,0.,0.));
#2136=DIRECTION('',(0.,0.,1.));
#2137=DIRECTION('',(1.,0.,0.));
#2138=DIRECTION('',(0.,0.,1.));
#2139=DIRECTION('center_axis',(-0.936089465019634,0.351762012558571,0.));
#2140=DIRECTION('ref_axis',(-0.351762012558571,-0.936089465019634,0.));
#2141=DIRECTION('',(-0.351762012558571,-0.936089465019634,0.));
#2142=DIRECTION('',(0.,0.,1.));
#2143=DIRECTION('',(-0.351762012558571,-0.936089465019634,0.));
#2144=DIRECTION('center_axis',(0.,1.,0.));
#2145=DIRECTION('ref_axis',(-1.,0.,0.));
#2146=DIRECTION('',(-1.,0.,0.));
#2147=DIRECTION('',(0.,0.,1.));
#2148=DIRECTION('',(-1.,0.,0.));
#2149=DIRECTION('center_axis',(0.936069768850887,0.351814422449461,0.));
#2150=DIRECTION('ref_axis',(-0.351814422449461,0.936069768850887,0.));
#2151=DIRECTION('',(-0.351814422449461,0.936069768850887,0.));
#2152=DIRECTION('',(0.,0.,1.));
#2153=DIRECTION('',(-0.351814422449461,0.936069768850887,0.));
#2154=DIRECTION('center_axis',(0.,-1.,0.));
#2155=DIRECTION('ref_axis',(1.,0.,0.));
#2156=DIRECTION('',(1.,0.,0.));
#2157=DIRECTION('',(0.,0.,1.));
#2158=DIRECTION('',(1.,0.,0.));
#2159=DIRECTION('center_axis',(-0.959068258991233,-0.283174989353799,0.));
#2160=DIRECTION('ref_axis',(0.283174989353799,-0.959068258991233,0.));
#2161=DIRECTION('',(0.283174989353799,-0.959068258991233,0.));
#2162=DIRECTION('',(0.,0.,1.));
#2163=DIRECTION('',(0.283174989353799,-0.959068258991233,0.));
#2164=DIRECTION('center_axis',(0.,-1.,0.));
#2165=DIRECTION('ref_axis',(1.,0.,0.));
#2166=DIRECTION('',(1.,0.,0.));
#2167=DIRECTION('',(0.,0.,1.));
#2168=DIRECTION('',(1.,0.,0.));
#2169=DIRECTION('center_axis',(0.957030007625611,-0.289988904105178,0.));
#2170=DIRECTION('ref_axis',(0.289988904105178,0.957030007625611,0.));
#2171=DIRECTION('',(0.289988904105178,0.957030007625611,0.));
#2172=DIRECTION('',(0.289988904105178,0.957030007625611,0.));
#2173=DIRECTION('center_axis',(0.,0.,1.));
#2174=DIRECTION('ref_axis',(1.,0.,0.));
#2175=DIRECTION('center_axis',(0.,-1.,0.));
#2176=DIRECTION('ref_axis',(1.,0.,0.));
#2177=DIRECTION('',(1.,0.,0.));
#2178=DIRECTION('',(0.,0.,1.));
#2179=DIRECTION('',(1.,0.,0.));
#2180=DIRECTION('',(0.,0.,1.));
#2181=DIRECTION('center_axis',(-1.,0.,0.));
#2182=DIRECTION('ref_axis',(0.,-1.,0.));
#2183=DIRECTION('',(0.,-1.,0.));
#2184=DIRECTION('',(0.,0.,1.));
#2185=DIRECTION('',(0.,-1.,0.));
#2186=DIRECTION('center_axis',(0.,1.,0.));
#2187=DIRECTION('ref_axis',(-1.,0.,0.));
#2188=DIRECTION('',(-1.,0.,0.));
#2189=DIRECTION('',(0.,0.,1.));
#2190=DIRECTION('',(-1.,0.,0.));
#2191=DIRECTION('center_axis',(1.,0.,0.));
#2192=DIRECTION('ref_axis',(0.,1.,0.));
#2193=DIRECTION('',(0.,1.,0.));
#2194=DIRECTION('',(0.,1.,0.));
#2195=DIRECTION('center_axis',(0.,0.,1.));
#2196=DIRECTION('ref_axis',(1.,0.,0.));
#2197=DIRECTION('center_axis',(0.,-1.,0.));
#2198=DIRECTION('ref_axis',(1.,0.,0.));
#2199=DIRECTION('',(1.,0.,0.));
#2200=DIRECTION('',(0.,0.,1.));
#2201=DIRECTION('',(1.,0.,0.));
#2202=DIRECTION('',(0.,0.,1.));
#2203=DIRECTION('center_axis',(-1.,0.,0.));
#2204=DIRECTION('ref_axis',(0.,-1.,0.));
#2205=DIRECTION('',(0.,-1.,0.));
#2206=DIRECTION('',(0.,0.,1.));
#2207=DIRECTION('',(0.,-1.,0.));
#2208=DIRECTION('center_axis',(0.,1.,0.));
#2209=DIRECTION('ref_axis',(-1.,0.,0.));
#2210=DIRECTION('',(-1.,0.,0.));
#2211=DIRECTION('',(0.,0.,1.));
#2212=DIRECTION('',(-1.,0.,0.));
#2213=DIRECTION('center_axis',(1.,0.,0.));
#2214=DIRECTION('ref_axis',(0.,1.,0.));
#2215=DIRECTION('',(0.,1.,0.));
#2216=DIRECTION('',(0.,1.,0.));
#2217=DIRECTION('center_axis',(0.,0.,1.));
#2218=DIRECTION('ref_axis',(1.,0.,0.));
#2219=DIRECTION('center_axis',(0.,-1.,0.));
#2220=DIRECTION('ref_axis',(1.,0.,0.));
#2221=DIRECTION('',(1.,0.,0.));
#2222=DIRECTION('',(0.,0.,1.));
#2223=DIRECTION('',(1.,0.,0.));
#2224=DIRECTION('',(0.,0.,1.));
#2225=DIRECTION('center_axis',(-1.,0.,0.));
#2226=DIRECTION('ref_axis',(0.,-1.,0.));
#2227=DIRECTION('',(0.,-1.,0.));
#2228=DIRECTION('',(0.,0.,1.));
#2229=DIRECTION('',(0.,-1.,0.));
#2230=DIRECTION('center_axis',(0.,1.,0.));
#2231=DIRECTION('ref_axis',(-1.,0.,0.));
#2232=DIRECTION('',(-1.,0.,0.));
#2233=DIRECTION('',(0.,0.,1.));
#2234=DIRECTION('',(-1.,0.,0.));
#2235=DIRECTION('center_axis',(-1.,0.,0.));
#2236=DIRECTION('ref_axis',(0.,-1.,0.));
#2237=DIRECTION('',(0.,-1.,0.));
#2238=DIRECTION('',(0.,0.,1.));
#2239=DIRECTION('',(0.,-1.,0.));
#2240=DIRECTION('center_axis',(0.,-1.,0.));
#2241=DIRECTION('ref_axis',(1.,0.,0.));
#2242=DIRECTION('',(1.,0.,0.));
#2243=DIRECTION('',(0.,0.,1.));
#2244=DIRECTION('',(1.,0.,0.));
#2245=DIRECTION('center_axis',(-1.,0.,0.));
#2246=DIRECTION('ref_axis',(0.,-1.,0.));
#2247=DIRECTION('',(0.,-1.,0.));
#2248=DIRECTION('',(0.,0.,1.));
#2249=DIRECTION('',(0.,-1.,0.));
#2250=DIRECTION('center_axis',(0.,1.,0.));
#2251=DIRECTION('ref_axis',(-1.,0.,0.));
#2252=DIRECTION('',(-1.,0.,0.));
#2253=DIRECTION('',(0.,0.,1.));
#2254=DIRECTION('',(-1.,0.,0.));
#2255=DIRECTION('center_axis',(-1.,0.,0.));
#2256=DIRECTION('ref_axis',(0.,-1.,0.));
#2257=DIRECTION('',(0.,-1.,0.));
#2258=DIRECTION('',(0.,0.,1.));
#2259=DIRECTION('',(0.,-1.,0.));
#2260=DIRECTION('center_axis',(0.,-1.,0.));
#2261=DIRECTION('ref_axis',(1.,0.,0.));
#2262=DIRECTION('',(1.,0.,0.));
#2263=DIRECTION('',(0.,0.,1.));
#2264=DIRECTION('',(1.,0.,0.));
#2265=DIRECTION('center_axis',(-1.,0.,0.));
#2266=DIRECTION('ref_axis',(0.,-1.,0.));
#2267=DIRECTION('',(0.,-1.,0.));
#2268=DIRECTION('',(0.,0.,1.));
#2269=DIRECTION('',(0.,-1.,0.));
#2270=DIRECTION('center_axis',(0.,1.,0.));
#2271=DIRECTION('ref_axis',(-1.,0.,0.));
#2272=DIRECTION('',(-1.,0.,0.));
#2273=DIRECTION('',(0.,0.,1.));
#2274=DIRECTION('',(-1.,0.,0.));
#2275=DIRECTION('center_axis',(1.,0.,0.));
#2276=DIRECTION('ref_axis',(0.,1.,0.));
#2277=DIRECTION('',(0.,1.,0.));
#2278=DIRECTION('',(0.,1.,0.));
#2279=DIRECTION('center_axis',(0.,0.,1.));
#2280=DIRECTION('ref_axis',(1.,0.,0.));
#2281=DIRECTION('center_axis',(0.,-1.,0.));
#2282=DIRECTION('ref_axis',(1.,0.,0.));
#2283=DIRECTION('',(1.,0.,0.));
#2284=DIRECTION('',(0.,0.,1.));
#2285=DIRECTION('',(1.,0.,0.));
#2286=DIRECTION('',(0.,0.,1.));
#2287=DIRECTION('center_axis',(1.,0.,0.));
#2288=DIRECTION('ref_axis',(0.,1.,0.));
#2289=DIRECTION('',(0.,1.,0.));
#2290=DIRECTION('',(0.,0.,1.));
#2291=DIRECTION('',(0.,1.,0.));
#2292=DIRECTION('center_axis',(0.,-1.,0.));
#2293=DIRECTION('ref_axis',(1.,0.,0.));
#2294=DIRECTION('',(1.,0.,0.));
#2295=DIRECTION('',(0.,0.,1.));
#2296=DIRECTION('',(1.,0.,0.));
#2297=DIRECTION('center_axis',(-1.,0.,0.));
#2298=DIRECTION('ref_axis',(0.,-1.,0.));
#2299=DIRECTION('',(0.,-1.,0.));
#2300=DIRECTION('',(0.,0.,1.));
#2301=DIRECTION('',(0.,-1.,0.));
#2302=DIRECTION('center_axis',(0.,-1.,0.));
#2303=DIRECTION('ref_axis',(1.,0.,0.));
#2304=DIRECTION('',(1.,0.,0.));
#2305=DIRECTION('',(0.,0.,1.));
#2306=DIRECTION('',(1.,0.,0.));
#2307=DIRECTION('center_axis',(-1.,0.,0.));
#2308=DIRECTION('ref_axis',(0.,-1.,0.));
#2309=DIRECTION('',(0.,-1.,0.));
#2310=DIRECTION('',(0.,0.,1.));
#2311=DIRECTION('',(0.,-1.,0.));
#2312=DIRECTION('center_axis',(0.,1.,0.));
#2313=DIRECTION('ref_axis',(-1.,0.,0.));
#2314=DIRECTION('',(-1.,0.,0.));
#2315=DIRECTION('',(0.,0.,1.));
#2316=DIRECTION('',(-1.,0.,0.));
#2317=DIRECTION('center_axis',(1.,0.,0.));
#2318=DIRECTION('ref_axis',(0.,1.,0.));
#2319=DIRECTION('',(0.,1.,0.));
#2320=DIRECTION('',(0.,1.,0.));
#2321=DIRECTION('center_axis',(0.,0.,1.));
#2322=DIRECTION('ref_axis',(1.,0.,0.));
#2323=DIRECTION('center_axis',(0.,0.,-1.));
#2324=DIRECTION('ref_axis',(-1.,0.,0.));
#2325=DIRECTION('center_axis',(0.,0.382683432365091,-0.923879532511287));
#2326=DIRECTION('ref_axis',(-1.,0.,0.));
#2327=DIRECTION('',(0.,-0.923879532511286,-0.382683432365091));
#2328=DIRECTION('',(1.,0.,0.));
#2329=DIRECTION('',(0.,0.923879532511286,0.382683432365091));
#2330=DIRECTION('',(-1.,0.,0.));
#2331=DIRECTION('center_axis',(0.,-0.707106781186547,-0.707106781186548));
#2332=DIRECTION('ref_axis',(-1.,0.,0.));
#2333=DIRECTION('center_axis',(0.,0.707106781186547,0.707106781186548));
#2334=DIRECTION('ref_axis',(0.,0.707106781186548,-0.707106781186547));
#2335=DIRECTION('',(0.,0.707106781186548,-0.707106781186547));
#2336=DIRECTION('',(0.,-0.707106781186548,0.707106781186547));
#2337=DIRECTION('center_axis',(0.,0.707106781186547,0.707106781186548));
#2338=DIRECTION('ref_axis',(-6.54205191118239E-17,0.707106781186548,-0.707106781186547));
#2339=DIRECTION('',(1.,0.,0.));
#2340=DIRECTION('',(0.,-0.707106781186548,0.707106781186547));
#2341=DIRECTION('',(-1.,0.,0.));
#2342=DIRECTION('',(3.88597883524234E-15,-0.707106781186548,0.707106781186547));
#2343=DIRECTION('',(1.,0.,0.));
#2344=DIRECTION('center_axis',(0.,-1.,0.));
#2345=DIRECTION('ref_axis',(0.707106781186546,0.,-0.707106781186549));
#2346=DIRECTION('',(0.,1.,0.));
#2347=DIRECTION('center_axis',(0.,1.,0.));
#2348=DIRECTION('ref_axis',(0.707106781186546,0.,-0.707106781186549));
#2349=DIRECTION('',(0.,-1.,0.));
#2350=DIRECTION('center_axis',(-1.,0.,0.));
#2351=DIRECTION('ref_axis',(0.,-1.,0.));
#2352=DIRECTION('',(0.,0.,1.));
#2353=DIRECTION('',(0.,1.,0.));
#2354=DIRECTION('',(0.,0.,1.));
#2355=DIRECTION('center_axis',(0.,1.,0.));
#2356=DIRECTION('ref_axis',(-0.707106781186548,0.,-0.707106781186547));
#2357=DIRECTION('',(0.,1.,0.));
#2358=DIRECTION('center_axis',(0.,1.,0.));
#2359=DIRECTION('ref_axis',(-0.707106781186548,0.,-0.707106781186547));
#2360=DIRECTION('',(0.,-1.,0.));
#2361=DIRECTION('center_axis',(0.,0.,-1.));
#2362=DIRECTION('ref_axis',(-1.,0.,0.));
#2363=DIRECTION('',(0.,-1.,0.));
#2364=DIRECTION('',(-1.,0.,0.));
#2365=DIRECTION('',(0.,1.,0.));
#2366=DIRECTION('',(-1.,0.,0.));
#2367=DIRECTION('center_axis',(0.,-1.,0.));
#2368=DIRECTION('ref_axis',(1.,0.,0.));
#2369=DIRECTION('',(-1.,0.,0.));
#2370=DIRECTION('',(0.,0.,1.));
#2371=DIRECTION('center_axis',(1.,0.,0.));
#2372=DIRECTION('ref_axis',(0.,1.,0.));
#2373=DIRECTION('',(0.,-1.,0.));
#2374=DIRECTION('',(0.,0.,1.));
#2375=DIRECTION('center_axis',(0.,1.,0.));
#2376=DIRECTION('ref_axis',(-1.,0.,0.));
#2377=DIRECTION('',(1.,0.,0.));
#2378=DIRECTION('center_axis',(0.,-0.707106781186547,0.707106781186548));
#2379=DIRECTION('ref_axis',(1.,0.,0.));
#2380=DIRECTION('',(3.14018491736755E-16,-0.707106781186548,-0.707106781186547));
#2381=DIRECTION('',(1.,0.,0.));
#2382=DIRECTION('',(0.,0.707106781186548,0.707106781186547));
#2383=DIRECTION('',(-1.,0.,0.));
#2384=DIRECTION('',(0.707106781186548,-0.707106781186548,5.02429586778808E-15));
#2385=DIRECTION('center_axis',(-0.707106781186548,-0.707106781186547,0.));
#2386=DIRECTION('ref_axis',(0.,0.,1.));
#2387=DIRECTION('',(0.707106781186547,-0.707106781186548,0.));
#2388=DIRECTION('',(0.,0.,1.));
#2389=DIRECTION('',(0.,0.,-1.));
#2390=DIRECTION('',(-0.707106781186547,-0.707106781186548,-5.61308053979449E-15));
#2391=DIRECTION('center_axis',(0.707106781186548,-0.707106781186547,0.));
#2392=DIRECTION('ref_axis',(0.,0.,-1.));
#2393=DIRECTION('',(-0.707106781186547,-0.707106781186548,0.));
#2394=DIRECTION('',(0.,0.,-1.));
#2395=DIRECTION('',(0.,0.,1.));
#2396=DIRECTION('',(0.,1.,0.));
#2397=DIRECTION('center_axis',(-1.,0.,0.));
#2398=DIRECTION('ref_axis',(0.,0.,1.));
#2399=DIRECTION('',(0.,-1.,0.));
#2400=DIRECTION('',(0.,0.,1.));
#2401=DIRECTION('',(0.,1.,0.));
#2402=DIRECTION('center_axis',(0.,0.,1.));
#2403=DIRECTION('ref_axis',(1.,0.,0.));
#2404=DIRECTION('',(0.,-1.,0.));
#2405=DIRECTION('',(1.,0.,0.));
#2406=DIRECTION('center_axis',(0.,1.,0.));
#2407=DIRECTION('ref_axis',(-1.,0.,0.));
#2408=DIRECTION('center_axis',(0.,-1.,0.));
#2409=DIRECTION('ref_axis',(-1.,0.,0.));
#2410=DIRECTION('',(0.,-1.,0.));
#2411=DIRECTION('center_axis',(0.,-1.,0.));
#2412=DIRECTION('ref_axis',(-1.,0.,0.));
#2413=DIRECTION('center_axis',(0.,1.,0.));
#2414=DIRECTION('ref_axis',(-1.,0.,0.));
#2415=DIRECTION('center_axis',(0.,-1.,0.));
#2416=DIRECTION('ref_axis',(-1.,0.,0.));
#2417=DIRECTION('center_axis',(0.,-1.,0.));
#2418=DIRECTION('ref_axis',(-1.,0.,0.));
#2419=DIRECTION('center_axis',(0.,-1.,0.));
#2420=DIRECTION('ref_axis',(-1.,0.,0.));
#2421=DIRECTION('center_axis',(0.,-1.,0.));
#2422=DIRECTION('ref_axis',(-1.,0.,0.));
#2423=DIRECTION('center_axis',(0.,1.,0.));
#2424=DIRECTION('ref_axis',(-1.,0.,0.));
#2425=DIRECTION('center_axis',(0.,-1.,0.));
#2426=DIRECTION('ref_axis',(-1.,0.,0.));
#2427=DIRECTION('',(0.,-1.,0.));
#2428=DIRECTION('',(0.,1.,0.));
#2429=DIRECTION('center_axis',(0.,1.,0.));
#2430=DIRECTION('ref_axis',(-1.,0.,0.));
#2431=DIRECTION('',(0.,0.,-1.));
#2432=DIRECTION('center_axis',(0.,-1.,0.));
#2433=DIRECTION('ref_axis',(-1.,0.,0.));
#2434=DIRECTION('center_axis',(0.,-1.,0.));
#2435=DIRECTION('ref_axis',(-1.,0.,0.));
#2436=DIRECTION('',(-1.,0.,0.));
#2437=DIRECTION('',(0.,0.,-1.));
#2438=DIRECTION('',(1.,0.,0.));
#2439=DIRECTION('',(0.,0.,1.));
#2440=DIRECTION('center_axis',(1.,0.,0.));
#2441=DIRECTION('ref_axis',(0.,0.,-1.));
#2442=DIRECTION('',(0.,-1.,0.));
#2443=DIRECTION('center_axis',(0.,0.,1.));
#2444=DIRECTION('ref_axis',(1.,0.,0.));
#2445=DIRECTION('',(-1.,0.,0.));
#2446=DIRECTION('',(0.,1.,0.));
#2447=DIRECTION('',(0.,1.,0.));
#2448=DIRECTION('center_axis',(-1.,0.,0.));
#2449=DIRECTION('ref_axis',(0.,0.,1.));
#2450=DIRECTION('',(0.,0.,-1.));
#2451=DIRECTION('',(0.,1.,0.));
#2452=DIRECTION('center_axis',(1.,0.,0.));
#2453=DIRECTION('ref_axis',(0.,0.,-1.));
#2454=DIRECTION('',(0.,0.,1.));
#2455=DIRECTION('',(0.,1.,0.));
#2456=DIRECTION('center_axis',(0.,0.,-1.));
#2457=DIRECTION('ref_axis',(-1.,0.,0.));
#2458=DIRECTION('',(1.,0.,0.));
#2459=DIRECTION('center_axis',(0.,1.,0.));
#2460=DIRECTION('ref_axis',(-1.,0.,0.));
#2461=DIRECTION('',(0.,-1.,0.));
#2462=DIRECTION('center_axis',(0.,1.,0.));
#2463=DIRECTION('ref_axis',(-1.,0.,0.));
#2464=DIRECTION('',(0.,-1.,0.));
#2465=DIRECTION('center_axis',(0.,1.,0.));
#2466=DIRECTION('ref_axis',(-1.,0.,0.));
#2467=CARTESIAN_POINT('',(0.,0.,0.));
#2468=CARTESIAN_POINT('Origin',(64.7438610345125,23.0000004172325,-10.0009029041614));
#2469=CARTESIAN_POINT('',(64.7438610345125,23.0000004172325,-10.0009029041614));
#2470=CARTESIAN_POINT('',(66.2274897843599,23.0000004172325,-10.0009029041614));
#2471=CARTESIAN_POINT('',(87.5680419699802,23.0000004172325,-10.0009029041614));
#2472=CARTESIAN_POINT('',(64.7438610345125,23.0000004172325,-7.7009029041614));
#2473=CARTESIAN_POINT('',(64.7438610345125,23.0000004172325,-10.0009029041614));
#2474=CARTESIAN_POINT('',(66.2274897843599,23.0000004172325,-7.7009029041614));
#2475=CARTESIAN_POINT('',(64.7438610345125,23.0000004172325,-7.7009029041614));
#2476=CARTESIAN_POINT('',(66.2274897843599,23.0000004172325,-10.0009029041614));
#2477=CARTESIAN_POINT('Origin',(64.7438610345125,24.3915423750877,-10.0009029041614));
#2478=CARTESIAN_POINT('',(64.7438610345125,24.3915423750877,-10.0009029041614));
#2479=CARTESIAN_POINT('',(64.7438610345125,20.5298796320008,-10.0009029041614));
#2480=CARTESIAN_POINT('',(64.7438610345125,24.3915423750877,-7.7009029041614));
#2481=CARTESIAN_POINT('',(64.7438610345125,24.3915423750877,-10.0009029041614));
#2482=CARTESIAN_POINT('',(64.7438610345125,24.3915423750877,-7.7009029041614));
#2483=CARTESIAN_POINT('Origin',(66.2274897843599,24.3915423750877,-10.0009029041614));
#2484=CARTESIAN_POINT('',(66.2274897843599,24.3915423750877,-10.0009029041614));
#2485=CARTESIAN_POINT('',(88.3098563449039,24.3915423750877,-10.0009029041614));
#2486=CARTESIAN_POINT('',(66.2274897843599,24.3915423750877,-7.7009029041614));
#2487=CARTESIAN_POINT('',(66.2274897843599,24.3915423750877,-10.0009029041614));
#2488=CARTESIAN_POINT('',(66.2274897843599,24.3915423750877,-7.7009029041614));
#2489=CARTESIAN_POINT('Origin',(66.2274897843599,23.0000004172325,-10.0009029041614));
#2490=CARTESIAN_POINT('',(66.2274897843599,19.8341086530732,-10.0009029041614));
#2491=CARTESIAN_POINT('',(66.2274897843599,23.0000004172325,-7.7009029041614));
#2492=CARTESIAN_POINT('Origin',(55.9999994188547,25.5000004172325,-7.7009029041614));
#2493=CARTESIAN_POINT('Origin',(45.5061406642199,23.0000004172325,-10.0009029041614));
#2494=CARTESIAN_POINT('',(45.5061406642199,23.0000004172325,-10.0009029041614));
#2495=CARTESIAN_POINT('',(46.7714852839708,23.0000004172325,-10.0009029041614));
#2496=CARTESIAN_POINT('',(77.9491817848339,23.0000004172325,-10.0009029041614));
#2497=CARTESIAN_POINT('',(45.5061406642199,23.0000004172325,-7.7009029041614));
#2498=CARTESIAN_POINT('',(45.5061406642199,23.0000004172325,-10.0009029041614));
#2499=CARTESIAN_POINT('',(46.7714852839708,23.0000004172325,-7.7009029041614));
#2500=CARTESIAN_POINT('',(45.5061406642199,23.0000004172325,-7.7009029041614));
#2501=CARTESIAN_POINT('',(46.7714852839708,23.0000004172325,-10.0009029041614));
#2502=CARTESIAN_POINT('Origin',(45.5061406642199,26.8130972981453,-10.0009029041614));
#2503=CARTESIAN_POINT('',(45.5061406642199,26.8130972981453,-10.0009029041614));
#2504=CARTESIAN_POINT('',(45.5061406642199,21.7406570935296,-10.0009029041614));
#2505=CARTESIAN_POINT('',(45.5061406642199,26.8130972981453,-7.7009029041614));
#2506=CARTESIAN_POINT('',(45.5061406642199,26.8130972981453,-10.0009029041614));
#2507=CARTESIAN_POINT('',(45.5061406642199,26.8130972981453,-7.7009029041614));
#2508=CARTESIAN_POINT('Origin',(44.5329350978136,23.0000004172325,-10.0009029041614));
#2509=CARTESIAN_POINT('',(44.5329350978136,23.0000004172325,-10.0009029041614));
#2510=CARTESIAN_POINT('',(45.7882094774664,27.9182653624475,-10.0009029041614));
#2511=CARTESIAN_POINT('',(44.5329350978136,23.0000004172325,-7.7009029041614));
#2512=CARTESIAN_POINT('',(44.5329350978136,23.0000004172325,-10.0009029041614));
#2513=CARTESIAN_POINT('',(44.5329350978136,23.0000004172325,-7.7009029041614));
#2514=CARTESIAN_POINT('Origin',(43.387648537755,23.0000004172325,-10.0009029041614));
#2515=CARTESIAN_POINT('',(43.387648537755,23.0000004172325,-10.0009029041614));
#2516=CARTESIAN_POINT('',(76.8899357216014,23.0000004172325,-10.0009029041614));
#2517=CARTESIAN_POINT('',(43.387648537755,23.0000004172325,-7.7009029041614));
#2518=CARTESIAN_POINT('',(43.387648537755,23.0000004172325,-10.0009029041614));
#2519=CARTESIAN_POINT('',(43.387648537755,23.0000004172325,-7.7009029041614));
#2520=CARTESIAN_POINT('Origin',(42.4126882106066,26.8130972981453,-10.0009029041614));
#2521=CARTESIAN_POINT('',(42.4126882106066,26.8130972981453,-10.0009029041614));
#2522=CARTESIAN_POINT('',(45.7158157269288,13.8944739664824,-10.0009029041614));
#2523=CARTESIAN_POINT('',(42.4126882106066,26.8130972981453,-7.7009029041614));
#2524=CARTESIAN_POINT('',(42.4126882106066,26.8130972981453,-10.0009029041614));
#2525=CARTESIAN_POINT('',(42.4126882106066,26.8130972981453,-7.7009029041614));
#2526=CARTESIAN_POINT('Origin',(42.4126882106066,23.0000004172325,-10.0009029041614));
#2527=CARTESIAN_POINT('',(42.4126882106066,23.0000004172325,-10.0009029041614));
#2528=CARTESIAN_POINT('',(42.4126882106066,19.8341086530732,-10.0009029041614));
#2529=CARTESIAN_POINT('',(42.4126882106066,23.0000004172325,-7.7009029041614));
#2530=CARTESIAN_POINT('',(42.4126882106066,23.0000004172325,-10.0009029041614));
#2531=CARTESIAN_POINT('',(42.4126882106066,23.0000004172325,-7.7009029041614));
#2532=CARTESIAN_POINT('Origin',(41.147338822484,23.0000004172325,-10.0009029041614));
#2533=CARTESIAN_POINT('',(41.147338822484,23.0000004172325,-10.0009029041614));
#2534=CARTESIAN_POINT('',(75.7697808639659,23.0000004172325,-10.0009029041614));
#2535=CARTESIAN_POINT('',(41.147338822484,23.0000004172325,-7.7009029041614));
#2536=CARTESIAN_POINT('',(41.147338822484,23.0000004172325,-10.0009029041614));
#2537=CARTESIAN_POINT('',(41.147338822484,23.0000004172325,-7.7009029041614));
#2538=CARTESIAN_POINT('Origin',(41.147338822484,28.0000004172325,-10.0009029041614));
#2539=CARTESIAN_POINT('',(41.147338822484,28.0000004172325,-10.0009029041614));
#2540=CARTESIAN_POINT('',(41.147338822484,22.3341086530732,-10.0009029041614));
#2541=CARTESIAN_POINT('',(41.147338822484,28.0000004172325,-7.7009029041614));
#2542=CARTESIAN_POINT('',(41.147338822484,28.0000004172325,-10.0009029041614));
#2543=CARTESIAN_POINT('',(41.147338822484,28.0000004172325,-7.7009029041614));
#2544=CARTESIAN_POINT('Origin',(43.1780023127794,28.0000004172325,-10.0009029041614));
#2545=CARTESIAN_POINT('',(43.1780023127794,28.0000004172325,-10.0009029041614));
#2546=CARTESIAN_POINT('',(76.7851126091137,28.0000004172325,-10.0009029041614));
#2547=CARTESIAN_POINT('',(43.1780023127794,28.0000004172325,-7.7009029041614));
#2548=CARTESIAN_POINT('',(43.1780023127794,28.0000004172325,-10.0009029041614));
#2549=CARTESIAN_POINT('',(43.1780023127794,28.0000004172325,-7.7009029041614));
#2550=CARTESIAN_POINT('Origin',(43.9560002833605,24.9577084183693,-10.0009029041614));
#2551=CARTESIAN_POINT('',(43.9560002833605,24.9577084183693,-10.0009029041614));
#2552=CARTESIAN_POINT('',(46.9898725492933,13.0940202479144,-10.0009029041614));
#2553=CARTESIAN_POINT('',(43.9560002833605,24.9577084183693,-7.7009029041614));
#2554=CARTESIAN_POINT('',(43.9560002833605,24.9577084183693,-10.0009029041614));
#2555=CARTESIAN_POINT('',(43.9560002833605,24.9577084183693,-7.7009029041614));
#2556=CARTESIAN_POINT('Origin',(44.7395963221788,28.0000004172325,-10.0009029041614));
#2557=CARTESIAN_POINT('',(44.7395963221788,28.0000004172325,-10.0009029041614));
#2558=CARTESIAN_POINT('',(45.4132862510034,30.6155846961784,-10.0009029041614));
#2559=CARTESIAN_POINT('',(44.7395963221788,28.0000004172325,-7.7009029041614));
#2560=CARTESIAN_POINT('',(44.7395963221788,28.0000004172325,-10.0009029041614));
#2561=CARTESIAN_POINT('',(44.7395963221788,28.0000004172325,-7.7009029041614));
#2562=CARTESIAN_POINT('Origin',(46.7714852839708,28.0000004172325,-10.0009029041614));
#2563=CARTESIAN_POINT('',(46.7714852839708,28.0000004172325,-10.0009029041614));
#2564=CARTESIAN_POINT('',(78.5818540947094,28.0000004172325,-10.0009029041614));
#2565=CARTESIAN_POINT('',(46.7714852839708,28.0000004172325,-7.7009029041614));
#2566=CARTESIAN_POINT('',(46.7714852839708,28.0000004172325,-10.0009029041614));
#2567=CARTESIAN_POINT('',(46.7714852839708,28.0000004172325,-7.7009029041614));
#2568=CARTESIAN_POINT('Origin',(46.7714852839708,23.0000004172325,-10.0009029041614));
#2569=CARTESIAN_POINT('',(46.7714852839708,19.8341086530732,-10.0009029041614));
#2570=CARTESIAN_POINT('',(46.7714852839708,23.0000004172325,-7.7009029041614));
#2571=CARTESIAN_POINT('Origin',(55.9999994188547,25.5000004172325,-7.7009029041614));
#2572=CARTESIAN_POINT('Origin',(53.0835599452257,26.7039567232132,-10.0009029041614));
#2573=CARTESIAN_POINT('',(53.0835599452257,26.7039567232132,-10.0009029041614));
#2574=CARTESIAN_POINT('',(53.6296362429857,24.9065491557121,-10.0009029041614));
#2575=CARTESIAN_POINT('',(56.9005998938004,14.1401876726889,-10.0009029041614));
#2576=CARTESIAN_POINT('',(53.0835599452257,26.7039567232132,-7.7009029041614));
#2577=CARTESIAN_POINT('',(53.0835599452257,26.7039567232132,-10.0009029041614));
#2578=CARTESIAN_POINT('',(53.6296362429857,24.9065491557121,-7.7009029041614));
#2579=CARTESIAN_POINT('',(53.0835599452257,26.7039567232132,-7.7009029041614));
#2580=CARTESIAN_POINT('',(53.6296362429857,24.9065491557121,-10.0009029041614));
#2581=CARTESIAN_POINT('Origin',(52.5315696746111,24.9065491557121,-10.0009029041614));
#2582=CARTESIAN_POINT('',(52.5315696746111,24.9065491557121,-10.0009029041614));
#2583=CARTESIAN_POINT('',(53.8689240096417,29.2612831613275,-10.0009029041614));
#2584=CARTESIAN_POINT('',(52.5315696746111,24.9065491557121,-7.7009029041614));
#2585=CARTESIAN_POINT('',(52.5315696746111,24.9065491557121,-10.0009029041614));
#2586=CARTESIAN_POINT('',(52.5315696746111,24.9065491557121,-7.7009029041614));
#2587=CARTESIAN_POINT('Origin',(53.6296362429857,24.9065491557121,-10.0009029041614));
#2588=CARTESIAN_POINT('',(82.0109295742168,24.9065491557121,-10.0009029041614));
#2589=CARTESIAN_POINT('',(53.6296362429857,24.9065491557121,-7.7009029041614));
#2590=CARTESIAN_POINT('Origin',(50.3431088477373,23.0000004172325,-10.0009029041614));
#2591=CARTESIAN_POINT('',(50.3431088477373,23.0000004172325,-10.0009029041614));
#2592=CARTESIAN_POINT('',(51.9609791785479,23.0000004172325,-10.0009029041614));
#2593=CARTESIAN_POINT('',(80.3676658765926,23.0000004172325,-10.0009029041614));
#2594=CARTESIAN_POINT('',(50.3431088477373,23.0000004172325,-7.7009029041614));
#2595=CARTESIAN_POINT('',(50.3431088477373,23.0000004172325,-10.0009029041614));
#2596=CARTESIAN_POINT('',(51.9609791785479,23.0000004172325,-7.7009029041614));
#2597=CARTESIAN_POINT('',(50.3431088477373,23.0000004172325,-7.7009029041614));
#2598=CARTESIAN_POINT('',(51.9609791785479,23.0000004172325,-10.0009029041614));
#2599=CARTESIAN_POINT('Origin',(52.2219998389482,28.0000004172325,-10.0009029041614));
#2600=CARTESIAN_POINT('',(52.2219998389482,28.0000004172325,-10.0009029041614));
#2601=CARTESIAN_POINT('',(53.9552212478279,32.6123526425273,-10.0009029041614));
#2602=CARTESIAN_POINT('',(52.2219998389482,28.0000004172325,-7.7009029041614));
#2603=CARTESIAN_POINT('',(52.2219998389482,28.0000004172325,-10.0009029041614));
#2604=CARTESIAN_POINT('',(52.2219998389482,28.0000004172325,-7.7009029041614));
#2605=CARTESIAN_POINT('Origin',(53.9072830229998,28.0000004172325,-10.0009029041614));
#2606=CARTESIAN_POINT('',(53.9072830229998,28.0000004172325,-10.0009029041614));
#2607=CARTESIAN_POINT('',(82.1497529642238,28.0000004172325,-10.0009029041614));
#2608=CARTESIAN_POINT('',(53.9072830229998,28.0000004172325,-7.7009029041614));
#2609=CARTESIAN_POINT('',(53.9072830229998,28.0000004172325,-10.0009029041614));
#2610=CARTESIAN_POINT('',(53.9072830229998,28.0000004172325,-7.7009029041614));
#2611=CARTESIAN_POINT('Origin',(55.7864934951067,23.0000004172325,-10.0009029041614));
#2612=CARTESIAN_POINT('',(55.7864934951067,23.0000004172325,-10.0009029041614));
#2613=CARTESIAN_POINT('',(60.2084620405507,11.2345047181633,-10.0009029041614));
#2614=CARTESIAN_POINT('',(55.7864934951067,23.0000004172325,-7.7009029041614));
#2615=CARTESIAN_POINT('',(55.7864934951067,23.0000004172325,-10.0009029041614));
#2616=CARTESIAN_POINT('',(55.7864934951067,23.0000004172325,-7.7009029041614));
#2617=CARTESIAN_POINT('Origin',(54.2089123278856,23.0000004172325,-10.0009029041614));
#2618=CARTESIAN_POINT('',(54.2089123278856,23.0000004172325,-10.0009029041614));
#2619=CARTESIAN_POINT('',(82.3005676166667,23.0000004172325,-10.0009029041614));
#2620=CARTESIAN_POINT('',(54.2089123278856,23.0000004172325,-7.7009029041614));
#2621=CARTESIAN_POINT('',(54.2089123278856,23.0000004172325,-10.0009029041614));
#2622=CARTESIAN_POINT('',(54.2089123278856,23.0000004172325,-7.7009029041614));
#2623=CARTESIAN_POINT('Origin',(53.9652115851641,23.8253757357597,-10.0009029041614));
#2624=CARTESIAN_POINT('',(53.9652115851641,23.8253757357597,-10.0009029041614));
#2625=CARTESIAN_POINT('',(57.1994837111923,12.8714149213097,-10.0009029041614));
#2626=CARTESIAN_POINT('',(53.9652115851641,23.8253757357597,-7.7009029041614));
#2627=CARTESIAN_POINT('',(53.9652115851641,23.8253757357597,-10.0009029041614));
#2628=CARTESIAN_POINT('',(53.9652115851641,23.8253757357597,-7.7009029041614));
#2629=CARTESIAN_POINT('Origin',(52.2110754996538,23.8253757357597,-10.0009029041614));
#2630=CARTESIAN_POINT('',(52.2110754996538,23.8253757357597,-10.0009029041614));
#2631=CARTESIAN_POINT('',(81.3016492025508,23.8253757357597,-10.0009029041614));
#2632=CARTESIAN_POINT('',(52.2110754996538,23.8253757357597,-7.7009029041614));
#2633=CARTESIAN_POINT('',(52.2110754996538,23.8253757357597,-10.0009029041614));
#2634=CARTESIAN_POINT('',(52.2110754996538,23.8253757357597,-7.7009029041614));
#2635=CARTESIAN_POINT('Origin',(51.9609791785479,23.0000004172325,-10.0009029041614));
#2636=CARTESIAN_POINT('',(53.5392010876182,28.2084953089014,-10.0009029041614));
#2637=CARTESIAN_POINT('',(51.9609791785479,23.0000004172325,-7.7009029041614));
#2638=CARTESIAN_POINT('Origin',(55.9999994188547,25.5000004172325,-7.7009029041614));
#2639=CARTESIAN_POINT('Origin',(48.071281388402,23.0000004172325,-10.0009029041614));
#2640=CARTESIAN_POINT('',(48.071281388402,23.0000004172325,-10.0009029041614));
#2641=CARTESIAN_POINT('',(49.5549113303423,23.0000004172325,-10.0009029041614));
#2642=CARTESIAN_POINT('',(79.2317521469249,23.0000004172325,-10.0009029041614));
#2643=CARTESIAN_POINT('',(48.071281388402,23.0000004172325,-7.7009029041614));
#2644=CARTESIAN_POINT('',(48.071281388402,23.0000004172325,-10.0009029041614));
#2645=CARTESIAN_POINT('',(49.5549113303423,23.0000004172325,-7.7009029041614));
#2646=CARTESIAN_POINT('',(48.071281388402,23.0000004172325,-7.7009029041614));
#2647=CARTESIAN_POINT('',(49.5549113303423,23.0000004172325,-10.0009029041614));
#2648=CARTESIAN_POINT('Origin',(48.071281388402,24.3915423750877,-10.0009029041614));
#2649=CARTESIAN_POINT('',(48.071281388402,24.3915423750877,-10.0009029041614));
#2650=CARTESIAN_POINT('',(48.071281388402,20.5298796320008,-10.0009029041614));
#2651=CARTESIAN_POINT('',(48.071281388402,24.3915423750877,-7.7009029041614));
#2652=CARTESIAN_POINT('',(48.071281388402,24.3915423750877,-10.0009029041614));
#2653=CARTESIAN_POINT('',(48.071281388402,24.3915423750877,-7.7009029041614));
#2654=CARTESIAN_POINT('Origin',(49.5549113303423,24.3915423750877,-10.0009029041614));
#2655=CARTESIAN_POINT('',(49.5549113303423,24.3915423750877,-10.0009029041614));
#2656=CARTESIAN_POINT('',(79.9735671178951,24.3915423750877,-10.0009029041614));
#2657=CARTESIAN_POINT('',(49.5549113303423,24.3915423750877,-7.7009029041614));
#2658=CARTESIAN_POINT('',(49.5549113303423,24.3915423750877,-10.0009029041614));
#2659=CARTESIAN_POINT('',(49.5549113303423,24.3915423750877,-7.7009029041614));
#2660=CARTESIAN_POINT('Origin',(49.5549113303423,23.0000004172325,-10.0009029041614));
#2661=CARTESIAN_POINT('',(49.5549113303423,19.8341086530732,-10.0009029041614));
#2662=CARTESIAN_POINT('',(49.5549113303423,23.0000004172325,-7.7009029041614));
#2663=CARTESIAN_POINT('Origin',(55.9999994188547,25.5000004172325,-7.7009029041614));
#2664=CARTESIAN_POINT('Origin',(56.6019780188799,23.0000004172325,-10.0009029041614));
#2665=CARTESIAN_POINT('',(56.6019780188799,23.0000004172325,-10.0009029041614));
#2666=CARTESIAN_POINT('',(58.0856067687273,23.0000004172325,-10.0009029041614));
#2667=CARTESIAN_POINT('',(83.4971004621639,23.0000004172325,-10.0009029041614));
#2668=CARTESIAN_POINT('',(56.6019780188799,23.0000004172325,-7.7009029041614));
#2669=CARTESIAN_POINT('',(56.6019780188799,23.0000004172325,-10.0009029041614));
#2670=CARTESIAN_POINT('',(58.0856067687273,23.0000004172325,-7.7009029041614));
#2671=CARTESIAN_POINT('',(56.6019780188799,23.0000004172325,-7.7009029041614));
#2672=CARTESIAN_POINT('',(58.0856067687273,23.0000004172325,-10.0009029041614));
#2673=CARTESIAN_POINT('Origin',(56.6019780188799,24.3915423750877,-10.0009029041614));
#2674=CARTESIAN_POINT('',(56.6019780188799,24.3915423750877,-10.0009029041614));
#2675=CARTESIAN_POINT('',(56.6019780188799,20.5298796320008,-10.0009029041614));
#2676=CARTESIAN_POINT('',(56.6019780188799,24.3915423750877,-7.7009029041614));
#2677=CARTESIAN_POINT('',(56.6019780188799,24.3915423750877,-10.0009029041614));
#2678=CARTESIAN_POINT('',(56.6019780188799,24.3915423750877,-7.7009029041614));
#2679=CARTESIAN_POINT('Origin',(58.0856067687273,24.3915423750877,-10.0009029041614));
#2680=CARTESIAN_POINT('',(58.0856067687273,24.3915423750877,-10.0009029041614));
#2681=CARTESIAN_POINT('',(84.2389148370876,24.3915423750877,-10.0009029041614));
#2682=CARTESIAN_POINT('',(58.0856067687273,24.3915423750877,-7.7009029041614));
#2683=CARTESIAN_POINT('',(58.0856067687273,24.3915423750877,-10.0009029041614));
#2684=CARTESIAN_POINT('',(58.0856067687273,24.3915423750877,-7.7009029041614));
#2685=CARTESIAN_POINT('Origin',(58.0856067687273,23.0000004172325,-10.0009029041614));
#2686=CARTESIAN_POINT('',(58.0856067687273,19.8341086530732,-10.0009029041614));
#2687=CARTESIAN_POINT('',(58.0856067687273,23.0000004172325,-7.7009029041614));
#2688=CARTESIAN_POINT('Origin',(55.9999994188547,25.5000004172325,-7.7009029041614));
#2689=CARTESIAN_POINT('Origin',(59.2148704081774,23.0000004172325,-10.0009029041614));
#2690=CARTESIAN_POINT('',(59.2148704081774,23.0000004172325,-10.0009029041614));
#2691=CARTESIAN_POINT('',(63.4304226189852,23.0000004172325,-10.0009029041614));
#2692=CARTESIAN_POINT('',(84.8035466568126,23.0000004172325,-10.0009029041614));
#2693=CARTESIAN_POINT('',(59.2148704081774,23.0000004172325,-7.7009029041614));
#2694=CARTESIAN_POINT('',(59.2148704081774,23.0000004172325,-10.0009029041614));
#2695=CARTESIAN_POINT('',(63.4304226189852,23.0000004172325,-7.7009029041614));
#2696=CARTESIAN_POINT('',(59.2148704081774,23.0000004172325,-7.7009029041614));
#2697=CARTESIAN_POINT('',(63.4304226189852,23.0000004172325,-10.0009029041614));
#2698=CARTESIAN_POINT('Origin',(59.2148704081774,24.1323330998421,-10.0009029041614));
#2699=CARTESIAN_POINT('',(59.2148704081774,24.1323330998421,-10.0009029041614));
#2700=CARTESIAN_POINT('',(59.2148704081774,20.400274994378,-10.0009029041614));
#2701=CARTESIAN_POINT('',(59.2148704081774,24.1323330998421,-7.7009029041614));
#2702=CARTESIAN_POINT('',(59.2148704081774,24.1323330998421,-10.0009029041614));
#2703=CARTESIAN_POINT('',(59.2148704081774,24.1323330998421,-7.7009029041614));
#2704=CARTESIAN_POINT('Origin',(61.881991699338,24.1323330998421,-10.0009029041614));
#2705=CARTESIAN_POINT('',(61.881991699338,24.1323330998421,-10.0009029041614));
#2706=CARTESIAN_POINT('',(86.1371073023929,24.1323330998421,-10.0009029041614));
#2707=CARTESIAN_POINT('',(61.881991699338,24.1323330998421,-7.7009029041614));
#2708=CARTESIAN_POINT('',(61.881991699338,24.1323330998421,-10.0009029041614));
#2709=CARTESIAN_POINT('',(61.881991699338,24.1323330998421,-7.7009029041614));
#2710=CARTESIAN_POINT('Origin',(61.881991699338,25.1180085539818,-10.0009029041614));
#2711=CARTESIAN_POINT('',(61.881991699338,25.1180085539818,-10.0009029041614));
#2712=CARTESIAN_POINT('',(61.881991699338,20.8931127214478,-10.0009029041614));
#2713=CARTESIAN_POINT('',(61.881991699338,25.1180085539818,-7.7009029041614));
#2714=CARTESIAN_POINT('',(61.881991699338,25.1180085539818,-10.0009029041614));
#2715=CARTESIAN_POINT('',(61.881991699338,25.1180085539818,-7.7009029041614));
#2716=CARTESIAN_POINT('Origin',(59.4774896651506,25.1180085539818,-10.0009029041614));
#2717=CARTESIAN_POINT('',(59.4774896651506,25.1180085539818,-10.0009029041614));
#2718=CARTESIAN_POINT('',(84.9348562852992,25.1180085539818,-10.0009029041614));
#2719=CARTESIAN_POINT('',(59.4774896651506,25.1180085539818,-7.7009029041614));
#2720=CARTESIAN_POINT('',(59.4774896651506,25.1180085539818,-10.0009029041614));
#2721=CARTESIAN_POINT('',(59.4774896651506,25.1180085539818,-7.7009029041614));
#2722=CARTESIAN_POINT('Origin',(59.4774896651506,26.1377903819084,-10.0009029041614));
#2723=CARTESIAN_POINT('',(59.4774896651506,26.1377903819084,-10.0009029041614));
#2724=CARTESIAN_POINT('',(59.4774896651506,21.4030036354112,-10.0009029041614));
#2725=CARTESIAN_POINT('',(59.4774896651506,26.1377903819084,-7.7009029041614));
#2726=CARTESIAN_POINT('',(59.4774896651506,26.1377903819084,-10.0009029041614));
#2727=CARTESIAN_POINT('',(59.4774896651506,26.1377903819084,-7.7009029041614));
#2728=CARTESIAN_POINT('Origin',(61.881991699338,26.1377903819084,-10.0009029041614));
#2729=CARTESIAN_POINT('',(61.881991699338,26.1377903819084,-10.0009029041614));
#2730=CARTESIAN_POINT('',(86.1371073023929,26.1377903819084,-10.0009029041614));
#2731=CARTESIAN_POINT('',(61.881991699338,26.1377903819084,-7.7009029041614));
#2732=CARTESIAN_POINT('',(61.881991699338,26.1377903819084,-10.0009029041614));
#2733=CARTESIAN_POINT('',(61.881991699338,26.1377903819084,-7.7009029041614));
#2734=CARTESIAN_POINT('Origin',(61.881991699338,26.9324696063995,-10.0009029041614));
#2735=CARTESIAN_POINT('',(61.881991699338,26.9324696063995,-10.0009029041614));
#2736=CARTESIAN_POINT('',(61.881991699338,21.8003432476567,-10.0009029041614));
#2737=CARTESIAN_POINT('',(61.881991699338,26.9324696063995,-7.7009029041614));
#2738=CARTESIAN_POINT('',(61.881991699338,26.9324696063995,-10.0009029041614));
#2739=CARTESIAN_POINT('',(61.881991699338,26.9324696063995,-7.7009029041614));
#2740=CARTESIAN_POINT('Origin',(59.2899043112993,26.9324696063995,-10.0009029041614));
#2741=CARTESIAN_POINT('',(59.2899043112993,26.9324696063995,-10.0009029041614));
#2742=CARTESIAN_POINT('',(84.8410636083736,26.9324696063995,-10.0009029041614));
#2743=CARTESIAN_POINT('',(59.2899043112993,26.9324696063995,-7.7009029041614));
#2744=CARTESIAN_POINT('',(59.2899043112993,26.9324696063995,-10.0009029041614));
#2745=CARTESIAN_POINT('',(59.2899043112993,26.9324696063995,-7.7009029041614));
#2746=CARTESIAN_POINT('Origin',(59.2899043112993,28.0000004172325,-10.0009029041614));
#2747=CARTESIAN_POINT('',(59.2899043112993,28.0000004172325,-10.0009029041614));
#2748=CARTESIAN_POINT('',(59.2899043112993,22.3341086530732,-10.0009029041614));
#2749=CARTESIAN_POINT('',(59.2899043112993,28.0000004172325,-7.7009029041614));
#2750=CARTESIAN_POINT('',(59.2899043112993,28.0000004172325,-10.0009029041614));
#2751=CARTESIAN_POINT('',(59.2899043112993,28.0000004172325,-7.7009029041614));
#2752=CARTESIAN_POINT('Origin',(63.4304226189852,28.0000004172325,-10.0009029041614));
#2753=CARTESIAN_POINT('',(63.4304226189852,28.0000004172325,-10.0009029041614));
#2754=CARTESIAN_POINT('',(86.9113227622165,28.0000004172325,-10.0009029041614));
#2755=CARTESIAN_POINT('',(63.4304226189852,28.0000004172325,-7.7009029041614));
#2756=CARTESIAN_POINT('',(63.4304226189852,28.0000004172325,-10.0009029041614));
#2757=CARTESIAN_POINT('',(63.4304226189852,28.0000004172325,-7.7009029041614));
#2758=CARTESIAN_POINT('Origin',(63.4304226189852,23.0000004172325,-10.0009029041614));
#2759=CARTESIAN_POINT('',(63.4304226189852,19.8341086530732,-10.0009029041614));
#2760=CARTESIAN_POINT('',(63.4304226189852,23.0000004172325,-7.7009029041614));
#2761=CARTESIAN_POINT('Origin',(55.9999994188547,25.5000004172325,-7.7009029041614));
#2762=CARTESIAN_POINT('Origin',(69.2769437283278,26.765348315239,-10.0009029041614));
#2763=CARTESIAN_POINT('',(69.2769437283278,26.765348315239,-10.0009029041614));
#2764=CARTESIAN_POINT('',(70.8526600152254,26.765348315239,-10.0009029041614));
#2765=CARTESIAN_POINT('',(89.8345833168878,26.765348315239,-10.0009029041614));
#2766=CARTESIAN_POINT('',(69.2769437283278,26.765348315239,-7.7009029041614));
#2767=CARTESIAN_POINT('',(69.2769437283278,26.765348315239,-10.0009029041614));
#2768=CARTESIAN_POINT('',(70.8526600152254,26.765348315239,-7.7009029041614));
#2769=CARTESIAN_POINT('',(69.2769437283278,26.765348315239,-7.7009029041614));
#2770=CARTESIAN_POINT('',(70.8526600152254,26.765348315239,-10.0009029041614));
#2771=CARTESIAN_POINT('Origin',(69.2769437283278,23.0000004172325,-10.0009029041614));
#2772=CARTESIAN_POINT('',(69.2769437283278,23.0000004172325,-10.0009029041614));
#2773=CARTESIAN_POINT('',(69.2769437283277,19.8341086530732,-10.0009029041614));
#2774=CARTESIAN_POINT('',(69.2769437283278,23.0000004172325,-7.7009029041614));
#2775=CARTESIAN_POINT('',(69.2769437283278,23.0000004172325,-10.0009029041614));
#2776=CARTESIAN_POINT('',(69.2769437283278,23.0000004172325,-7.7009029041614));
#2777=CARTESIAN_POINT('Origin',(67.731923237443,23.0000004172325,-10.0009029041614));
#2778=CARTESIAN_POINT('',(67.731923237443,23.0000004172325,-10.0009029041614));
#2779=CARTESIAN_POINT('',(89.0620730714454,23.0000004172325,-10.0009029041614));
#2780=CARTESIAN_POINT('',(67.731923237443,23.0000004172325,-7.7009029041614));
#2781=CARTESIAN_POINT('',(67.731923237443,23.0000004172325,-10.0009029041614));
#2782=CARTESIAN_POINT('',(67.731923237443,23.0000004172325,-7.7009029041614));
#2783=CARTESIAN_POINT('Origin',(67.731923237443,26.765348315239,-10.0009029041614));
#2784=CARTESIAN_POINT('',(67.731923237443,26.765348315239,-10.0009029041614));
#2785=CARTESIAN_POINT('',(67.731923237443,21.7167826020764,-10.0009029041614));
#2786=CARTESIAN_POINT('',(67.731923237443,26.765348315239,-7.7009029041614));
#2787=CARTESIAN_POINT('',(67.731923237443,26.765348315239,-10.0009029041614));
#2788=CARTESIAN_POINT('',(67.731923237443,26.765348315239,-7.7009029041614));
#2789=CARTESIAN_POINT('Origin',(66.1562070995569,26.765348315239,-10.0009029041614));
#2790=CARTESIAN_POINT('',(66.1562070995569,26.765348315239,-10.0009029041614));
#2791=CARTESIAN_POINT('',(88.2742150025024,26.765348315239,-10.0009029041614));
#2792=CARTESIAN_POINT('',(66.1562070995569,26.765348315239,-7.7009029041614));
#2793=CARTESIAN_POINT('',(66.1562070995569,26.765348315239,-10.0009029041614));
#2794=CARTESIAN_POINT('',(66.1562070995569,26.765348315239,-7.7009029041614));
#2795=CARTESIAN_POINT('Origin',(66.1562070995569,28.0000004172325,-10.0009029041614));
#2796=CARTESIAN_POINT('',(66.1562070995569,28.0000004172325,-10.0009029041614));
#2797=CARTESIAN_POINT('',(66.1562070995569,22.3341086530732,-10.0009029041614));
#2798=CARTESIAN_POINT('',(66.1562070995569,28.0000004172325,-7.7009029041614));
#2799=CARTESIAN_POINT('',(66.1562070995569,28.0000004172325,-10.0009029041614));
#2800=CARTESIAN_POINT('',(66.1562070995569,28.0000004172325,-7.7009029041614));
#2801=CARTESIAN_POINT('Origin',(70.8526600152254,28.0000004172325,-10.0009029041614));
#2802=CARTESIAN_POINT('',(70.8526600152254,28.0000004172325,-10.0009029041614));
#2803=CARTESIAN_POINT('',(90.6224414603366,28.0000004172325,-10.0009029041614));
#2804=CARTESIAN_POINT('',(70.8526600152254,28.0000004172325,-7.7009029041614));
#2805=CARTESIAN_POINT('',(70.8526600152254,28.0000004172325,-10.0009029041614));
#2806=CARTESIAN_POINT('',(70.8526600152254,28.0000004172325,-7.7009029041614));
#2807=CARTESIAN_POINT('Origin',(70.8526600152254,26.765348315239,-10.0009029041614));
#2808=CARTESIAN_POINT('',(70.8526600152254,21.7167826020764,-10.0009029041614));
#2809=CARTESIAN_POINT('',(70.8526600152254,26.765348315239,-7.7009029041614));
#2810=CARTESIAN_POINT('Origin',(55.9999994188547,25.5000004172325,-7.7009029041614));
#2811=CARTESIAN_POINT('Origin',(110.392222905448,16.6682168889139,-10.0009029041614));
#2812=CARTESIAN_POINT('Origin',(78.6461120264186,19.2928935168367,-6.62557953208419));
#2813=CARTESIAN_POINT('',(77.0000011473894,18.5857867356501,-6.91847275089764));
#2814=CARTESIAN_POINT('',(77.0000011473894,20.0000002980232,-6.33268631327074));
#2815=CARTESIAN_POINT('',(77.0000011473894,22.9436495270398,-5.11338687974297));
#2816=CARTESIAN_POINT('',(99.000001475215,20.0000002980232,-6.33268631327074));
#2817=CARTESIAN_POINT('',(78.6461120264186,20.0000002980232,-6.33268631327074));
#2818=CARTESIAN_POINT('',(99.000001475215,18.5857867356501,-6.91847275089764));
#2819=CARTESIAN_POINT('',(99.000001475215,18.99799170086,-6.74773186383018));
#2820=CARTESIAN_POINT('',(78.6461120264186,18.5857867356501,-6.91847275089764));
#2821=CARTESIAN_POINT('Origin',(80.2922229054479,19.1682168889139,-7.5009029041614));
#2822=CARTESIAN_POINT('',(77.0000011473894,18.6682168889139,-7.0009029041614));
#2823=CARTESIAN_POINT('',(74.0000011473894,21.6682168889139,-10.0009029041614));
#2824=CARTESIAN_POINT('Origin',(74.0000011473894,18.6682168889139,-7.0009029041614));
#2825=CARTESIAN_POINT('',(77.0000011473894,22.3124755832838,-10.6451615985313));
#2826=CARTESIAN_POINT('',(99.000001475215,18.6682168889139,-7.0009029041614));
#2827=CARTESIAN_POINT('',(99.000001475215,20.0011627411912,-8.33384875643874));
#2828=CARTESIAN_POINT('',(102.000001475215,21.6682168889139,-10.0009029041614));
#2829=CARTESIAN_POINT('Origin',(102.000001475215,18.6682168889139,-7.0009029041614));
#2830=CARTESIAN_POINT('',(102.392222905448,21.6682168889139,-10.0009029041614));
#2831=CARTESIAN_POINT('',(80.2922229054479,21.6682168889139,-10.0009029041614));
#2832=CARTESIAN_POINT('',(102.392222905448,16.6682168889139,-5.0009029041614));
#2833=CARTESIAN_POINT('',(102.392222905448,21.6682168889139,-10.0009029041614));
#2834=CARTESIAN_POINT('',(-2.00777709455212,16.6682168889139,-5.00090290416144));
#2835=CARTESIAN_POINT('',(80.2922229054479,16.6682168889139,-5.0009029041614));
#2836=CARTESIAN_POINT('',(-2.00777709455215,21.6682168889139,-10.0009029041614));
#2837=CARTESIAN_POINT('',(-2.00777709455215,21.6682168889139,-10.0009029041614));
#2838=CARTESIAN_POINT('',(80.2922229054479,21.6682168889139,-10.0009029041614));
#2839=CARTESIAN_POINT('Origin',(74.0000011473894,22.9567342776537,-7.0009029041614));
#2840=CARTESIAN_POINT('',(74.0000011473894,29.2452516663935,-10.0009029041614));
#2841=CARTESIAN_POINT('',(74.0000011473894,22.9567342776537,-10.0009029041614));
#2842=CARTESIAN_POINT('',(77.0000011473894,29.2452516663935,-7.0009029041614));
#2843=CARTESIAN_POINT('Origin',(74.0000011473894,29.2452516663935,-7.0009029041614));
#2844=CARTESIAN_POINT('',(77.0000011473894,22.9567342776537,-7.0009029041614));
#2845=CARTESIAN_POINT('Origin',(77.0000011473894,29.2452516663935,-10.0009029041614));
#2846=CARTESIAN_POINT('',(77.0000011473894,29.2452516663935,-0.000902904161401707));
#2847=CARTESIAN_POINT('',(77.0000011473894,29.2452516663935,-10.0009029041614));
#2848=CARTESIAN_POINT('',(77.0000011473894,20.0000002980232,-0.000902904161401707));
#2849=CARTESIAN_POINT('',(77.0000011473894,22.9567342776537,-0.000902904161401707));
#2850=CARTESIAN_POINT('',(77.0000011473894,20.0000002980232,-10.0009029041614));
#2851=CARTESIAN_POINT('Origin',(102.000001475215,18.3341085934686,-7.0009029041614));
#2852=CARTESIAN_POINT('',(99.000001475215,29.2452516663935,-7.0009029041614));
#2853=CARTESIAN_POINT('',(99.000001475215,18.3341085934686,-7.0009029041614));
#2854=CARTESIAN_POINT('',(102.000001475215,29.2452516663935,-10.0009029041614));
#2855=CARTESIAN_POINT('Origin',(102.000001475215,29.2452516663935,-7.0009029041614));
#2856=CARTESIAN_POINT('',(102.000001475215,18.3341085934686,-10.0009029041614));
#2857=CARTESIAN_POINT('Origin',(110.392222905448,16.6682168889139,-10.0009029041614));
#2858=CARTESIAN_POINT('',(-2.00777709455214,29.6682168889139,-10.0009029041614));
#2859=CARTESIAN_POINT('',(-2.00777709455214,16.6682168889139,-10.0009029041614));
#2860=CARTESIAN_POINT('',(102.392222905448,29.6682168889139,-10.0009029041614));
#2861=CARTESIAN_POINT('',(-10.0077770945521,29.6682168889139,-10.0009029041614));
#2862=CARTESIAN_POINT('',(102.392222905448,16.6682168889139,-10.0009029041614));
#2863=CARTESIAN_POINT('',(104.696112190331,29.2452516663935,-10.0009029041614));
#2864=CARTESIAN_POINT('Origin',(77.0000011473894,20.0000002980232,-10.0009029041614));
#2865=CARTESIAN_POINT('',(99.000001475215,20.0000002980232,-0.000902904161401707));
#2866=CARTESIAN_POINT('',(38.4961120264186,20.0000002980232,-0.000902904161401707));
#2867=CARTESIAN_POINT('',(99.000001475215,20.0000002980232,-10.0009029041614));
#2868=CARTESIAN_POINT('Origin',(99.000001475215,20.0000002980232,-10.0009029041614));
#2869=CARTESIAN_POINT('',(99.000001475215,29.2452516663935,-0.000902904161401707));
#2870=CARTESIAN_POINT('',(99.000001475215,18.3341085934686,-0.000902904161401707));
#2871=CARTESIAN_POINT('',(99.000001475215,29.2452516663935,-10.0009029041614));
#2872=CARTESIAN_POINT('Origin',(99.000001475215,29.2452516663935,-10.0009029041614));
#2873=CARTESIAN_POINT('',(49.4961121903314,29.2452516663935,-0.000902904161401707));
#2874=CARTESIAN_POINT('Origin',(20.0922229054479,19.1682168889139,87.8990970958386));
#2875=CARTESIAN_POINT('',(-2.00777709455214,21.6682168889139,90.3990970958386));
#2876=CARTESIAN_POINT('',(-2.00777709455214,16.6682168889139,85.3990970958386));
#2877=CARTESIAN_POINT('',(-2.00777709455214,21.6682168889139,90.3990970958386));
#2878=CARTESIAN_POINT('',(102.392222905448,16.6682168889139,85.3990970958386));
#2879=CARTESIAN_POINT('',(20.0922229054479,16.6682168889139,85.3990970958386));
#2880=CARTESIAN_POINT('',(102.392222905448,21.6682168889139,90.3990970958386));
#2881=CARTESIAN_POINT('',(102.392222905448,16.6682168889139,85.3990970958386));
#2882=CARTESIAN_POINT('',(20.0922229054479,21.6682168889139,90.3990970958386));
#2883=CARTESIAN_POINT('Ctrl Pts',(-10.0077770945521,21.6682168889139,82.3990970958386));
#2884=CARTESIAN_POINT('Ctrl Pts',(-10.0077770945521,21.6682168889139,82.7879054745384));
#2885=CARTESIAN_POINT('Ctrl Pts',(-10.0074439962227,21.6682168889139,83.7867682913359));
#2886=CARTESIAN_POINT('Ctrl Pts',(-9.86748914898468,21.6682168889139,84.8558367407816));
#2887=CARTESIAN_POINT('Ctrl Pts',(-9.38920298911946,21.6682168889139,86.3733488211494));
#2888=CARTESIAN_POINT('Ctrl Pts',(-8.96573661270027,21.6682168889139,87.140091108085));
#2889=CARTESIAN_POINT('Ctrl Pts',(-8.06437193596762,21.6682168889139,88.2138943395469));
#2890=CARTESIAN_POINT('Ctrl Pts',(-7.34981667864125,21.6682168889139,88.9346493405992));
#2891=CARTESIAN_POINT('Ctrl Pts',(-6.24150029158285,21.6682168889139,89.6229737519648));
#2892=CARTESIAN_POINT('Ctrl Pts',(-5.49128663907118,21.6682168889139,89.9305521772833));
#2893=CARTESIAN_POINT('Ctrl Pts',(-5.01113541294838,21.6682168889139,90.0955669233305));
#2894=CARTESIAN_POINT('Ctrl Pts',(-4.20863786928963,21.6682168889139,90.2944275184087));
#2895=CARTESIAN_POINT('Ctrl Pts',(-3.19359604994972,21.6682168889139,90.3960710951274));
#2896=CARTESIAN_POINT('Ctrl Pts',(-2.39428874020461,21.6682168889139,90.3990970958386));
#2897=CARTESIAN_POINT('Ctrl Pts',(-2.00777709455214,21.6682168889139,90.3990970958386));
#2898=CARTESIAN_POINT('Ctrl Pts',(-8.34111042788545,20.0015502222472,82.3990970958386));
#2899=CARTESIAN_POINT('Ctrl Pts',(-8.34146588958938,20.0015502222472,82.7883641007864));
#2900=CARTESIAN_POINT('Ctrl Pts',(-8.33830618277761,20.0015502222472,83.7073344621724));
#2901=CARTESIAN_POINT('Ctrl Pts',(-8.22287995435025,20.0015502222472,84.5288337721563));
#2902=CARTESIAN_POINT('Ctrl Pts',(-7.86754376920206,20.0015502222472,85.6573006279464));
#2903=CARTESIAN_POINT('Ctrl Pts',(-7.55329395264794,20.0015502222472,86.2292137658366));
#2904=CARTESIAN_POINT('Ctrl Pts',(-6.85738049437861,20.0015502222472,87.0606726469931));
#2905=CARTESIAN_POINT('Ctrl Pts',(-6.29757371022097,20.0015502222473,87.6229508077077));
#2906=CARTESIAN_POINT('Ctrl Pts',(-5.45714020717248,20.0015502222473,88.1430830204584));
#2907=CARTESIAN_POINT('Ctrl Pts',(-4.90371485251625,20.0015502222473,88.3697952835108));
#2908=CARTESIAN_POINT('Ctrl Pts',(-4.54495897820204,20.0015502222473,88.493250219573));
#2909=CARTESIAN_POINT('Ctrl Pts',(-3.9414677144346,20.0015502222473,88.6430622380039));
#2910=CARTESIAN_POINT('Ctrl Pts',(-3.12890665908866,20.0015502222473,88.7283601691665));
#2911=CARTESIAN_POINT('Ctrl Pts',(-2.39572493879523,20.0015502222472,88.7324005297711));
#2912=CARTESIAN_POINT('Ctrl Pts',(-2.00777709455214,20.0015502222472,88.7324304291719));
#2913=CARTESIAN_POINT('Ctrl Pts',(-6.67444376121878,18.3348835555806,82.3990970958386));
#2914=CARTESIAN_POINT('Ctrl Pts',(-6.67408829951486,18.3348835555806,82.7874468482906));
#2915=CARTESIAN_POINT('Ctrl Pts',(-6.66857488684914,18.3348835555806,83.629733586473));
#2916=CARTESIAN_POINT('Ctrl Pts',(-6.58029643231501,18.3348835555806,84.1986203538082));
#2917=CARTESIAN_POINT('Ctrl Pts',(-6.34643442178929,18.3348835555806,84.9426986330483));
#2918=CARTESIAN_POINT('Ctrl Pts',(-6.14434110898471,18.3348835555806,85.3170502979647));
#2919=CARTESIAN_POINT('Ctrl Pts',(-5.65295742949472,18.3348835555806,85.9056246535636));
#2920=CARTESIAN_POINT('Ctrl Pts',(-5.24721739449222,18.3348835555806,86.3111124151418));
#2921=CARTESIAN_POINT('Ctrl Pts',(-4.6771735438264,18.3348835555806,86.661019951326));
#2922=CARTESIAN_POINT('Ctrl Pts',(-4.3097530756419,18.3348835555806,86.8114385025607));
#2923=CARTESIAN_POINT('Ctrl Pts',(-4.07624749138377,18.3348835555806,86.8917043285071));
#2924=CARTESIAN_POINT('Ctrl Pts',(-3.6704149732206,18.3348835555806,86.9929413204152));
#2925=CARTESIAN_POINT('Ctrl Pts',(-3.06368001299131,18.3348835555806,87.0611002903221));
#2926=CARTESIAN_POINT('Ctrl Pts',(-2.39285254161405,18.3348835555806,87.0657936619062));
#2927=CARTESIAN_POINT('Ctrl Pts',(-2.00777709455214,18.3348835555806,87.0657637625053));
#2928=CARTESIAN_POINT('Ctrl Pts',(-5.00777709455211,16.6682168889139,82.3990970958386));
#2929=CARTESIAN_POINT('Ctrl Pts',(-5.00777709455212,16.6682168889139,82.7879054745385));
#2930=CARTESIAN_POINT('Ctrl Pts',(-4.99943707340403,16.6682168889139,83.5502997573094));
#2931=CARTESIAN_POINT('Ctrl Pts',(-4.93568723768057,16.6682168889139,83.8716173851829));
#2932=CARTESIAN_POINT('Ctrl Pts',(-4.82477520187189,16.6682168889139,84.2266504398453));
#2933=CARTESIAN_POINT('Ctrl Pts',(-4.73189844893238,16.6682168889139,84.4061729557163));
#2934=CARTESIAN_POINT('Ctrl Pts',(-4.44596598790571,16.6682168889139,84.7524029610098));
#2935=CARTESIAN_POINT('Ctrl Pts',(-4.19497442607193,16.6682168889139,84.9994138822502));
#2936=CARTESIAN_POINT('Ctrl Pts',(-3.89281345941603,16.6682168889139,85.1811292198196));
#2937=CARTESIAN_POINT('Ctrl Pts',(-3.72218128908696,16.6682168889139,85.2506816087883));
#2938=CARTESIAN_POINT('Ctrl Pts',(-3.61007105663744,16.6682168889139,85.2893876247496));
#2939=CARTESIAN_POINT('Ctrl Pts',(-3.40324481836557,16.6682168889139,85.3415760400104));
#2940=CARTESIAN_POINT('Ctrl Pts',(-2.99899062213026,16.6682168889139,85.3933893643612));
#2941=CARTESIAN_POINT('Ctrl Pts',(-2.39428874020467,16.6682168889139,85.3990970958386));
#2942=CARTESIAN_POINT('Ctrl Pts',(-2.00777709455214,16.6682168889139,85.3990970958386));
#2943=CARTESIAN_POINT('',(-4.97651210429869,16.6682168889139,83.5494354696061));
#2944=CARTESIAN_POINT('',(-3.5879965124441,16.6682168889139,85.2935858712157));
#2945=CARTESIAN_POINT('Ctrl Pts',(-4.97651210376676,16.6682168889139,83.5494354720754));
#2946=CARTESIAN_POINT('Ctrl Pts',(-5.20304635710477,16.8932151868308,83.5445497788095));
#2947=CARTESIAN_POINT('Ctrl Pts',(-5.4307887426943,17.1238606467006,83.5928214261905));
#2948=CARTESIAN_POINT('Ctrl Pts',(-5.8537595501091,17.5674868706094,83.7977557938277));
#2949=CARTESIAN_POINT('Ctrl Pts',(-6.03994461260089,17.7714096568593,83.9525606798699));
#2950=CARTESIAN_POINT('Ctrl Pts',(-6.30461201399983,18.1073722260513,84.31741934187));
#2951=CARTESIAN_POINT('Ctrl Pts',(-6.38854992749034,18.2395666977958,84.5105653904841));
#2952=CARTESIAN_POINT('Ctrl Pts',(-6.46414030174212,18.4436922508919,84.8863341410916));
#2953=CARTESIAN_POINT('Ctrl Pts',(-6.46836731344055,18.524075482103,85.0713554418996));
#2954=CARTESIAN_POINT('Ctrl Pts',(-6.40535630323468,18.6381492318689,85.4183680287335));
#2955=CARTESIAN_POINT('Ctrl Pts',(-6.34876339718742,18.6755899354072,85.5762541917925));
#2956=CARTESIAN_POINT('Ctrl Pts',(-6.18393540631133,18.711952904466,85.8621087848749));
#2957=CARTESIAN_POINT('Ctrl Pts',(-6.08143809512787,18.712330676327,85.9867190486682));
#2958=CARTESIAN_POINT('Ctrl Pts',(-5.84021428796868,18.6773526879011,86.1970646196612));
#2959=CARTESIAN_POINT('Ctrl Pts',(-5.70574194476965,18.6426458764316,86.2792671464816));
#2960=CARTESIAN_POINT('Ctrl Pts',(-5.41274226096314,18.5400458906051,86.4010298758835));
#2961=CARTESIAN_POINT('Ctrl Pts',(-5.25695214414135,18.4713346859607,86.4357022086431));
#2962=CARTESIAN_POINT('Ctrl Pts',(-4.92190737711264,18.2954619816955,86.4580454128364));
#2963=CARTESIAN_POINT('Ctrl Pts',(-4.7463882486554,18.1847408790157,86.4352546456949));
#2964=CARTESIAN_POINT('Ctrl Pts',(-4.38514690309512,17.9153101406525,86.325218669603));
#2965=CARTESIAN_POINT('Ctrl Pts',(-4.20863394744619,17.7525962088992,86.2243738212433));
#2966=CARTESIAN_POINT('Ctrl Pts',(-3.90698583886963,17.4017373453548,85.9647976203254));
#2967=CARTESIAN_POINT('Ctrl Pts',(-3.78603877844532,17.2133396352948,85.8038765427341));
#2968=CARTESIAN_POINT('Ctrl Pts',(-3.65002900552349,16.9045217520356,85.5217147179953));
#2969=CARTESIAN_POINT('Ctrl Pts',(-3.61196016007203,16.785945467454,85.409119194431));
#2970=CARTESIAN_POINT('Ctrl Pts',(-3.58799651432219,16.6682168889139,85.2935858705563));
#2971=CARTESIAN_POINT('Ctrl Pts',(-3.58814576189389,16.6682168889139,85.2935743074247));
#2972=CARTESIAN_POINT('Ctrl Pts',(-3.54622513280844,16.6682168889139,85.3052256388238));
#2973=CARTESIAN_POINT('Ctrl Pts',(-3.38018441673756,16.6682168889139,85.344531695339));
#2974=CARTESIAN_POINT('Ctrl Pts',(-2.99899062213026,16.6682168889139,85.3933893643612));
#2975=CARTESIAN_POINT('Ctrl Pts',(-2.39428874020467,16.6682168889139,85.3990970958386));
#2976=CARTESIAN_POINT('Ctrl Pts',(-2.00777709455214,16.6682168889139,85.3990970958386));
#2977=CARTESIAN_POINT('',(-10.0077770945521,21.6682168889139,82.3990970958386));
#2978=CARTESIAN_POINT('Ctrl Pts',(-2.00777709455214,21.6682168889139,90.3990970958386));
#2979=CARTESIAN_POINT('Ctrl Pts',(-2.39428874020461,21.6682168889139,90.3990970958386));
#2980=CARTESIAN_POINT('Ctrl Pts',(-3.19359604994972,21.6682168889139,90.3960710951274));
#2981=CARTESIAN_POINT('Ctrl Pts',(-4.20863786928963,21.6682168889139,90.2944275184087));
#2982=CARTESIAN_POINT('Ctrl Pts',(-5.01113541294838,21.6682168889139,90.0955669233305));
#2983=CARTESIAN_POINT('Ctrl Pts',(-5.49128663907118,21.6682168889139,89.9305521772833));
#2984=CARTESIAN_POINT('Ctrl Pts',(-6.24150029158285,21.6682168889139,89.6229737519648));
#2985=CARTESIAN_POINT('Ctrl Pts',(-7.34981667864125,21.6682168889139,88.9346493405992));
#2986=CARTESIAN_POINT('Ctrl Pts',(-8.06437193596762,21.6682168889139,88.2138943395469));
#2987=CARTESIAN_POINT('Ctrl Pts',(-8.96573661270027,21.6682168889139,87.140091108085));
#2988=CARTESIAN_POINT('Ctrl Pts',(-9.38920298911946,21.6682168889139,86.3733488211494));
#2989=CARTESIAN_POINT('Ctrl Pts',(-9.86748914898468,21.6682168889139,84.8558367407816));
#2990=CARTESIAN_POINT('Ctrl Pts',(-10.0074439962227,21.6682168889139,83.7867682913359));
#2991=CARTESIAN_POINT('Ctrl Pts',(-10.0077770945521,21.6682168889139,82.7879054745384));
#2992=CARTESIAN_POINT('Ctrl Pts',(-10.0077770945521,21.6682168889139,82.3990970958386));
#2993=CARTESIAN_POINT('',(-5.00777709455211,16.6682168889139,82.3990970958386));
#2994=CARTESIAN_POINT('',(-10.0077770945521,21.6682168889139,82.3990970958386));
#2995=CARTESIAN_POINT('Ctrl Pts',(-5.00777709455211,16.6682168889139,82.3990970958386));
#2996=CARTESIAN_POINT('Ctrl Pts',(-5.00777709455212,16.6682168889139,82.7879054745385));
#2997=CARTESIAN_POINT('Ctrl Pts',(-5.00327091737501,16.6682168889139,83.1998329332317));
#2998=CARTESIAN_POINT('Ctrl Pts',(-4.98258882280906,16.6682168889139,83.4829958474765));
#2999=CARTESIAN_POINT('Ctrl Pts',(-4.97624669139597,16.6682168889139,83.5494098712914));
#3000=CARTESIAN_POINT('Origin',(-7.50777709455214,19.1682168889139,15.0990970958386));
#3001=CARTESIAN_POINT('',(-10.0077770945521,21.6682168889139,-2.0009029041614));
#3002=CARTESIAN_POINT('',(-5.00777709455214,16.6682168889139,-2.0009029041614));
#3003=CARTESIAN_POINT('',(-10.0077770945521,21.6682168889139,-2.0009029041614));
#3004=CARTESIAN_POINT('',(-5.00777709455214,16.6682168889139,15.0990970958386));
#3005=CARTESIAN_POINT('',(-10.0077770945521,21.6682168889139,15.0990970958386));
#3006=CARTESIAN_POINT('Ctrl Pts',(-2.00777709455215,21.6682168889139,-10.0009029041614));
#3007=CARTESIAN_POINT('Ctrl Pts',(-2.39658547325202,21.6682168889139,-10.0009029041614));
#3008=CARTESIAN_POINT('Ctrl Pts',(-3.39525210904476,21.6682168889139,-10.0013335725784));
#3009=CARTESIAN_POINT('Ctrl Pts',(-4.46402055091038,21.6682168889139,-9.86142842681051));
#3010=CARTESIAN_POINT('Ctrl Pts',(-5.78412499347457,21.6682168889139,-9.44817900765997));
#3011=CARTESIAN_POINT('Ctrl Pts',(-6.69005087354838,21.6682168889139,-8.99693203724248));
#3012=CARTESIAN_POINT('Ctrl Pts',(-8.05397185320915,21.6682168889139,-7.89666776738897));
#3013=CARTESIAN_POINT('Ctrl Pts',(-8.82913207005309,21.6682168889139,-6.94231100171806));
#3014=CARTESIAN_POINT('Ctrl Pts',(-9.56173425671764,21.6682168889139,-5.53105857261954));
#3015=CARTESIAN_POINT('Ctrl Pts',(-9.83814499753647,21.6682168889139,-4.60008462037872));
#3016=CARTESIAN_POINT('Ctrl Pts',(-10.006727717678,21.6682168889139,-3.26794667670259));
#3017=CARTESIAN_POINT('Ctrl Pts',(-10.0077770945521,21.6682168889139,-2.4986460472123));
#3018=CARTESIAN_POINT('Ctrl Pts',(-10.0077770945521,21.6682168889139,-2.0009029041614));
#3019=CARTESIAN_POINT('Ctrl Pts',(-2.00777709455214,20.0015502222472,-8.33423623749477));
#3020=CARTESIAN_POINT('Ctrl Pts',(-2.39678137792441,20.0015502222472,-8.3348817957437));
#3021=CARTESIAN_POINT('Ctrl Pts',(-3.31637273500078,20.0015502222472,-8.33158055238281));
#3022=CARTESIAN_POINT('Ctrl Pts',(-4.13644231479719,20.0015502222472,-8.21746503952654));
#3023=CARTESIAN_POINT('Ctrl Pts',(-5.11929389749009,20.0015502222472,-7.90965913109159));
#3024=CARTESIAN_POINT('Ctrl Pts',(-5.79217173808479,20.0015502222472,-7.57640787395197));
#3025=CARTESIAN_POINT('Ctrl Pts',(-6.84844031210376,20.0015502222472,-6.72712003873071));
#3026=CARTESIAN_POINT('Ctrl Pts',(-7.45079328512177,20.0015502222472,-5.98281254126598));
#3027=CARTESIAN_POINT('Ctrl Pts',(-7.99544164455377,20.0015502222472,-4.9285638563779));
#3028=CARTESIAN_POINT('Ctrl Pts',(-8.2010501014905,20.0015502222472,-4.245579725635));
#3029=CARTESIAN_POINT('Ctrl Pts',(-8.33736626824879,20.0015502222472,-3.18818147420635));
#3030=CARTESIAN_POINT('Ctrl Pts',(-8.34168874978055,20.0015502222472,-2.50041663157485));
#3031=CARTESIAN_POINT('Ctrl Pts',(-8.34111042788547,20.0015502222472,-2.0009029041614));
#3032=CARTESIAN_POINT('Ctrl Pts',(-2.00777709455213,18.3348835555806,-6.66756957082811));
#3033=CARTESIAN_POINT('Ctrl Pts',(-2.39638956857978,18.3348835555806,-6.66692401257917));
#3034=CARTESIAN_POINT('Ctrl Pts',(-3.23847487326206,18.3348835555806,-6.66221908403369));
#3035=CARTESIAN_POINT('Ctrl Pts',(-3.80558255247739,18.3348835555805,-6.57315853869264));
#3036=CARTESIAN_POINT('Ctrl Pts',(-4.45706649949385,18.3348835555806,-6.36997434574234));
#3037=CARTESIAN_POINT('Ctrl Pts',(-4.89364001585447,18.3348835555805,-6.15695126757581));
#3038=CARTESIAN_POINT('Ctrl Pts',(-5.64360569277901,18.3348835555806,-5.55623830488493));
#3039=CARTESIAN_POINT('Ctrl Pts',(-6.06778930579791,18.3348835555806,-5.02553650824732));
#3040=CARTESIAN_POINT('Ctrl Pts',(-6.43381390610684,18.3348835555806,-4.32125255648115));
#3041=CARTESIAN_POINT('Ctrl Pts',(-6.56369646110025,18.3348835555806,-3.88806320870939));
#3042=CARTESIAN_POINT('Ctrl Pts',(-6.66881184072784,18.3348835555806,-3.10910959263619));
#3043=CARTESIAN_POINT('Ctrl Pts',(-6.67386543932373,18.3348835555806,-2.49687546284977));
#3044=CARTESIAN_POINT('Ctrl Pts',(-6.67444376121881,18.3348835555806,-2.0009029041614));
#3045=CARTESIAN_POINT('Ctrl Pts',(-2.00777709455212,16.6682168889139,-5.00090290416144));
#3046=CARTESIAN_POINT('Ctrl Pts',(-2.39658547325216,16.6682168889139,-5.00090290416144));
#3047=CARTESIAN_POINT('Ctrl Pts',(-3.15959549921808,16.6682168889139,-4.9924660638381));
#3048=CARTESIAN_POINT('Ctrl Pts',(-3.47800431636419,16.6682168889139,-4.92919515140867));
#3049=CARTESIAN_POINT('Ctrl Pts',(-3.79223540350937,16.6682168889139,-4.83145446917396));
#3050=CARTESIAN_POINT('Ctrl Pts',(-3.99576088039088,16.6682168889139,-4.73642710428531));
#3051=CARTESIAN_POINT('Ctrl Pts',(-4.43807415167362,16.6682168889139,-4.38669057622667));
#3052=CARTESIAN_POINT('Ctrl Pts',(-4.68945052086658,16.6682168889139,-4.06603804779523));
#3053=CARTESIAN_POINT('Ctrl Pts',(-4.86752129394297,16.6682168889139,-3.71875784023951));
#3054=CARTESIAN_POINT('Ctrl Pts',(-4.92660156505428,16.6682168889139,-3.53355831396567));
#3055=CARTESIAN_POINT('Ctrl Pts',(-4.99945039129864,16.6682168889139,-3.02934439013995));
#3056=CARTESIAN_POINT('Ctrl Pts',(-5.00777709455214,16.6682168889139,-2.49864604721232));
#3057=CARTESIAN_POINT('Ctrl Pts',(-5.00777709455214,16.6682168889139,-2.0009029041614));
#3058=CARTESIAN_POINT('',(-3.56111066331812,16.6682168889139,-4.90263791924887));
#3059=CARTESIAN_POINT('',(-3.55777716905795,16.7626657598802,-5.00090297866281));
#3060=CARTESIAN_POINT('Ctrl Pts',(-3.5611106635814,16.6682168889139,-4.90263791909737));
#3061=CARTESIAN_POINT('Ctrl Pts',(-3.55888014070753,16.699427827708,-4.93547586521427));
#3062=CARTESIAN_POINT('Ctrl Pts',(-3.55777716905794,16.7309469588061,-4.96824471055357));
#3063=CARTESIAN_POINT('Ctrl Pts',(-3.55777716905794,16.7626657598802,-5.00090297865841));
#3064=CARTESIAN_POINT('',(-4.90951210948809,16.6682168889139,-3.55423647319065));
#3065=CARTESIAN_POINT('Ctrl Pts',(-3.55777716905794,16.7626657598802,-5.00090297865841));
#3066=CARTESIAN_POINT('Ctrl Pts',(-3.55777716905793,16.841929069689,-5.08251395810771));
#3067=CARTESIAN_POINT('Ctrl Pts',(-3.56467290533986,16.9224191044394,-5.16345400119559));
#3068=CARTESIAN_POINT('Ctrl Pts',(-3.61223801780257,17.2071165103216,-5.4446010935072));
#3069=CARTESIAN_POINT('Ctrl Pts',(-3.68927664157999,17.4138170015521,-5.63996530053783));
#3070=CARTESIAN_POINT('Ctrl Pts',(-3.9432371902676,17.8410345354698,-6.01475149488631));
#3071=CARTESIAN_POINT('Ctrl Pts',(-4.12651145928977,18.0484557294606,-6.17734286279414));
#3072=CARTESIAN_POINT('Ctrl Pts',(-4.52387788830557,18.3883599306685,-6.38327681955821));
#3073=CARTESIAN_POINT('Ctrl Pts',(-4.72456520655402,18.5231679108467,-6.43765624140523));
#3074=CARTESIAN_POINT('Ctrl Pts',(-5.09961241756878,18.7274830079019,-6.45802938890597));
#3075=CARTESIAN_POINT('Ctrl Pts',(-5.27758547094255,18.8065624593169,-6.43747770458056));
#3076=CARTESIAN_POINT('Ctrl Pts',(-5.60399023442121,18.9166892535517,-6.33212242772766));
#3077=CARTESIAN_POINT('Ctrl Pts',(-5.74930094542124,18.9516361928922,-6.25789020867947));
#3078=CARTESIAN_POINT('Ctrl Pts',(-5.99817634444553,18.981653766291,-6.07002992803004));
#3079=CARTESIAN_POINT('Ctrl Pts',(-6.10092998247991,18.9803825835767,-5.96468038053595));
#3080=CARTESIAN_POINT('Ctrl Pts',(-6.28519554161146,18.9446162999699,-5.70774395380729));
#3081=CARTESIAN_POINT('Ctrl Pts',(-6.3569107290558,18.9054622440385,-5.55645867422382));
#3082=CARTESIAN_POINT('Ctrl Pts',(-6.44653859771737,18.794142000364,-5.24387229621241));
#3083=CARTESIAN_POINT('Ctrl Pts',(-6.46322208524869,18.7231279653596,-5.08618461091637));
#3084=CARTESIAN_POINT('Ctrl Pts',(-6.44787676396598,18.5427612984745,-4.75204880516568));
#3085=CARTESIAN_POINT('Ctrl Pts',(-6.40562470691191,18.4297963609027,-4.58040015567141));
#3086=CARTESIAN_POINT('Ctrl Pts',(-6.25505395971958,18.1537126520063,-4.23178783693325));
#3087=CARTESIAN_POINT('Ctrl Pts',(-6.13348445913947,17.9863777710166,-4.06633516293382));
#3088=CARTESIAN_POINT('Ctrl Pts',(-5.79788063543128,17.5767025202373,-3.75740497343706));
#3089=CARTESIAN_POINT('Ctrl Pts',(-5.5673480653119,17.3278773406608,-3.64041455627048));
#3090=CARTESIAN_POINT('Ctrl Pts',(-5.24912812993302,17.0017433656898,-3.56900188134254));
#3091=CARTESIAN_POINT('Ctrl Pts',(-5.17145340206236,16.9235295811978,-3.55802848615427));
#3092=CARTESIAN_POINT('Ctrl Pts',(-5.03242993512543,16.7863419869819,-3.54984358958867));
#3093=CARTESIAN_POINT('Ctrl Pts',(-4.97112546917848,16.7267775184779,-3.55005137563199));
#3094=CARTESIAN_POINT('Ctrl Pts',(-4.90951210948808,16.6682168889139,-3.55423647319066));
#3095=CARTESIAN_POINT('Ctrl Pts',(-4.91066143325345,16.6682168889139,-3.55316329208874));
#3096=CARTESIAN_POINT('Ctrl Pts',(-4.92125546545922,16.6682168889139,-3.51131888248853));
#3097=CARTESIAN_POINT('Ctrl Pts',(-4.94781833173066,16.6682168889139,-3.38670915072855));
#3098=CARTESIAN_POINT('Ctrl Pts',(-4.99945039129864,16.6682168889139,-3.02934439013995));
#3099=CARTESIAN_POINT('Ctrl Pts',(-5.00777709455214,16.6682168889139,-2.49864604721232));
#3100=CARTESIAN_POINT('Ctrl Pts',(-5.00777709455214,16.6682168889139,-2.0009029041614));
#3101=CARTESIAN_POINT('Ctrl Pts',(-10.0077770945521,21.6682168889139,-2.0009029041614));
#3102=CARTESIAN_POINT('Ctrl Pts',(-10.0077770945521,21.6682168889139,-2.4986460472123));
#3103=CARTESIAN_POINT('Ctrl Pts',(-10.006727717678,21.6682168889139,-3.26794667670259));
#3104=CARTESIAN_POINT('Ctrl Pts',(-9.83814499753647,21.6682168889139,-4.60008462037872));
#3105=CARTESIAN_POINT('Ctrl Pts',(-9.56173425671764,21.6682168889139,-5.53105857261954));
#3106=CARTESIAN_POINT('Ctrl Pts',(-8.82913207005309,21.6682168889139,-6.94231100171806));
#3107=CARTESIAN_POINT('Ctrl Pts',(-8.05397185320915,21.6682168889139,-7.89666776738897));
#3108=CARTESIAN_POINT('Ctrl Pts',(-6.69005087354838,21.6682168889139,-8.99693203724248));
#3109=CARTESIAN_POINT('Ctrl Pts',(-5.78412499347457,21.6682168889139,-9.44817900765997));
#3110=CARTESIAN_POINT('Ctrl Pts',(-4.46402055091038,21.6682168889139,-9.86142842681051));
#3111=CARTESIAN_POINT('Ctrl Pts',(-3.39525210904476,21.6682168889139,-10.0013335725784));
#3112=CARTESIAN_POINT('Ctrl Pts',(-2.39658547325202,21.6682168889139,-10.0009029041614));
#3113=CARTESIAN_POINT('Ctrl Pts',(-2.00777709455215,21.6682168889139,-10.0009029041614));
#3114=CARTESIAN_POINT('Ctrl Pts',(-2.00777709455212,16.6682168889139,-5.00090290416144));
#3115=CARTESIAN_POINT('Ctrl Pts',(-2.39658547325216,16.6682168889139,-5.00090290416144));
#3116=CARTESIAN_POINT('Ctrl Pts',(-3.08861706141112,16.6682168889139,-4.99325089460807));
#3117=CARTESIAN_POINT('Ctrl Pts',(-3.41491746979478,16.6682168889139,-4.94049210287461));
#3118=CARTESIAN_POINT('Ctrl Pts',(-3.56030343286594,16.6682168889139,-4.90186947482935));
#3119=CARTESIAN_POINT('Ctrl Pts',(110.392222905448,21.6682168889139,-2.00090290416141));
#3120=CARTESIAN_POINT('Ctrl Pts',(110.392222905448,21.6682168889139,-2.2439081408488));
#3121=CARTESIAN_POINT('Ctrl Pts',(110.392472083325,21.6682168889139,-2.73803082900745));
#3122=CARTESIAN_POINT('Ctrl Pts',(110.349208895066,21.6682168889139,-3.76102429963434));
#3123=CARTESIAN_POINT('Ctrl Pts',(110.218124054744,21.6682168889139,-4.56818262280594));
#3124=CARTESIAN_POINT('Ctrl Pts',(109.88512781949,21.6682168889139,-5.63334704149516));
#3125=CARTESIAN_POINT('Ctrl Pts',(109.533569748131,21.6682168889139,-6.40388866973592));
#3126=CARTESIAN_POINT('Ctrl Pts',(108.855516064297,21.6682168889139,-7.36803636034224));
#3127=CARTESIAN_POINT('Ctrl Pts',(107.997491010869,21.6682168889139,-8.29472786446051));
#3128=CARTESIAN_POINT('Ctrl Pts',(107.166301311572,21.6682168889139,-8.90951906585016));
#3129=CARTESIAN_POINT('Ctrl Pts',(106.204274090913,21.6682168889139,-9.40857399471457));
#3130=CARTESIAN_POINT('Ctrl Pts',(105.479295538455,21.6682168889139,-9.69571576756343));
#3131=CARTESIAN_POINT('Ctrl Pts',(104.818941689744,21.6682168889139,-9.83730713346598));
#3132=CARTESIAN_POINT('Ctrl Pts',(104.141874802718,21.6682168889139,-9.94333623981945));
#3133=CARTESIAN_POINT('Ctrl Pts',(103.421644777085,21.6682168889139,-10.0011672005838));
#3134=CARTESIAN_POINT('Ctrl Pts',(102.731519399063,21.6682168889139,-10.0009029041614));
#3135=CARTESIAN_POINT('Ctrl Pts',(102.392222905448,21.6682168889139,-10.0009029041614));
#3136=CARTESIAN_POINT('Ctrl Pts',(108.725556238781,20.0015502222472,-2.00090290416142));
#3137=CARTESIAN_POINT('Ctrl Pts',(108.725494341313,20.0015502222472,-2.24395672159579));
#3138=CARTESIAN_POINT('Ctrl Pts',(108.72568940915,20.0015502222472,-2.71365540479327));
#3139=CARTESIAN_POINT('Ctrl Pts',(108.686641030494,20.0015502222472,-3.59656252141672));
#3140=CARTESIAN_POINT('Ctrl Pts',(108.583192553497,20.0015502222472,-4.21156260468003));
#3141=CARTESIAN_POINT('Ctrl Pts',(108.335078726663,20.0015502222472,-5.00574491025452));
#3142=CARTESIAN_POINT('Ctrl Pts',(108.075037725466,20.0015502222472,-5.57702024584974));
#3143=CARTESIAN_POINT('Ctrl Pts',(107.557972725932,20.0015502222472,-6.31422628755737));
#3144=CARTESIAN_POINT('Ctrl Pts',(106.889999539425,20.0015502222472,-7.03570420644524));
#3145=CARTESIAN_POINT('Ctrl Pts',(106.249524457518,20.0015502222472,-7.50795883109328));
#3146=CARTESIAN_POINT('Ctrl Pts',(105.529590706181,20.0015502222472,-7.88075224925164));
#3147=CARTESIAN_POINT('Ctrl Pts',(104.993351476718,20.0015502222472,-8.09343876656014));
#3148=CARTESIAN_POINT('Ctrl Pts',(104.494179900504,20.0015502222472,-8.20114122968324));
#3149=CARTESIAN_POINT('Ctrl Pts',(103.963321293022,20.0015502222472,-8.28434794346002));
#3150=CARTESIAN_POINT('Ctrl Pts',(103.374186054688,20.0015502222472,-8.33332800332588));
#3151=CARTESIAN_POINT('Ctrl Pts',(102.731502370256,20.0015502222472,-8.33450183361549));
#3152=CARTESIAN_POINT('Ctrl Pts',(102.392222905448,20.0015502222472,-8.33423623749473));
#3153=CARTESIAN_POINT('Ctrl Pts',(107.058889572114,18.3348835555806,-2.00090290416143));
#3154=CARTESIAN_POINT('Ctrl Pts',(107.058951469583,18.3348835555806,-2.24385956010193));
#3155=CARTESIAN_POINT('Ctrl Pts',(107.0588975346,18.3348835555806,-2.68898407831666));
#3156=CARTESIAN_POINT('Ctrl Pts',(107.024410427498,18.3348835555806,-3.43208109943244));
#3157=CARTESIAN_POINT('Ctrl Pts',(106.948338309248,18.3348835555806,-3.85398388470773));
#3158=CARTESIAN_POINT('Ctrl Pts',(106.784676748577,18.3348835555806,-4.3788250812645));
#3159=CARTESIAN_POINT('Ctrl Pts',(106.616710704723,18.3348835555806,-4.75011840349578));
#3160=CARTESIAN_POINT('Ctrl Pts',(106.260694074207,18.3348835555806,-5.26046978061217));
#3161=CARTESIAN_POINT('Ctrl Pts',(105.782815701787,18.3348835555806,-5.77661488080561));
#3162=CARTESIAN_POINT('Ctrl Pts',(105.333345830027,18.3348835555806,-6.10567499136842));
#3163=CARTESIAN_POINT('Ctrl Pts',(104.854128392152,18.3348835555806,-6.35364622471321));
#3164=CARTESIAN_POINT('Ctrl Pts',(104.507308922055,18.3348835555806,-6.49110596534196));
#3165=CARTESIAN_POINT('Ctrl Pts',(104.169020243661,18.3348835555806,-6.56534319506798));
#3166=CARTESIAN_POINT('Ctrl Pts',(103.785056268698,18.3348835555806,-6.62504453604911));
#3167=CARTESIAN_POINT('Ctrl Pts',(103.326118540343,18.3348835555806,-6.66576877841037));
#3168=CARTESIAN_POINT('Ctrl Pts',(102.731536427869,18.3348835555806,-6.66730397470732));
#3169=CARTESIAN_POINT('Ctrl Pts',(102.392222905448,18.3348835555806,-6.66756957082807));
#3170=CARTESIAN_POINT('Ctrl Pts',(105.392222905448,16.6682168889139,-2.00090290416144));
#3171=CARTESIAN_POINT('Ctrl Pts',(105.392222905448,16.6682168889139,-2.24390814084891));
#3172=CARTESIAN_POINT('Ctrl Pts',(105.392114860425,16.6682168889139,-2.66460865410249));
#3173=CARTESIAN_POINT('Ctrl Pts',(105.361842562926,16.6682168889139,-3.26761932121482));
#3174=CARTESIAN_POINT('Ctrl Pts',(105.313406808,16.6682168889139,-3.49736386658182));
#3175=CARTESIAN_POINT('Ctrl Pts',(105.23462765575,16.6682168889139,-3.75122295002386));
#3176=CARTESIAN_POINT('Ctrl Pts',(105.158178682058,16.6682168889139,-3.9232499796096));
#3177=CARTESIAN_POINT('Ctrl Pts',(104.963150735842,16.6682168889139,-4.2066597078273));
#3178=CARTESIAN_POINT('Ctrl Pts',(104.675324230343,16.6682168889139,-4.51759122279034));
#3179=CARTESIAN_POINT('Ctrl Pts',(104.416568975972,16.6682168889139,-4.70411475661154));
#3180=CARTESIAN_POINT('Ctrl Pts',(104.17944500742,16.6682168889139,-4.82582447925028));
#3181=CARTESIAN_POINT('Ctrl Pts',(104.021364860318,16.6682168889139,-4.88882896433867));
#3182=CARTESIAN_POINT('Ctrl Pts',(103.844258454422,16.6682168889139,-4.92917729128524));
#3183=CARTESIAN_POINT('Ctrl Pts',(103.606502759001,16.6682168889139,-4.96605623968968));
#3184=CARTESIAN_POINT('Ctrl Pts',(103.278659817946,16.6682168889139,-4.99792958115242));
#3185=CARTESIAN_POINT('Ctrl Pts',(102.731519399063,16.6682168889139,-5.0009029041614));
#3186=CARTESIAN_POINT('Ctrl Pts',(102.392222905448,16.6682168889139,-5.0009029041614));
#3187=CARTESIAN_POINT('',(105.286711696429,16.6682168889139,-3.58112226548715));
#3188=CARTESIAN_POINT('',(106.44222447007,18.3387839024661,-5.00090297866724));
#3189=CARTESIAN_POINT('Ctrl Pts',(105.286711696428,16.6682168889139,-3.58112226548935));
#3190=CARTESIAN_POINT('Ctrl Pts',(105.445234078213,16.8297513542708,-3.61400256601347));
#3191=CARTESIAN_POINT('Ctrl Pts',(105.598436453006,16.9928880559917,-3.67348915969274));
#3192=CARTESIAN_POINT('Ctrl Pts',(105.937808378216,17.3768713062933,-3.87751121024846));
#3193=CARTESIAN_POINT('Ctrl Pts',(106.112275146219,17.5945263867272,-4.04704307911616));
#3194=CARTESIAN_POINT('Ctrl Pts',(106.349731728224,17.9748475652636,-4.44720219900957));
#3195=CARTESIAN_POINT('Ctrl Pts',(106.416740076593,18.1301575595269,-4.65514830015125));
#3196=CARTESIAN_POINT('Ctrl Pts',(106.440193745194,18.2881453472361,-4.91272157672406));
#3197=CARTESIAN_POINT('Ctrl Pts',(106.44222447007,18.3139129804266,-4.95660391160591));
#3198=CARTESIAN_POINT('Ctrl Pts',(106.44222447007,18.3387839024661,-5.00090297866727));
#3199=CARTESIAN_POINT('',(103.542561576582,16.6682168889139,-4.96963788514777));
#3200=CARTESIAN_POINT('Ctrl Pts',(106.44222447007,18.3387839024661,-5.00090297866727));
#3201=CARTESIAN_POINT('Ctrl Pts',(106.44222447007,18.4149605088974,-5.13658562812592));
#3202=CARTESIAN_POINT('Ctrl Pts',(106.423216300302,18.4827428002355,-5.27616766689314));
#3203=CARTESIAN_POINT('Ctrl Pts',(106.335774402396,18.6020080396717,-5.56954706918746));
#3204=CARTESIAN_POINT('Ctrl Pts',(106.262936162329,18.6493997682122,-5.71979801914732));
#3205=CARTESIAN_POINT('Ctrl Pts',(106.074029325803,18.7026622877811,-5.97791477986559));
#3206=CARTESIAN_POINT('Ctrl Pts',(105.966982355071,18.7121252453837,-6.08499870562692));
#3207=CARTESIAN_POINT('Ctrl Pts',(105.718020817309,18.6994353996548,-6.265879408411));
#3208=CARTESIAN_POINT('Ctrl Pts',(105.57916850547,18.6764734957688,-6.33549415780468));
#3209=CARTESIAN_POINT('Ctrl Pts',(105.281936300468,18.5999870031258,-6.43064472024783));
#3210=CARTESIAN_POINT('Ctrl Pts',(105.126626738902,18.5459334395586,-6.45258052165813));
#3211=CARTESIAN_POINT('Ctrl Pts',(104.803264415674,18.4060501045213,-6.44878480580027));
#3212=CARTESIAN_POINT('Ctrl Pts',(104.639060563531,18.3181228168298,-6.41633104506792));
#3213=CARTESIAN_POINT('Ctrl Pts',(104.301598585843,18.0978261336059,-6.29140542619608));
#3214=CARTESIAN_POINT('Ctrl Pts',(104.138951096385,17.9615999536323,-6.18751482101311));
#3215=CARTESIAN_POINT('Ctrl Pts',(103.832572323597,17.626215195581,-5.90254460977654));
#3216=CARTESIAN_POINT('Ctrl Pts',(103.709153051456,17.4221831879197,-5.71033468491484));
#3217=CARTESIAN_POINT('Ctrl Pts',(103.56902890082,17.0333427853978,-5.33414681949352));
#3218=CARTESIAN_POINT('Ctrl Pts',(103.538635561833,16.8490196127375,-5.1516748635291));
#3219=CARTESIAN_POINT('Ctrl Pts',(103.542561580334,16.6682168889139,-4.96963788433956));
#3220=CARTESIAN_POINT('Ctrl Pts',(103.542099583621,16.6682168889139,-4.96992915286618));
#3221=CARTESIAN_POINT('Ctrl Pts',(103.450673232602,16.6682168889139,-4.97874712174127));
#3222=CARTESIAN_POINT('Ctrl Pts',(103.157587503866,16.6682168889139,-4.99858752394879));
#3223=CARTESIAN_POINT('Ctrl Pts',(102.731519399063,16.6682168889139,-5.0009029041614));
#3224=CARTESIAN_POINT('Ctrl Pts',(102.392222905448,16.6682168889139,-5.0009029041614));
#3225=CARTESIAN_POINT('',(110.392222905448,21.6682168889139,-2.0009029041614));
#3226=CARTESIAN_POINT('Ctrl Pts',(102.392222905448,21.6682168889139,-10.0009029041614));
#3227=CARTESIAN_POINT('Ctrl Pts',(102.731519399063,21.6682168889139,-10.0009029041614));
#3228=CARTESIAN_POINT('Ctrl Pts',(103.421644777085,21.6682168889139,-10.0011672005838));
#3229=CARTESIAN_POINT('Ctrl Pts',(104.141874802718,21.6682168889139,-9.94333623981945));
#3230=CARTESIAN_POINT('Ctrl Pts',(104.818941689744,21.6682168889139,-9.83730713346598));
#3231=CARTESIAN_POINT('Ctrl Pts',(105.479295538455,21.6682168889139,-9.69571576756343));
#3232=CARTESIAN_POINT('Ctrl Pts',(106.204274090913,21.6682168889139,-9.40857399471457));
#3233=CARTESIAN_POINT('Ctrl Pts',(107.166301311572,21.6682168889139,-8.90951906585016));
#3234=CARTESIAN_POINT('Ctrl Pts',(107.997491010869,21.6682168889139,-8.29472786446051));
#3235=CARTESIAN_POINT('Ctrl Pts',(108.855516064297,21.6682168889139,-7.36803636034224));
#3236=CARTESIAN_POINT('Ctrl Pts',(109.533569748131,21.6682168889139,-6.40388866973592));
#3237=CARTESIAN_POINT('Ctrl Pts',(109.88512781949,21.6682168889139,-5.63334704149516));
#3238=CARTESIAN_POINT('Ctrl Pts',(110.218124054744,21.6682168889139,-4.56818262280594));
#3239=CARTESIAN_POINT('Ctrl Pts',(110.349208895066,21.6682168889139,-3.76102429963434));
#3240=CARTESIAN_POINT('Ctrl Pts',(110.392472083325,21.6682168889139,-2.73803082900745));
#3241=CARTESIAN_POINT('Ctrl Pts',(110.392222905448,21.6682168889139,-2.2439081408488));
#3242=CARTESIAN_POINT('Ctrl Pts',(110.392222905448,21.6682168889139,-2.00090290416141));
#3243=CARTESIAN_POINT('',(105.392222905448,16.6682168889139,-2.00090290416144));
#3244=CARTESIAN_POINT('',(110.392222905448,21.6682168889139,-2.0009029041614));
#3245=CARTESIAN_POINT('Ctrl Pts',(105.392222905448,16.6682168889139,-2.00090290416144));
#3246=CARTESIAN_POINT('Ctrl Pts',(105.392222905448,16.6682168889139,-2.24390814084891));
#3247=CARTESIAN_POINT('Ctrl Pts',(105.392114860425,16.6682168889139,-2.66460865410249));
#3248=CARTESIAN_POINT('Ctrl Pts',(105.363698294492,16.6682168889139,-3.23065397592863));
#3249=CARTESIAN_POINT('Ctrl Pts',(105.321152706234,16.6682168889139,-3.45832095883129));
#3250=CARTESIAN_POINT('Ctrl Pts',(105.286988433869,16.6682168889139,-3.58012059475103));
#3251=CARTESIAN_POINT('Origin',(107.892222905448,19.1682168889139,65.2990970958386));
#3252=CARTESIAN_POINT('',(110.392222905448,21.6682168889139,82.3990970958386));
#3253=CARTESIAN_POINT('',(105.392222905448,16.6682168889139,82.3990970958386));
#3254=CARTESIAN_POINT('',(110.392222905448,21.6682168889139,82.3990970958386));
#3255=CARTESIAN_POINT('',(105.392222905448,16.6682168889139,65.2990970958386));
#3256=CARTESIAN_POINT('',(110.392222905448,21.6682168889139,65.2990970958386));
#3257=CARTESIAN_POINT('Ctrl Pts',(102.392222905448,21.6682168889139,90.3990970958386));
#3258=CARTESIAN_POINT('Ctrl Pts',(102.878233378823,21.6682168889139,90.3990970958386));
#3259=CARTESIAN_POINT('Ctrl Pts',(103.883613227119,21.6682168889139,90.3994612628206));
#3260=CARTESIAN_POINT('Ctrl Pts',(104.959989444747,21.6682168889139,90.2247915335894));
#3261=CARTESIAN_POINT('Ctrl Pts',(106.365481999739,21.6682168889139,89.7838267140197));
#3262=CARTESIAN_POINT('Ctrl Pts',(107.133109139045,21.6682168889139,89.3582503182537));
#3263=CARTESIAN_POINT('Ctrl Pts',(108.489683767222,21.6682168889139,88.2229029436402));
#3264=CARTESIAN_POINT('Ctrl Pts',(109.135313396607,21.6682168889139,87.4894825893686));
#3265=CARTESIAN_POINT('Ctrl Pts',(109.992475673569,21.6682168889139,85.8395108555485));
#3266=CARTESIAN_POINT('Ctrl Pts',(110.179635886178,21.6682168889139,85.1342488612408));
#3267=CARTESIAN_POINT('Ctrl Pts',(110.392209861392,21.6682168889139,83.7797222127432));
#3268=CARTESIAN_POINT('Ctrl Pts',(110.392222905448,21.6682168889139,83.0776900830682));
#3269=CARTESIAN_POINT('Ctrl Pts',(110.392222905448,21.6682168889139,82.3990970958386));
#3270=CARTESIAN_POINT('Ctrl Pts',(102.392222905448,20.0015502222472,88.7324304291719));
#3271=CARTESIAN_POINT('Ctrl Pts',(102.879543784671,20.0015502222472,88.7333418968031));
#3272=CARTESIAN_POINT('Ctrl Pts',(103.782331789907,20.0015502222472,88.7283677704908));
#3273=CARTESIAN_POINT('Ctrl Pts',(104.604206237768,20.0015502222472,88.5894003008887));
#3274=CARTESIAN_POINT('Ctrl Pts',(105.649905829624,20.0015502222472,88.2616693222243));
#3275=CARTESIAN_POINT('Ctrl Pts',(106.221297360061,20.0015502222472,87.9468299744883));
#3276=CARTESIAN_POINT('Ctrl Pts',(107.273310062137,20.0015502222472,87.0688583695734));
#3277=CARTESIAN_POINT('Ctrl Pts',(107.776069192288,20.0015502222472,86.493059254356));
#3278=CARTESIAN_POINT('Ctrl Pts',(108.415056397614,20.0015502222472,85.2588509935915));
#3279=CARTESIAN_POINT('Ctrl Pts',(108.553415625823,20.0015502222472,84.7425966900614));
#3280=CARTESIAN_POINT('Ctrl Pts',(108.721297447273,20.0015502222472,83.6816963189815));
#3281=CARTESIAN_POINT('Ctrl Pts',(108.726643389275,20.0015502222472,83.0790079344654));
#3282=CARTESIAN_POINT('Ctrl Pts',(108.725556238781,20.0015502222472,82.3990970958386));
#3283=CARTESIAN_POINT('Ctrl Pts',(102.392222905448,18.3348835555806,87.0657637625052));
#3284=CARTESIAN_POINT('Ctrl Pts',(102.876922972975,18.3348835555806,87.0648522948741));
#3285=CARTESIAN_POINT('Ctrl Pts',(103.683603310908,18.3348835555806,87.0564554397795));
#3286=CARTESIAN_POINT('Ctrl Pts',(104.244188094802,18.3348835555806,86.9537441462659));
#3287=CARTESIAN_POINT('Ctrl Pts',(104.936436136896,18.3348835555806,86.7368266110329));
#3288=CARTESIAN_POINT('Ctrl Pts',(105.310385125961,18.3348835555806,86.5340096326859));
#3289=CARTESIAN_POINT('Ctrl Pts',(106.054369736083,18.3348835555806,85.914339904525));
#3290=CARTESIAN_POINT('Ctrl Pts',(106.414360677749,18.3348835555806,85.4966261575989));
#3291=CARTESIAN_POINT('Ctrl Pts',(106.838837033742,18.3348835555806,84.6757140487562));
#3292=CARTESIAN_POINT('Ctrl Pts',(106.926774432361,18.3348835555806,84.3500503605099));
#3293=CARTESIAN_POINT('Ctrl Pts',(107.049356720891,18.3348835555805,83.5825456945864));
#3294=CARTESIAN_POINT('Ctrl Pts',(107.057802421621,18.3348835555806,83.076372231671));
#3295=CARTESIAN_POINT('Ctrl Pts',(107.058889572115,18.3348835555806,82.3990970958386));
#3296=CARTESIAN_POINT('Ctrl Pts',(102.392222905448,16.6682168889139,85.3990970958386));
#3297=CARTESIAN_POINT('Ctrl Pts',(102.878233378823,16.6682168889139,85.3990970958386));
#3298=CARTESIAN_POINT('Ctrl Pts',(103.582321873696,16.6682168889139,85.3853619474497));
#3299=CARTESIAN_POINT('Ctrl Pts',(103.888404887823,16.6682168889139,85.3183529135652));
#3300=CARTESIAN_POINT('Ctrl Pts',(104.220859966781,16.6682168889139,85.2146692192376));
#3301=CARTESIAN_POINT('Ctrl Pts',(104.398573346977,16.6682168889139,85.1225892889206));
#3302=CARTESIAN_POINT('Ctrl Pts',(104.837996030998,16.6682168889139,84.7602953304582));
#3303=CARTESIAN_POINT('Ctrl Pts',(105.055116473429,16.6682168889139,84.5002028225862));
#3304=CARTESIAN_POINT('Ctrl Pts',(105.261417757786,16.6682168889139,84.0950541867992));
#3305=CARTESIAN_POINT('Ctrl Pts',(105.300554172005,16.6682168889139,83.9583981893305));
#3306=CARTESIAN_POINT('Ctrl Pts',(105.378444306772,16.6682168889139,83.4845198008248));
#3307=CARTESIAN_POINT('Ctrl Pts',(105.392222905448,16.6682168889139,83.0776900830682));
#3308=CARTESIAN_POINT('Ctrl Pts',(105.392222905448,16.6682168889139,82.3990970958386));
#3309=CARTESIAN_POINT('',(103.58865190782,16.6682168889139,85.3630819700609));
#3310=CARTESIAN_POINT('',(106.44222447007,18.1306108093648,84.9990983624387));
#3311=CARTESIAN_POINT('Ctrl Pts',(103.588651909299,16.6682168889139,85.3630819701061));
#3312=CARTESIAN_POINT('Ctrl Pts',(103.643832745576,16.8857316139079,85.5758671231915));
#3313=CARTESIAN_POINT('Ctrl Pts',(103.748460545932,17.0997205718963,85.7805137984094));
#3314=CARTESIAN_POINT('Ctrl Pts',(104.055461208493,17.4975424497841,86.1295722722904));
#3315=CARTESIAN_POINT('Ctrl Pts',(104.244818835703,17.668576755653,86.2620260431601));
#3316=CARTESIAN_POINT('Ctrl Pts',(104.632530359051,17.9431580111246,86.4167549346575));
#3317=CARTESIAN_POINT('Ctrl Pts',(104.830513656837,18.0567347998476,86.454899473111));
#3318=CARTESIAN_POINT('Ctrl Pts',(105.207703093362,18.2299161779421,86.4430398067865));
#3319=CARTESIAN_POINT('Ctrl Pts',(105.381147019507,18.2941897281134,86.4076439208301));
#3320=CARTESIAN_POINT('Ctrl Pts',(105.696606682712,18.3798610417454,86.2766469691077));
#3321=CARTESIAN_POINT('Ctrl Pts',(105.835935948223,18.4041293862211,86.1898856514581));
#3322=CARTESIAN_POINT('Ctrl Pts',(106.080557802559,18.4160275550036,85.9709965158055));
#3323=CARTESIAN_POINT('Ctrl Pts',(106.181912641744,18.403937717097,85.8434423168111));
#3324=CARTESIAN_POINT('Ctrl Pts',(106.337254082712,18.34632227799,85.5637281630987));
#3325=CARTESIAN_POINT('Ctrl Pts',(106.389312373243,18.3019236581184,85.4159001755225));
#3326=CARTESIAN_POINT('Ctrl Pts',(106.434212026622,18.2108673031378,85.1766903799658));
#3327=CARTESIAN_POINT('Ctrl Pts',(106.44222447007,18.1724758937121,85.0871484037007));
#3328=CARTESIAN_POINT('Ctrl Pts',(106.44222447007,18.1306108093648,84.99909836244));
#3329=CARTESIAN_POINT('',(105.356207819455,16.6682168889139,83.5955257320685));
#3330=CARTESIAN_POINT('Ctrl Pts',(106.44222447007,18.1306108093648,84.99909836244));
#3331=CARTESIAN_POINT('Ctrl Pts',(106.44222447007,18.0944725972032,84.9230929961181));
#3332=CARTESIAN_POINT('Ctrl Pts',(106.436244426562,18.0557415251614,84.8482014655945));
#3333=CARTESIAN_POINT('Ctrl Pts',(106.395786579086,17.9107111016649,84.5893651061125));
#3334=CARTESIAN_POINT('Ctrl Pts',(106.332042146895,17.793840158224,84.4177874197027));
#3335=CARTESIAN_POINT('Ctrl Pts',(106.128363051949,17.5021241648681,84.0695993932109));
#3336=CARTESIAN_POINT('Ctrl Pts',(105.973622938798,17.3228925765377,83.9111892293826));
#3337=CARTESIAN_POINT('Ctrl Pts',(105.660681094286,16.9823082087248,83.7016568404634));
#3338=CARTESIAN_POINT('Ctrl Pts',(105.51062052816,16.826061720592,83.635569016954));
#3339=CARTESIAN_POINT('Ctrl Pts',(105.356207819535,16.6682168889139,83.5955257347077));
#3340=CARTESIAN_POINT('Ctrl Pts',(105.355451934949,16.6682168889139,83.5954446012397));
#3341=CARTESIAN_POINT('Ctrl Pts',(105.382785084031,16.6682168889139,83.3361898854691));
#3342=CARTESIAN_POINT('Ctrl Pts',(105.392222905448,16.6682168889139,82.9607172953665));
#3343=CARTESIAN_POINT('Ctrl Pts',(105.392222905448,16.6682168889139,82.3990970958386));
#3344=CARTESIAN_POINT('Ctrl Pts',(110.392222905448,21.6682168889139,82.3990970958386));
#3345=CARTESIAN_POINT('Ctrl Pts',(110.392222905448,21.6682168889139,83.0776900830682));
#3346=CARTESIAN_POINT('Ctrl Pts',(110.392209861392,21.6682168889139,83.7797222127432));
#3347=CARTESIAN_POINT('Ctrl Pts',(110.179635886178,21.6682168889139,85.1342488612408));
#3348=CARTESIAN_POINT('Ctrl Pts',(109.992475673569,21.6682168889139,85.8395108555485));
#3349=CARTESIAN_POINT('Ctrl Pts',(109.135313396607,21.6682168889139,87.4894825893686));
#3350=CARTESIAN_POINT('Ctrl Pts',(108.489683767222,21.6682168889139,88.2229029436402));
#3351=CARTESIAN_POINT('Ctrl Pts',(107.133109139045,21.6682168889139,89.3582503182537));
#3352=CARTESIAN_POINT('Ctrl Pts',(106.365481999739,21.6682168889139,89.7838267140197));
#3353=CARTESIAN_POINT('Ctrl Pts',(104.959989444747,21.6682168889139,90.2247915335894));
#3354=CARTESIAN_POINT('Ctrl Pts',(103.883613227119,21.6682168889139,90.3994612628206));
#3355=CARTESIAN_POINT('Ctrl Pts',(102.878233378823,21.6682168889139,90.3990970958386));
#3356=CARTESIAN_POINT('Ctrl Pts',(102.392222905448,21.6682168889139,90.3990970958386));
#3357=CARTESIAN_POINT('Ctrl Pts',(102.392222905448,16.6682168889139,85.3990970958386));
#3358=CARTESIAN_POINT('Ctrl Pts',(102.878233378823,16.6682168889139,85.3990970958386));
#3359=CARTESIAN_POINT('Ctrl Pts',(103.282325832114,16.6682168889139,85.3912141807658));
#3360=CARTESIAN_POINT('Ctrl Pts',(103.555320294385,16.6682168889139,85.3657835189907));
#3361=CARTESIAN_POINT('Ctrl Pts',(103.588560415254,16.6682168889139,85.3622354283966));
#3362=CARTESIAN_POINT('Ctrl Pts',(-10.0077770945521,21.6682168889139,-2.0009029041614));
#3363=CARTESIAN_POINT('Ctrl Pts',(-10.0077770945521,24.3348835555806,-2.0009029041614));
#3364=CARTESIAN_POINT('Ctrl Pts',(-10.0077770945521,27.0015502222472,-2.0009029041614));
#3365=CARTESIAN_POINT('Ctrl Pts',(-10.0077770945521,29.6682168889139,-2.0009029041614));
#3366=CARTESIAN_POINT('Ctrl Pts',(-10.0077770945521,21.6682168889139,-2.59930150484517));
#3367=CARTESIAN_POINT('Ctrl Pts',(-10.0077770945521,24.3348835555806,-2.59930150484517));
#3368=CARTESIAN_POINT('Ctrl Pts',(-10.0077770945521,27.0015502222472,-2.59930150484517));
#3369=CARTESIAN_POINT('Ctrl Pts',(-10.0077770945521,29.6682168889139,-2.59930150484517));
#3370=CARTESIAN_POINT('Ctrl Pts',(-10.0017311443439,21.6682168889139,-3.78346906808798));
#3371=CARTESIAN_POINT('Ctrl Pts',(-10.0017311443439,24.3348835555806,-3.78346906808798));
#3372=CARTESIAN_POINT('Ctrl Pts',(-10.0017311443439,27.0015502222472,-3.78346906808798));
#3373=CARTESIAN_POINT('Ctrl Pts',(-10.0017311443439,29.6682168889139,-3.78346906808798));
#3374=CARTESIAN_POINT('Ctrl Pts',(-9.60830445238101,21.6682168889139,-5.54614449386318));
#3375=CARTESIAN_POINT('Ctrl Pts',(-9.60830445238101,24.3348835555806,-5.54614449386318));
#3376=CARTESIAN_POINT('Ctrl Pts',(-9.60830445238101,27.0015502222472,-5.54614449386318));
#3377=CARTESIAN_POINT('Ctrl Pts',(-9.60830445238101,29.6682168889139,-5.54614449386318));
#3378=CARTESIAN_POINT('Ctrl Pts',(-8.66703423006134,21.6682168889139,-7.22833222647312));
#3379=CARTESIAN_POINT('Ctrl Pts',(-8.66703423006134,24.3348835555806,-7.22833222647312));
#3380=CARTESIAN_POINT('Ctrl Pts',(-8.66703423006134,27.0015502222472,-7.22833222647312));
#3381=CARTESIAN_POINT('Ctrl Pts',(-8.66703423006134,29.6682168889139,-7.22833222647312));
#3382=CARTESIAN_POINT('Ctrl Pts',(-7.23520249517628,21.6682168889139,-8.6605758186488));
#3383=CARTESIAN_POINT('Ctrl Pts',(-7.23520249517628,24.3348835555806,-8.6605758186488));
#3384=CARTESIAN_POINT('Ctrl Pts',(-7.23520249517628,27.0015502222472,-8.6605758186488));
#3385=CARTESIAN_POINT('Ctrl Pts',(-7.23520249517628,29.6682168889139,-8.6605758186488));
#3386=CARTESIAN_POINT('Ctrl Pts',(-5.55338782875001,21.6682168889139,-9.60054822902455));
#3387=CARTESIAN_POINT('Ctrl Pts',(-5.55338782875001,24.3348835555806,-9.60054822902455));
#3388=CARTESIAN_POINT('Ctrl Pts',(-5.55338782875001,27.0015502222472,-9.60054822902455));
#3389=CARTESIAN_POINT('Ctrl Pts',(-5.55338782875001,29.6682168889139,-9.60054822902455));
#3390=CARTESIAN_POINT('Ctrl Pts',(-3.79027032780887,21.6682168889139,-9.99520581996145));
#3391=CARTESIAN_POINT('Ctrl Pts',(-3.79027032780887,24.3348835555806,-9.99520581996145));
#3392=CARTESIAN_POINT('Ctrl Pts',(-3.79027032780887,27.0015502222472,-9.99520581996145));
#3393=CARTESIAN_POINT('Ctrl Pts',(-3.79027032780887,29.6682168889139,-9.99520581996145));
#3394=CARTESIAN_POINT('Ctrl Pts',(-2.60617569523592,21.6682168889139,-10.0009029041614));
#3395=CARTESIAN_POINT('Ctrl Pts',(-2.60617569523592,24.3348835555806,-10.0009029041614));
#3396=CARTESIAN_POINT('Ctrl Pts',(-2.60617569523592,27.0015502222472,-10.0009029041614));
#3397=CARTESIAN_POINT('Ctrl Pts',(-2.60617569523592,29.6682168889139,-10.0009029041614));
#3398=CARTESIAN_POINT('Ctrl Pts',(-2.00777709455215,21.6682168889139,-10.0009029041614));
#3399=CARTESIAN_POINT('Ctrl Pts',(-2.00777709455215,24.3348835555806,-10.0009029041614));
#3400=CARTESIAN_POINT('Ctrl Pts',(-2.00777709455215,27.0015502222472,-10.0009029041614));
#3401=CARTESIAN_POINT('Ctrl Pts',(-2.00777709455215,29.6682168889139,-10.0009029041614));
#3402=CARTESIAN_POINT('',(-10.0077770945521,29.6682168889139,-2.0009029041614));
#3403=CARTESIAN_POINT('',(-10.0077770945521,16.6682168889139,-2.0009029041614));
#3404=CARTESIAN_POINT('Ctrl Pts',(-10.0077770945521,29.6682168889139,-2.0009029041614));
#3405=CARTESIAN_POINT('Ctrl Pts',(-10.0077770945521,29.6682168889139,-2.59930150484517));
#3406=CARTESIAN_POINT('Ctrl Pts',(-10.004754119448,29.6682168889139,-3.19138528646657));
#3407=CARTESIAN_POINT('Ctrl Pts',(-9.9376715165688,29.6682168889139,-3.78120641490648));
#3408=CARTESIAN_POINT('Ctrl Pts',(-9.87058891368959,29.6682168889139,-4.37102754334638));
#3409=CARTESIAN_POINT('Ctrl Pts',(-9.7394466830353,29.6682168889139,-4.95858601860478));
#3410=CARTESIAN_POINT('Ctrl Pts',(-9.51699719732154,29.6682168889139,-5.53272987833563));
#3411=CARTESIAN_POINT('Ctrl Pts',(-9.29454771160779,29.6682168889139,-6.10687373806649));
#3412=CARTESIAN_POINT('Ctrl Pts',(-8.98079097083457,29.6682168889139,-6.6676029822698));
#3413=CARTESIAN_POINT('Ctrl Pts',(-8.58527397796711,29.6682168889139,-7.18667486973407));
#3414=CARTESIAN_POINT('Ctrl Pts',(-8.18975698509965,29.6682168889139,-7.70574675719834));
#3415=CARTESIAN_POINT('Ctrl Pts',(-7.71247974013797,29.6682168889139,-8.18316128792357));
#3416=CARTESIAN_POINT('Ctrl Pts',(-7.19353867325274,29.6682168889139,-8.57853062168214));
#3417=CARTESIAN_POINT('Ctrl Pts',(-6.67459760636752,29.6682168889139,-8.97389995544071));
#3418=CARTESIAN_POINT('Ctrl Pts',(-6.11399271755876,29.6682168889139,-9.28722409223263));
#3419=CARTESIAN_POINT('Ctrl Pts',(-5.53983735633086,29.6682168889139,-9.50966242578474));
#3420=CARTESIAN_POINT('Ctrl Pts',(-4.96568199510296,29.6682168889139,-9.73210075933685));
#3421=CARTESIAN_POINT('Ctrl Pts',(-4.37797616145591,29.6682168889139,-9.86365328964915));
#3422=CARTESIAN_POINT('Ctrl Pts',(-3.78809958648915,29.6682168889139,-9.9308538258553));
#3423=CARTESIAN_POINT('Ctrl Pts',(-3.19822301152239,29.6682168889139,-9.99805436206144));
#3424=CARTESIAN_POINT('Ctrl Pts',(-2.60617569523592,29.6682168889139,-10.0009029041614));
#3425=CARTESIAN_POINT('Ctrl Pts',(-2.00777709455215,29.6682168889139,-10.0009029041614));
#3426=CARTESIAN_POINT('Origin',(-10.0077770945521,16.6682168889139,-10.0009029041614));
#3427=CARTESIAN_POINT('',(-10.0077770945521,29.6682168889139,82.3990970958386));
#3428=CARTESIAN_POINT('',(-10.0077770945521,16.6682168889139,82.3990970958386));
#3429=CARTESIAN_POINT('',(-10.0077770945521,29.6682168889139,90.3990970958386));
#3430=CARTESIAN_POINT('Ctrl Pts',(-2.00777709455214,21.6682168889139,90.3990970958386));
#3431=CARTESIAN_POINT('Ctrl Pts',(-2.00777709455214,24.3348835555806,90.3990970958386));
#3432=CARTESIAN_POINT('Ctrl Pts',(-2.00777709455214,27.0015502222472,90.3990970958386));
#3433=CARTESIAN_POINT('Ctrl Pts',(-2.00777709455214,29.6682168889139,90.3990970958386));
#3434=CARTESIAN_POINT('Ctrl Pts',(-2.60617569523591,21.6682168889139,90.3990970958386));
#3435=CARTESIAN_POINT('Ctrl Pts',(-2.60617569523591,24.3348835555806,90.3990970958386));
#3436=CARTESIAN_POINT('Ctrl Pts',(-2.60617569523591,27.0015502222472,90.3990970958386));
#3437=CARTESIAN_POINT('Ctrl Pts',(-2.60617569523591,29.6682168889139,90.3990970958386));
#3438=CARTESIAN_POINT('Ctrl Pts',(-3.79033847580939,21.6682168889139,90.3930301552605));
#3439=CARTESIAN_POINT('Ctrl Pts',(-3.79033847580939,24.3348835555806,90.3930301552605));
#3440=CARTESIAN_POINT('Ctrl Pts',(-3.79033847580939,27.0015502222472,90.3930301552605));
#3441=CARTESIAN_POINT('Ctrl Pts',(-3.79033847580939,29.6682168889139,90.3930301552605));
#3442=CARTESIAN_POINT('Ctrl Pts',(-5.55299619465342,21.6682168889139,89.9996315014476));
#3443=CARTESIAN_POINT('Ctrl Pts',(-5.55299619465342,24.3348835555806,89.9996315014476));
#3444=CARTESIAN_POINT('Ctrl Pts',(-5.55299619465342,27.0015502222472,89.9996315014476));
#3445=CARTESIAN_POINT('Ctrl Pts',(-5.55299619465342,29.6682168889139,89.9996315014476));
#3446=CARTESIAN_POINT('Ctrl Pts',(-7.23518078169294,21.6682168889139,89.0583412439091));
#3447=CARTESIAN_POINT('Ctrl Pts',(-7.23518078169294,24.3348835555805,89.0583412439091));
#3448=CARTESIAN_POINT('Ctrl Pts',(-7.23518078169294,27.0015502222472,89.0583412439091));
#3449=CARTESIAN_POINT('Ctrl Pts',(-7.23518078169294,29.6682168889139,89.0583412439091));
#3450=CARTESIAN_POINT('Ctrl Pts',(-8.66741266803484,21.6682168889139,87.6265290859619));
#3451=CARTESIAN_POINT('Ctrl Pts',(-8.66741266803484,24.3348835555806,87.6265290859619));
#3452=CARTESIAN_POINT('Ctrl Pts',(-8.66741266803484,27.0015502222472,87.6265290859619));
#3453=CARTESIAN_POINT('Ctrl Pts',(-8.66741266803484,29.6682168889139,87.6265290859619));
#3454=CARTESIAN_POINT('Ctrl Pts',(-9.60737513630276,21.6682168889139,85.9447251605137));
#3455=CARTESIAN_POINT('Ctrl Pts',(-9.60737513630276,24.3348835555806,85.9447251605137));
#3456=CARTESIAN_POINT('Ctrl Pts',(-9.60737513630276,27.0015502222472,85.9447251605137));
#3457=CARTESIAN_POINT('Ctrl Pts',(-9.60737513630276,29.6682168889139,85.9447251605137));
#3458=CARTESIAN_POINT('Ctrl Pts',(-10.0020385120904,21.6682168889139,84.1816077409148));
#3459=CARTESIAN_POINT('Ctrl Pts',(-10.0020385120904,24.3348835555806,84.1816077409148));
#3460=CARTESIAN_POINT('Ctrl Pts',(-10.0020385120904,27.0015502222472,84.1816077409148));
#3461=CARTESIAN_POINT('Ctrl Pts',(-10.0020385120904,29.6682168889139,84.1816077409148));
#3462=CARTESIAN_POINT('Ctrl Pts',(-10.0077770945521,21.6682168889139,82.9974956965224));
#3463=CARTESIAN_POINT('Ctrl Pts',(-10.0077770945521,24.3348835555806,82.9974956965224));
#3464=CARTESIAN_POINT('Ctrl Pts',(-10.0077770945521,27.0015502222472,82.9974956965224));
#3465=CARTESIAN_POINT('Ctrl Pts',(-10.0077770945521,29.6682168889139,82.9974956965224));
#3466=CARTESIAN_POINT('Ctrl Pts',(-10.0077770945521,21.6682168889139,82.3990970958386));
#3467=CARTESIAN_POINT('Ctrl Pts',(-10.0077770945521,24.3348835555806,82.3990970958386));
#3468=CARTESIAN_POINT('Ctrl Pts',(-10.0077770945521,27.0015502222472,82.3990970958386));
#3469=CARTESIAN_POINT('Ctrl Pts',(-10.0077770945521,29.6682168889139,82.3990970958386));
#3470=CARTESIAN_POINT('',(-2.00777709455213,29.6682168889139,90.3990970958386));
#3471=CARTESIAN_POINT('',(-2.00777709455214,16.6682168889139,90.3990970958386));
#3472=CARTESIAN_POINT('Ctrl Pts',(-2.00777709455214,29.6682168889139,90.3990970958386));
#3473=CARTESIAN_POINT('Ctrl Pts',(-2.60617569523591,29.6682168889139,90.3990970958386));
#3474=CARTESIAN_POINT('Ctrl Pts',(-3.19825708552265,29.6682168889139,90.3960636255496));
#3475=CARTESIAN_POINT('Ctrl Pts',(-3.78807406714003,29.6682168889139,90.3289804481029));
#3476=CARTESIAN_POINT('Ctrl Pts',(-4.3778910487574,29.6682168889139,90.2618972706562));
#3477=CARTESIAN_POINT('Ctrl Pts',(-4.96544362170541,29.6682168889139,90.1307643860519));
#3478=CARTESIAN_POINT('Ctrl Pts',(-5.53958400601933,29.6682168889139,89.90831623416));
#3479=CARTESIAN_POINT('Ctrl Pts',(-6.11372439033326,29.6682168889139,89.6858680822681));
#3480=CARTESIAN_POINT('Ctrl Pts',(-6.6744525860131,29.6682168889139,89.3721046630886));
#3481=CARTESIAN_POINT('Ctrl Pts',(-7.19352199824333,29.6682168889139,88.976587593841));
#3482=CARTESIAN_POINT('Ctrl Pts',(-7.71259141047357,29.6682168889139,88.5810705245934));
#3483=CARTESIAN_POINT('Ctrl Pts',(-8.1900020392542,29.6682168889139,88.1037998052776));
#3484=CARTESIAN_POINT('Ctrl Pts',(-8.58536776502251,29.6682168889139,87.5848637913784));
#3485=CARTESIAN_POINT('Ctrl Pts',(-8.98073349079081,29.6682168889139,87.0659277774792));
#3486=CARTESIAN_POINT('Ctrl Pts',(-9.29405431354678,29.6682168889139,86.5053264689965));
#3487=CARTESIAN_POINT('Ctrl Pts',(-9.51649195422272,29.6682168889139,85.9311729114886));
#3488=CARTESIAN_POINT('Ctrl Pts',(-9.73892959489865,29.6682168889139,85.3570193539807));
#3489=CARTESIAN_POINT('Ctrl Pts',(-9.87048405349454,29.6682168889139,84.7693135474478));
#3490=CARTESIAN_POINT('Ctrl Pts',(-9.93769592840791,29.6682168889139,84.1794326330832));
#3491=CARTESIAN_POINT('Ctrl Pts',(-10.0049078033213,29.6682168889139,83.5895517187186));
#3492=CARTESIAN_POINT('Ctrl Pts',(-10.0077770945521,29.6682168889139,82.9974956965224));
#3493=CARTESIAN_POINT('Ctrl Pts',(-10.0077770945521,29.6682168889139,82.3990970958386));
#3494=CARTESIAN_POINT('Origin',(-10.0077770945521,16.6682168889139,90.3990970958386));
#3495=CARTESIAN_POINT('',(102.392222905448,29.6682168889139,90.3990970958386));
#3496=CARTESIAN_POINT('',(102.392222905448,16.6682168889139,90.3990970958386));
#3497=CARTESIAN_POINT('',(110.392222905448,29.6682168889139,90.3990970958386));
#3498=CARTESIAN_POINT('Origin',(104.99222447007,16.6682168889139,-5.00090297866721));
#3499=CARTESIAN_POINT('',(106.44222447007,29.6682168889139,-5.00090297866721));
#3500=CARTESIAN_POINT('Origin',(104.99222447007,29.6682168889139,-5.00090297866721));
#3501=CARTESIAN_POINT('',(106.44222447007,16.6682168889139,-5.00090297866721));
#3502=CARTESIAN_POINT('Origin',(104.99222447007,16.6682168889139,-5.00090297866721));
#3503=CARTESIAN_POINT('Origin',(50.1922229054479,16.6682168889139,40.1990970958386));
#3504=CARTESIAN_POINT('Origin',(104.99222447007,16.6682168889139,84.9990983624373));
#3505=CARTESIAN_POINT('',(-3.55777716905795,16.6682168889139,84.9990983624373));
#3506=CARTESIAN_POINT('Origin',(-5.00777716905795,16.6682168889139,84.9990983624373));
#3507=CARTESIAN_POINT('Origin',(-5.00777716905795,16.6682168889139,84.9990983624373));
#3508=CARTESIAN_POINT('Origin',(-5.00777716905795,16.6682168889139,-5.00090297866721));
#3509=CARTESIAN_POINT('Origin',(104.99222447007,16.6682168889139,84.9990983624373));
#3510=CARTESIAN_POINT('',(106.44222447007,29.6682168889139,84.9990983624373));
#3511=CARTESIAN_POINT('Origin',(104.99222447007,29.6682168889139,84.9990983624373));
#3512=CARTESIAN_POINT('',(106.44222447007,16.6682168889139,84.9990983624373));
#3513=CARTESIAN_POINT('Ctrl Pts',(110.392222905448,21.6682168889139,82.3990970958386));
#3514=CARTESIAN_POINT('Ctrl Pts',(110.392222905448,24.3348835555806,82.3990970958386));
#3515=CARTESIAN_POINT('Ctrl Pts',(110.392222905448,27.0015502222472,82.3990970958386));
#3516=CARTESIAN_POINT('Ctrl Pts',(110.392222905448,29.6682168889139,82.3990970958386));
#3517=CARTESIAN_POINT('Ctrl Pts',(110.392222905448,21.6682168889139,82.9974956965224));
#3518=CARTESIAN_POINT('Ctrl Pts',(110.392222905448,24.3348835555806,82.9974956965224));
#3519=CARTESIAN_POINT('Ctrl Pts',(110.392222905448,27.0015502222472,82.9974956965224));
#3520=CARTESIAN_POINT('Ctrl Pts',(110.392222905448,29.6682168889139,82.9974956965224));
#3521=CARTESIAN_POINT('Ctrl Pts',(110.386150302983,21.6682168889139,84.1816532208341));
#3522=CARTESIAN_POINT('Ctrl Pts',(110.386150302983,24.3348835555806,84.1816532208341));
#3523=CARTESIAN_POINT('Ctrl Pts',(110.386150302983,27.0015502222472,84.1816532208341));
#3524=CARTESIAN_POINT('Ctrl Pts',(110.386150302983,29.6682168889139,84.1816532208341));
#3525=CARTESIAN_POINT('Ctrl Pts',(109.992759243507,21.6682168889139,85.9443050169653));
#3526=CARTESIAN_POINT('Ctrl Pts',(109.992759243507,24.3348835555806,85.9443050169653));
#3527=CARTESIAN_POINT('Ctrl Pts',(109.992759243507,27.0015502222472,85.9443050169653));
#3528=CARTESIAN_POINT('Ctrl Pts',(109.992759243507,29.6682168889139,85.9443050169653));
#3529=CARTESIAN_POINT('Ctrl Pts',(109.051464345701,21.6682168889139,87.6264856138202));
#3530=CARTESIAN_POINT('Ctrl Pts',(109.051464345701,24.3348835555806,87.6264856138202));
#3531=CARTESIAN_POINT('Ctrl Pts',(109.051464345701,27.0015502222472,87.6264856138202));
#3532=CARTESIAN_POINT('Ctrl Pts',(109.051464345701,29.6682168889139,87.6264856138202));
#3533=CARTESIAN_POINT('Ctrl Pts',(107.61965757975,21.6682168889139,89.058714983647));
#3534=CARTESIAN_POINT('Ctrl Pts',(107.61965757975,24.3348835555806,89.058714983647));
#3535=CARTESIAN_POINT('Ctrl Pts',(107.61965757975,27.0015502222472,89.058714983647));
#3536=CARTESIAN_POINT('Ctrl Pts',(107.61965757975,29.6682168889139,89.058714983647));
#3537=CARTESIAN_POINT('Ctrl Pts',(105.937856947469,21.6682168889139,89.9986753680565));
#3538=CARTESIAN_POINT('Ctrl Pts',(105.937856947469,24.3348835555806,89.9986753680565));
#3539=CARTESIAN_POINT('Ctrl Pts',(105.937856947469,27.0015502222472,89.9986753680565));
#3540=CARTESIAN_POINT('Ctrl Pts',(105.937856947469,29.6682168889139,89.9986753680565));
#3541=CARTESIAN_POINT('Ctrl Pts',(104.174739053332,21.6682168889139,90.3933427982597));
#3542=CARTESIAN_POINT('Ctrl Pts',(104.174739053332,24.3348835555806,90.3933427982597));
#3543=CARTESIAN_POINT('Ctrl Pts',(104.174739053332,27.0015502222472,90.3933427982597));
#3544=CARTESIAN_POINT('Ctrl Pts',(104.174739053332,29.6682168889139,90.3933427982597));
#3545=CARTESIAN_POINT('Ctrl Pts',(102.990621506132,21.6682168889139,90.3990970958386));
#3546=CARTESIAN_POINT('Ctrl Pts',(102.990621506132,24.3348835555806,90.3990970958386));
#3547=CARTESIAN_POINT('Ctrl Pts',(102.990621506132,27.0015502222472,90.3990970958386));
#3548=CARTESIAN_POINT('Ctrl Pts',(102.990621506132,29.6682168889139,90.3990970958386));
#3549=CARTESIAN_POINT('Ctrl Pts',(102.392222905448,21.6682168889139,90.3990970958386));
#3550=CARTESIAN_POINT('Ctrl Pts',(102.392222905448,24.3348835555806,90.3990970958386));
#3551=CARTESIAN_POINT('Ctrl Pts',(102.392222905448,27.0015502222472,90.3990970958386));
#3552=CARTESIAN_POINT('Ctrl Pts',(102.392222905448,29.6682168889139,90.3990970958386));
#3553=CARTESIAN_POINT('',(110.392222905448,29.6682168889139,82.3990970958386));
#3554=CARTESIAN_POINT('',(110.392222905448,16.6682168889139,82.3990970958386));
#3555=CARTESIAN_POINT('Ctrl Pts',(110.392222905448,29.6682168889139,82.3990970958386));
#3556=CARTESIAN_POINT('Ctrl Pts',(110.392222905448,29.6682168889139,82.9974956965224));
#3557=CARTESIAN_POINT('Ctrl Pts',(110.389186604215,29.6682168889139,83.5895744586783));
#3558=CARTESIAN_POINT('Ctrl Pts',(110.32210327702,29.6682168889139,84.1793891391114));
#3559=CARTESIAN_POINT('Ctrl Pts',(110.255019949824,29.6682168889139,84.7692038195445));
#3560=CARTESIAN_POINT('Ctrl Pts',(110.123889596666,29.6682168889139,85.3567544182549));
#3561=CARTESIAN_POINT('Ctrl Pts',(109.901441937119,29.6682168889139,85.9308931504193));
#3562=CARTESIAN_POINT('Ctrl Pts',(109.678994277572,29.6682168889139,86.5050318825836));
#3563=CARTESIAN_POINT('Ctrl Pts',(109.365229311637,29.6682168889139,87.0657587482019));
#3564=CARTESIAN_POINT('Ctrl Pts',(108.969712367677,29.6682168889139,87.5848270759822));
#3565=CARTESIAN_POINT('Ctrl Pts',(108.574195423718,29.6682168889139,88.1038954037625));
#3566=CARTESIAN_POINT('Ctrl Pts',(108.096926501734,29.6682168889139,88.5813051937047));
#3567=CARTESIAN_POINT('Ctrl Pts',(107.577991935362,29.6682168889139,88.9766701527441));
#3568=CARTESIAN_POINT('Ctrl Pts',(107.05905736899,29.6682168889139,89.3720351117835));
#3569=CARTESIAN_POINT('Ctrl Pts',(106.49845715823,29.6682168889139,89.68535523992));
#3570=CARTESIAN_POINT('Ctrl Pts',(105.924304070493,29.6682168889139,89.9077932090221));
#3571=CARTESIAN_POINT('Ctrl Pts',(105.350150982757,29.6682168889139,90.1302311781242));
#3572=CARTESIAN_POINT('Ctrl Pts',(104.762445018045,29.6682168889139,90.261786988192));
#3573=CARTESIAN_POINT('Ctrl Pts',(104.172562648888,29.6682168889139,90.3290034676206));
#3574=CARTESIAN_POINT('Ctrl Pts',(103.582680279732,29.6682168889139,90.3962199470491));
#3575=CARTESIAN_POINT('Ctrl Pts',(102.990621506132,29.6682168889139,90.3990970958386));
#3576=CARTESIAN_POINT('Ctrl Pts',(102.392222905448,29.6682168889139,90.3990970958386));
#3577=CARTESIAN_POINT('Origin',(50.1922229054479,29.6682168889139,40.1990970958386));
#3578=CARTESIAN_POINT('',(110.392222905448,29.6682168889139,-2.0009029041614));
#3579=CARTESIAN_POINT('',(110.392222905448,29.6682168889139,-10.0009029041614));
#3580=CARTESIAN_POINT('Ctrl Pts',(102.392222905448,29.6682168889139,-10.0009029041614));
#3581=CARTESIAN_POINT('Ctrl Pts',(102.990621506132,29.6682168889139,-10.0009029041614));
#3582=CARTESIAN_POINT('Ctrl Pts',(103.582702240984,29.6682168889139,-9.99786856352543));
#3583=CARTESIAN_POINT('Ctrl Pts',(104.172518606653,29.6682168889139,-9.93078533668461));
#3584=CARTESIAN_POINT('Ctrl Pts',(104.762334972321,29.6682168889139,-9.8637021098438));
#3585=CARTESIAN_POINT('Ctrl Pts',(105.349886968806,29.6682168889139,-9.73256999679814));
#3586=CARTESIAN_POINT('Ctrl Pts',(105.924026897761,29.6682168889139,-9.51012198697128));
#3587=CARTESIAN_POINT('Ctrl Pts',(106.498166826716,29.6682168889139,-9.28767397714443));
#3588=CARTESIAN_POINT('Ctrl Pts',(107.058894688142,29.6682168889139,-8.97391007053638));
#3589=CARTESIAN_POINT('Ctrl Pts',(107.577963796127,29.6682168889139,-8.57839303160251));
#3590=CARTESIAN_POINT('Ctrl Pts',(108.097032904113,29.6682168889139,-8.18287599266864));
#3591=CARTESIAN_POINT('Ctrl Pts',(108.574443258658,29.6682168889139,-7.70560582140895));
#3592=CARTESIAN_POINT('Ctrl Pts',(108.969808731834,29.6682168889139,-7.18667024661734));
#3593=CARTESIAN_POINT('Ctrl Pts',(109.365174205009,29.6682168889139,-6.66773467182573));
#3594=CARTESIAN_POINT('Ctrl Pts',(109.678494796814,29.6682168889139,-6.1071336935022));
#3595=CARTESIAN_POINT('Ctrl Pts',(109.900932500158,29.6682168889139,-5.53298028188045));
#3596=CARTESIAN_POINT('Ctrl Pts',(110.123370203503,29.6682168889139,-4.9588268702587));
#3597=CARTESIAN_POINT('Ctrl Pts',(110.254925018387,29.6682168889139,-4.37112102533873));
#3598=CARTESIAN_POINT('Ctrl Pts',(110.322138193873,29.6682168889139,-3.78123968398535));
#3599=CARTESIAN_POINT('Ctrl Pts',(110.389351369359,29.6682168889139,-3.19135834263197));
#3600=CARTESIAN_POINT('Ctrl Pts',(110.392222905448,29.6682168889139,-2.59930150484517));
#3601=CARTESIAN_POINT('Ctrl Pts',(110.392222905448,29.6682168889139,-2.0009029041614));
#3602=CARTESIAN_POINT('',(-3.55777716905795,29.6682168889139,-5.00090297866721));
#3603=CARTESIAN_POINT('Origin',(-5.00777716905795,29.6682168889139,-5.00090297866721));
#3604=CARTESIAN_POINT('',(-3.55777716905795,29.6682168889139,84.9990983624373));
#3605=CARTESIAN_POINT('Origin',(-5.00777716905795,29.6682168889139,84.9990983624373));
#3606=CARTESIAN_POINT('',(100.392222905448,29.6682168889139,80.3990970958386));
#3607=CARTESIAN_POINT('',(-0.00777709455213937,29.6682168889139,80.3990970958386));
#3608=CARTESIAN_POINT('',(100.392222905448,29.6682168889139,80.3990970958386));
#3609=CARTESIAN_POINT('',(-0.00777709455213937,29.6682168889139,-0.000902904161401707));
#3610=CARTESIAN_POINT('',(-0.00777709455213937,29.6682168889139,80.3990970958386));
#3611=CARTESIAN_POINT('',(100.392222905448,29.6682168889139,-0.000902904161401707));
#3612=CARTESIAN_POINT('',(-0.00777709455213937,29.6682168889139,-0.000902904161401707));
#3613=CARTESIAN_POINT('',(100.392222905448,29.6682168889139,-0.000902904161401707));
#3614=CARTESIAN_POINT('Origin',(110.392222905448,16.6682168889139,90.3990970958386));
#3615=CARTESIAN_POINT('',(110.392222905448,16.6682168889139,-2.0009029041614));
#3616=CARTESIAN_POINT('Ctrl Pts',(102.392222905448,21.6682168889139,-10.0009029041614));
#3617=CARTESIAN_POINT('Ctrl Pts',(102.392222905448,24.3348835555806,-10.0009029041614));
#3618=CARTESIAN_POINT('Ctrl Pts',(102.392222905448,27.0015502222472,-10.0009029041614));
#3619=CARTESIAN_POINT('Ctrl Pts',(102.392222905448,29.6682168889139,-10.0009029041614));
#3620=CARTESIAN_POINT('Ctrl Pts',(102.990621506132,21.6682168889139,-10.0009029041614));
#3621=CARTESIAN_POINT('Ctrl Pts',(102.990621506132,24.3348835555806,-10.0009029041614));
#3622=CARTESIAN_POINT('Ctrl Pts',(102.990621506132,27.0015502222472,-10.0009029041614));
#3623=CARTESIAN_POINT('Ctrl Pts',(102.990621506132,29.6682168889139,-10.0009029041614));
#3624=CARTESIAN_POINT('Ctrl Pts',(104.174782975837,21.6682168889139,-9.99483422288946));
#3625=CARTESIAN_POINT('Ctrl Pts',(104.174782975837,24.3348835555806,-9.99483422288946));
#3626=CARTESIAN_POINT('Ctrl Pts',(104.174782975837,27.0015502222472,-9.99483422288946));
#3627=CARTESIAN_POINT('Ctrl Pts',(104.174782975837,29.6682168889139,-9.99483422288946));
#3628=CARTESIAN_POINT('Ctrl Pts',(105.937438965291,21.6682168889139,-9.60143788375247));
#3629=CARTESIAN_POINT('Ctrl Pts',(105.937438965291,24.3348835555806,-9.60143788375247));
#3630=CARTESIAN_POINT('Ctrl Pts',(105.937438965291,27.0015502222472,-9.60143788375247));
#3631=CARTESIAN_POINT('Ctrl Pts',(105.937438965291,29.6682168889139,-9.60143788375247));
#3632=CARTESIAN_POINT('Ctrl Pts',(107.619622549567,21.6682168889139,-8.66014616392833));
#3633=CARTESIAN_POINT('Ctrl Pts',(107.619622549567,24.3348835555806,-8.66014616392833));
#3634=CARTESIAN_POINT('Ctrl Pts',(107.619622549567,27.0015502222472,-8.66014616392833));
#3635=CARTESIAN_POINT('Ctrl Pts',(107.619622549567,29.6682168889139,-8.66014616392833));
#3636=CARTESIAN_POINT('Ctrl Pts',(109.051853613204,21.6682168889139,-7.22833565014926));
#3637=CARTESIAN_POINT('Ctrl Pts',(109.051853613204,24.3348835555806,-7.22833565014926));
#3638=CARTESIAN_POINT('Ctrl Pts',(109.051853613204,27.0015502222472,-7.22833565014926));
#3639=CARTESIAN_POINT('Ctrl Pts',(109.051853613204,29.6682168889139,-7.22833565014926));
#3640=CARTESIAN_POINT('Ctrl Pts',(109.991815388618,21.6682168889139,-5.54653271517866));
#3641=CARTESIAN_POINT('Ctrl Pts',(109.991815388618,24.3348835555806,-5.54653271517866));
#3642=CARTESIAN_POINT('Ctrl Pts',(109.991815388618,27.0015502222472,-5.54653271517866));
#3643=CARTESIAN_POINT('Ctrl Pts',(109.991815388618,29.6682168889139,-5.54653271517866));
#3644=CARTESIAN_POINT('Ctrl Pts',(110.386479833271,21.6682168889139,-3.78341518041876));
#3645=CARTESIAN_POINT('Ctrl Pts',(110.386479833271,24.3348835555806,-3.78341518041876));
#3646=CARTESIAN_POINT('Ctrl Pts',(110.386479833271,27.0015502222472,-3.78341518041876));
#3647=CARTESIAN_POINT('Ctrl Pts',(110.386479833271,29.6682168889139,-3.78341518041876));
#3648=CARTESIAN_POINT('Ctrl Pts',(110.392222905448,21.6682168889139,-2.59930150484517));
#3649=CARTESIAN_POINT('Ctrl Pts',(110.392222905448,24.3348835555806,-2.59930150484517));
#3650=CARTESIAN_POINT('Ctrl Pts',(110.392222905448,27.0015502222472,-2.59930150484517));
#3651=CARTESIAN_POINT('Ctrl Pts',(110.392222905448,29.6682168889139,-2.59930150484517));
#3652=CARTESIAN_POINT('Ctrl Pts',(110.392222905448,21.6682168889139,-2.0009029041614));
#3653=CARTESIAN_POINT('Ctrl Pts',(110.392222905448,24.3348835555806,-2.0009029041614));
#3654=CARTESIAN_POINT('Ctrl Pts',(110.392222905448,27.0015502222472,-2.0009029041614));
#3655=CARTESIAN_POINT('Ctrl Pts',(110.392222905448,29.6682168889139,-2.0009029041614));
#3656=CARTESIAN_POINT('Origin',(-0.00777709455213937,16.6682168889139,-0.000902904161401707));
#3657=CARTESIAN_POINT('',(100.392222905448,19.6682168889139,-0.000902904161401707));
#3658=CARTESIAN_POINT('',(-0.00777709455213937,19.6682168889139,-0.000902904161401707));
#3659=CARTESIAN_POINT('',(25.0922229054479,19.6682168889139,-0.000902904161401707));
#3660=CARTESIAN_POINT('',(100.392222905448,16.6682168889139,-0.000902904161401707));
#3661=CARTESIAN_POINT('',(-0.00777709455213937,16.6682168889139,-0.000902904161401707));
#3662=CARTESIAN_POINT('Origin',(100.392222905448,16.6682168889139,-0.000902904161401707));
#3663=CARTESIAN_POINT('',(100.392222905448,19.6682168889139,80.3990970958386));
#3664=CARTESIAN_POINT('',(100.392222905448,19.6682168889139,20.0990970958386));
#3665=CARTESIAN_POINT('',(100.392222905448,16.6682168889139,80.3990970958386));
#3666=CARTESIAN_POINT('Origin',(-0.00777709455213937,16.6682168889139,80.3990970958386));
#3667=CARTESIAN_POINT('',(-0.00777709455213937,19.6682168889139,80.3990970958386));
#3668=CARTESIAN_POINT('',(-0.00777709455213937,19.6682168889139,60.2990970958386));
#3669=CARTESIAN_POINT('',(-0.00777709455213937,16.6682168889139,80.3990970958386));
#3670=CARTESIAN_POINT('Origin',(100.392222905448,16.6682168889139,80.3990970958386));
#3671=CARTESIAN_POINT('',(75.2922229054479,19.6682168889139,80.3990970958386));
#3672=CARTESIAN_POINT('Origin',(-5.00777716905795,16.6682168889139,-5.00090297866721));
#3673=CARTESIAN_POINT('',(-3.55777716905795,16.6682168889139,-5.00090297866721));
#3674=CARTESIAN_POINT('Origin',(-5.00777716905795,16.6682168889139,84.9990983624373));
#3675=CARTESIAN_POINT('',(-3.55777716905795,16.6682168889139,84.9990983624373));
#3676=CARTESIAN_POINT('Origin',(50.1922229054479,19.6682168889139,40.1990970958386));
#3677=UNCERTAINTY_MEASURE_WITH_UNIT(LENGTH_MEASURE(0.01),#3681,
'DISTANCE_ACCURACY_VALUE',
'Maximum model space distance between geometric entities at asserted c
onnectivities');
#3678=UNCERTAINTY_MEASURE_WITH_UNIT(LENGTH_MEASURE(0.01),#3681,
'DISTANCE_ACCURACY_VALUE',
'Maximum model space distance between geometric entities at asserted c
onnectivities');
#3679=(
GEOMETRIC_REPRESENTATION_CONTEXT(3)
GLOBAL_UNCERTAINTY_ASSIGNED_CONTEXT((#3677))
GLOBAL_UNIT_ASSIGNED_CONTEXT((#3681,#3682,#3683))
REPRESENTATION_CONTEXT('','3D')
);
#3680=(
GEOMETRIC_REPRESENTATION_CONTEXT(3)
GLOBAL_UNCERTAINTY_ASSIGNED_CONTEXT((#3678))
GLOBAL_UNIT_ASSIGNED_CONTEXT((#3681,#3682,#3683))
REPRESENTATION_CONTEXT('','3D')
);
#3681=(
LENGTH_UNIT()
NAMED_UNIT(*)
SI_UNIT(.MILLI.,.METRE.)
);
#3682=(
NAMED_UNIT(*)
PLANE_ANGLE_UNIT()
SI_UNIT($,.RADIAN.)
);
#3683=(
NAMED_UNIT(*)
SI_UNIT($,.STERADIAN.)
SOLID_ANGLE_UNIT()
);
#3684=SHAPE_DEFINITION_REPRESENTATION(#3685,#3686);
#3685=PRODUCT_DEFINITION_SHAPE('',$,#3688);
#3686=SHAPE_REPRESENTATION('',(#1923),#3679);
#3687=PRODUCT_DEFINITION_CONTEXT('part definition',#3692,'design');
#3688=PRODUCT_DEFINITION('2026-07-10-12-21-19-007','case',#3689,#3687);
#3689=PRODUCT_DEFINITION_FORMATION('',$,#3694);
#3690=PRODUCT_RELATED_PRODUCT_CATEGORY('case','case',(#3694));
#3691=APPLICATION_PROTOCOL_DEFINITION('international standard',
'automotive_design',2009,#3692);
#3692=APPLICATION_CONTEXT(
'Core Data for Automotive Mechanical Design Process');
#3693=PRODUCT_CONTEXT('part definition',#3692,'mechanical');
#3694=PRODUCT('2026-07-10-12-21-19-007','case',$,(#3693));
#3695=PRESENTATION_STYLE_ASSIGNMENT((#3707));
#3696=PRESENTATION_STYLE_ASSIGNMENT((#3708));
#3697=PRESENTATION_STYLE_ASSIGNMENT((#3709));
#3698=PRESENTATION_STYLE_ASSIGNMENT((#3710));
#3699=PRESENTATION_STYLE_ASSIGNMENT((#3711));
#3700=PRESENTATION_STYLE_ASSIGNMENT((#3712));
#3701=PRESENTATION_STYLE_ASSIGNMENT((#3713));
#3702=PRESENTATION_STYLE_ASSIGNMENT((#3714));
#3703=PRESENTATION_STYLE_ASSIGNMENT((#3715));
#3704=PRESENTATION_STYLE_ASSIGNMENT((#3716));
#3705=PRESENTATION_STYLE_ASSIGNMENT((#3717));
#3706=PRESENTATION_STYLE_ASSIGNMENT((#3718));
#3707=SURFACE_STYLE_USAGE(.BOTH.,#3719);
#3708=SURFACE_STYLE_USAGE(.BOTH.,#3720);
#3709=SURFACE_STYLE_USAGE(.BOTH.,#3721);
#3710=SURFACE_STYLE_USAGE(.BOTH.,#3722);
#3711=SURFACE_STYLE_USAGE(.BOTH.,#3723);
#3712=SURFACE_STYLE_USAGE(.BOTH.,#3724);
#3713=SURFACE_STYLE_USAGE(.BOTH.,#3725);
#3714=SURFACE_STYLE_USAGE(.BOTH.,#3726);
#3715=SURFACE_STYLE_USAGE(.BOTH.,#3727);
#3716=SURFACE_STYLE_USAGE(.BOTH.,#3728);
#3717=SURFACE_STYLE_USAGE(.BOTH.,#3729);
#3718=SURFACE_STYLE_USAGE(.BOTH.,#3730);
#3719=SURFACE_SIDE_STYLE('',(#3731));
#3720=SURFACE_SIDE_STYLE('',(#3732));
#3721=SURFACE_SIDE_STYLE('',(#3733));
#3722=SURFACE_SIDE_STYLE('',(#3734));
#3723=SURFACE_SIDE_STYLE('',(#3735));
#3724=SURFACE_SIDE_STYLE('',(#3736));
#3725=SURFACE_SIDE_STYLE('',(#3737));
#3726=SURFACE_SIDE_STYLE('',(#3738));
#3727=SURFACE_SIDE_STYLE('',(#3739));
#3728=SURFACE_SIDE_STYLE('',(#3740));
#3729=SURFACE_SIDE_STYLE('',(#3741));
#3730=SURFACE_SIDE_STYLE('',(#3742));
#3731=SURFACE_STYLE_FILL_AREA(#3743);
#3732=SURFACE_STYLE_FILL_AREA(#3744);
#3733=SURFACE_STYLE_FILL_AREA(#3745);
#3734=SURFACE_STYLE_FILL_AREA(#3746);
#3735=SURFACE_STYLE_FILL_AREA(#3747);
#3736=SURFACE_STYLE_FILL_AREA(#3748);
#3737=SURFACE_STYLE_FILL_AREA(#3749);
#3738=SURFACE_STYLE_FILL_AREA(#3750);
#3739=SURFACE_STYLE_FILL_AREA(#3751);
#3740=SURFACE_STYLE_FILL_AREA(#3752);
#3741=SURFACE_STYLE_FILL_AREA(#3753);
#3742=SURFACE_STYLE_FILL_AREA(#3754);
#3743=FILL_AREA_STYLE('Steel - Satin',(#3755));
#3744=FILL_AREA_STYLE('Opaque(202,209,238)',(#3756));
#3745=FILL_AREA_STYLE('Opaque(140,79,56)',(#3757));
#3746=FILL_AREA_STYLE('Opaque(0,191,161)',(#3758));
#3747=FILL_AREA_STYLE('Opaque(219,219,219)',(#3759));
#3748=FILL_AREA_STYLE('Opaque(156,156,156)',(#3760));
#3749=FILL_AREA_STYLE('Opaque(178,178,178)',(#3761));
#3750=FILL_AREA_STYLE('Opaque(25,25,25)',(#3762));
#3751=FILL_AREA_STYLE('Opaque(51,51,51)',(#3763));
#3752=FILL_AREA_STYLE('Opaque(0,64,191)',(#3764));
#3753=FILL_AREA_STYLE('Opaque(211,214,211)',(#3765));
#3754=FILL_AREA_STYLE('Opaque(247,224,153)',(#3766));
#3755=FILL_AREA_STYLE_COLOUR('Steel - Satin',#3767);
#3756=FILL_AREA_STYLE_COLOUR('Opaque(202,209,238)',#3768);
#3757=FILL_AREA_STYLE_COLOUR('Opaque(140,79,56)',#3769);
#3758=FILL_AREA_STYLE_COLOUR('Opaque(0,191,161)',#3770);
#3759=FILL_AREA_STYLE_COLOUR('Opaque(219,219,219)',#3771);
#3760=FILL_AREA_STYLE_COLOUR('Opaque(156,156,156)',#3772);
#3761=FILL_AREA_STYLE_COLOUR('Opaque(178,178,178)',#3773);
#3762=FILL_AREA_STYLE_COLOUR('Opaque(25,25,25)',#3774);
#3763=FILL_AREA_STYLE_COLOUR('Opaque(51,51,51)',#3775);
#3764=FILL_AREA_STYLE_COLOUR('Opaque(0,64,191)',#3776);
#3765=FILL_AREA_STYLE_COLOUR('Opaque(211,214,211)',#3777);
#3766=FILL_AREA_STYLE_COLOUR('Opaque(247,224,153)',#3778);
#3767=COLOUR_RGB('Steel - Satin',0.627450980392157,0.627450980392157,0.627450980392157);
#3768=COLOUR_RGB('Opaque(202,209,238)',0.792156862745098,0.819607843137255,
0.933333333333333);
#3769=COLOUR_RGB('Opaque(140,79,56)',0.549019607843137,0.309803921568627,
0.219607843137255);
#3770=COLOUR_RGB('Opaque(0,191,161)',0.,0.749019607843137,0.631372549019608);
#3771=COLOUR_RGB('Opaque(219,219,219)',1.,0.,0.);
#3772=COLOUR_RGB('Opaque(156,156,156)',0.149019607843137,0.870588235294118,
0.0392156862745098);
#3773=COLOUR_RGB('Opaque(178,178,178)',0.0274509803921569,0.643137254901961,
0.925490196078431);
#3774=COLOUR_RGB('Opaque(25,25,25)',0.00784313725490196,0.00784313725490196,
0.00784313725490196);
#3775=COLOUR_RGB('Opaque(51,51,51)',0.2,0.2,0.2);
#3776=COLOUR_RGB('Opaque(0,64,191)',0.,0.250980392156863,0.749019607843137);
#3777=COLOUR_RGB('Opaque(211,214,211)',1.,1.,1.);
#3778=COLOUR_RGB('Opaque(247,224,153)',0.811764705882353,0.0549019607843137,
0.913725490196078);
ENDSEC;
END-ISO-10303-21;
