ISO-10303-21;
HEADER;
/* Generated by software containing ST-Developer
 * from STEP Tools, Inc. (www.steptools.com) 
 */

FILE_DESCRIPTION(
/* description */ (''),
/* implementation_level */ '2;1');

FILE_NAME(
/* name */ 'TOP.step',
/* time_stamp */ '2026-08-28T22:34:06+02:00',
/* author */ (''),
/* organization */ (''),
/* preprocessor_version */ 'ST-DEVELOPER v20.1',
/* originating_system */ 'Autodesk Translation Framework v15.8.0.0',
/* authorisation */ '');

FILE_SCHEMA (('AUTOMOTIVE_DESIGN { 1 0 10303 214 3 1 1 }'));
ENDSEC;

DATA;
#10=MECHANICAL_DESIGN_GEOMETRIC_PRESENTATION_REPRESENTATION('',(#44,#45,
#46,#47,#48,#49,#50,#51,#52,#53,#54,#55,#56,#57,#58,#59,#60,#61,#62,#63,
#64,#65,#66,#67,#68,#69,#70,#71,#72,#73,#74,#75,#76,#77,#78,#79,#80,#81,
#82,#83,#84,#85,#86,#87,#88,#89,#90,#91,#92,#93),#5279);
#11=SHAPE_REPRESENTATION_RELATIONSHIP('SRR','None',#5285,#12);
#12=ADVANCED_BREP_SHAPE_REPRESENTATION('',(#13),#5278);
#13=MANIFOLD_SOLID_BREP('Body3',#2618);
#14=FACE_BOUND('',#465,.T.);
#15=FACE_BOUND('',#466,.T.);
#16=FACE_BOUND('',#467,.T.);
#17=FACE_BOUND('',#468,.T.);
#18=FACE_BOUND('',#469,.T.);
#19=FACE_BOUND('',#470,.T.);
#20=FACE_BOUND('',#471,.T.);
#21=FACE_BOUND('',#472,.T.);
#22=FACE_BOUND('',#473,.T.);
#23=FACE_BOUND('',#474,.T.);
#24=FACE_BOUND('',#475,.T.);
#25=FACE_BOUND('',#476,.T.);
#26=FACE_BOUND('',#477,.T.);
#27=FACE_BOUND('',#478,.T.);
#28=FACE_BOUND('',#479,.T.);
#29=FACE_BOUND('',#480,.T.);
#30=FACE_BOUND('',#498,.T.);
#31=FACE_BOUND('',#499,.T.);
#32=FACE_BOUND('',#500,.T.);
#33=FACE_BOUND('',#501,.T.);
#34=FACE_BOUND('',#502,.T.);
#35=FACE_BOUND('',#503,.T.);
#36=FACE_BOUND('',#504,.T.);
#37=FACE_BOUND('',#505,.T.);
#38=FACE_BOUND('',#506,.T.);
#39=FACE_BOUND('',#507,.T.);
#40=FACE_BOUND('',#508,.T.);
#41=FACE_BOUND('',#509,.T.);
#42=FACE_BOUND('',#510,.T.);
#43=FACE_BOUND('',#511,.T.);
#44=STYLED_ITEM('',(#5295),#2522);
#45=STYLED_ITEM('',(#5295),#2523);
#46=STYLED_ITEM('',(#5295),#2524);
#47=STYLED_ITEM('',(#5295),#2525);
#48=STYLED_ITEM('',(#5295),#2526);
#49=STYLED_ITEM('',(#5295),#2527);
#50=STYLED_ITEM('',(#5295),#2528);
#51=STYLED_ITEM('',(#5295),#2529);
#52=STYLED_ITEM('',(#5302),#2534);
#53=STYLED_ITEM('',(#5303),#2559);
#54=STYLED_ITEM('',(#5303),#2560);
#55=STYLED_ITEM('',(#5303),#2561);
#56=STYLED_ITEM('',(#5303),#2562);
#57=STYLED_ITEM('',(#5303),#2563);
#58=STYLED_ITEM('',(#5303),#2564);
#59=STYLED_ITEM('',(#5303),#2565);
#60=STYLED_ITEM('',(#5303),#2566);
#61=STYLED_ITEM('',(#5299),#2575);
#62=STYLED_ITEM('',(#5299),#2576);
#63=STYLED_ITEM('',(#5299),#2577);
#64=STYLED_ITEM('',(#5299),#2578);
#65=STYLED_ITEM('',(#5299),#2579);
#66=STYLED_ITEM('',(#5299),#2580);
#67=STYLED_ITEM('',(#5299),#2581);
#68=STYLED_ITEM('',(#5299),#2582);
#69=STYLED_ITEM('',(#5304),#2591);
#70=STYLED_ITEM('',(#5304),#2592);
#71=STYLED_ITEM('',(#5304),#2593);
#72=STYLED_ITEM('',(#5304),#2594);
#73=STYLED_ITEM('',(#5304),#2595);
#74=STYLED_ITEM('',(#5304),#2596);
#75=STYLED_ITEM('',(#5304),#2597);
#76=STYLED_ITEM('',(#5304),#2598);
#77=STYLED_ITEM('',(#5305),#2601);
#78=STYLED_ITEM('',(#5305),#2602);
#79=STYLED_ITEM('',(#5305),#2603);
#80=STYLED_ITEM('',(#5305),#2604);
#81=STYLED_ITEM('',(#5305),#2605);
#82=STYLED_ITEM('',(#5305),#2606);
#83=STYLED_ITEM('',(#5305),#2607);
#84=STYLED_ITEM('',(#5305),#2608);
#85=STYLED_ITEM('',(#5298),#2609);
#86=STYLED_ITEM('',(#5298),#2610);
#87=STYLED_ITEM('',(#5298),#2611);
#88=STYLED_ITEM('',(#5298),#2612);
#89=STYLED_ITEM('',(#5298),#2613);
#90=STYLED_ITEM('',(#5298),#2614);
#91=STYLED_ITEM('',(#5298),#2615);
#92=STYLED_ITEM('',(#5298),#2616);
#93=STYLED_ITEM('',(#5301),#13);
#94=CYLINDRICAL_SURFACE('',#2650,2.);
#95=CYLINDRICAL_SURFACE('',#2653,2.);
#96=CYLINDRICAL_SURFACE('',#2701,2.);
#97=CYLINDRICAL_SURFACE('',#2704,2.);
#98=CYLINDRICAL_SURFACE('',#2741,1.45);
#99=CYLINDRICAL_SURFACE('',#2742,1.45);
#100=CYLINDRICAL_SURFACE('',#2743,1.45);
#101=CYLINDRICAL_SURFACE('',#2744,1.45);
#102=CYLINDRICAL_SURFACE('',#2746,0.499999999999989);
#103=CYLINDRICAL_SURFACE('',#2748,0.499999999999989);
#104=CYLINDRICAL_SURFACE('',#2750,0.499999999999989);
#105=CYLINDRICAL_SURFACE('',#2752,0.499999999999998);
#106=CYLINDRICAL_SURFACE('',#2754,0.5);
#107=CYLINDRICAL_SURFACE('',#2756,0.499999999999998);
#108=CYLINDRICAL_SURFACE('',#2758,0.499999999999998);
#109=CYLINDRICAL_SURFACE('',#2760,0.499999999999998);
#110=CYLINDRICAL_SURFACE('',#2762,0.499999999999998);
#111=CYLINDRICAL_SURFACE('',#2764,0.500000000000003);
#112=CYLINDRICAL_SURFACE('',#2766,0.499999999999998);
#113=CYLINDRICAL_SURFACE('',#2768,0.499999999999994);
#114=CYLINDRICAL_SURFACE('',#2770,0.499999999999998);
#115=CYLINDRICAL_SURFACE('',#2772,0.499999999999998);
#116=CYLINDRICAL_SURFACE('',#2774,0.499999999999998);
#117=CYLINDRICAL_SURFACE('',#2776,0.499999999999998);
#118=CYLINDRICAL_SURFACE('',#2778,0.499999999999998);
#119=CYLINDRICAL_SURFACE('',#2780,0.499999999999998);
#120=CYLINDRICAL_SURFACE('',#2782,0.499999999999998);
#121=CYLINDRICAL_SURFACE('',#2784,0.499999999999998);
#122=CYLINDRICAL_SURFACE('',#2788,0.500000000000007);
#123=CYLINDRICAL_SURFACE('',#2790,0.499999999999998);
#124=CYLINDRICAL_SURFACE('',#2792,0.499999999999989);
#125=CYLINDRICAL_SURFACE('',#2794,0.499999999999989);
#126=CYLINDRICAL_SURFACE('',#2796,0.499999999999998);
#127=CYLINDRICAL_SURFACE('',#2798,0.499999999999998);
#128=CYLINDRICAL_SURFACE('',#2800,0.499999999999998);
#129=CYLINDRICAL_SURFACE('',#2802,0.499999999999998);
#130=CIRCLE('',#2635,2.);
#131=CIRCLE('',#2636,4.);
#132=CIRCLE('',#2639,4.);
#133=CIRCLE('',#2640,2.);
#134=CIRCLE('',#2642,2.);
#135=CIRCLE('',#2643,4.);
#136=CIRCLE('',#2646,2.);
#137=CIRCLE('',#2647,4.);
#138=CIRCLE('',#2651,2.);
#139=CIRCLE('',#2654,2.);
#140=CIRCLE('',#2663,0.499999999999998);
#141=CIRCLE('',#2664,0.499999999999998);
#142=CIRCLE('',#2665,0.499999999999998);
#143=CIRCLE('',#2666,0.499999999999998);
#144=CIRCLE('',#2667,0.499999999999989);
#145=CIRCLE('',#2668,0.499999999999989);
#146=CIRCLE('',#2669,0.499999999999998);
#147=CIRCLE('',#2670,0.500000000000007);
#148=CIRCLE('',#2671,0.499999999999998);
#149=CIRCLE('',#2672,0.499999999999998);
#150=CIRCLE('',#2673,0.499999999999998);
#151=CIRCLE('',#2674,0.499999999999998);
#152=CIRCLE('',#2675,0.499999999999998);
#153=CIRCLE('',#2676,0.499999999999998);
#154=CIRCLE('',#2677,0.499999999999998);
#155=CIRCLE('',#2678,0.499999999999998);
#156=CIRCLE('',#2679,0.499999999999994);
#157=CIRCLE('',#2680,0.499999999999998);
#158=CIRCLE('',#2681,0.500000000000003);
#159=CIRCLE('',#2682,0.499999999999998);
#160=CIRCLE('',#2683,0.499999999999998);
#161=CIRCLE('',#2684,0.499999999999998);
#162=CIRCLE('',#2685,0.499999999999998);
#163=CIRCLE('',#2686,0.5);
#164=CIRCLE('',#2687,0.499999999999998);
#165=CIRCLE('',#2688,0.499999999999989);
#166=CIRCLE('',#2689,0.499999999999989);
#167=CIRCLE('',#2690,0.499999999999989);
#168=CIRCLE('',#2691,1.45);
#169=CIRCLE('',#2692,1.45);
#170=CIRCLE('',#2693,1.45);
#171=CIRCLE('',#2694,1.45);
#172=CIRCLE('',#2702,2.);
#173=CIRCLE('',#2705,2.);
#174=CIRCLE('',#2708,0.499999999999998);
#175=CIRCLE('',#2709,0.499999999999998);
#176=CIRCLE('',#2710,0.499999999999998);
#177=CIRCLE('',#2711,0.499999999999998);
#178=CIRCLE('',#2712,0.499999999999989);
#179=CIRCLE('',#2713,0.500000000000007);
#180=CIRCLE('',#2714,0.499999999999998);
#181=CIRCLE('',#2715,0.499999999999989);
#182=CIRCLE('',#2716,0.499999999999998);
#183=CIRCLE('',#2717,0.499999999999998);
#184=CIRCLE('',#2718,0.499999999999998);
#185=CIRCLE('',#2719,0.499999999999998);
#186=CIRCLE('',#2720,0.499999999999998);
#187=CIRCLE('',#2721,0.499999999999998);
#188=CIRCLE('',#2722,0.499999999999998);
#189=CIRCLE('',#2723,0.499999999999998);
#190=CIRCLE('',#2724,0.499999999999994);
#191=CIRCLE('',#2725,0.499999999999998);
#192=CIRCLE('',#2726,0.500000000000003);
#193=CIRCLE('',#2727,0.499999999999998);
#194=CIRCLE('',#2728,0.499999999999998);
#195=CIRCLE('',#2729,0.5);
#196=CIRCLE('',#2730,0.499999999999998);
#197=CIRCLE('',#2731,0.499999999999998);
#198=CIRCLE('',#2732,0.499999999999998);
#199=CIRCLE('',#2733,0.499999999999989);
#200=CIRCLE('',#2734,0.499999999999989);
#201=CIRCLE('',#2735,0.499999999999989);
#202=CIRCLE('',#2736,1.45);
#203=CIRCLE('',#2737,1.45);
#204=CIRCLE('',#2738,1.45);
#205=CIRCLE('',#2739,1.45);
#206=CONICAL_SURFACE('',#2634,3.,0.785398163397448);
#207=CONICAL_SURFACE('',#2638,3.,0.785398163397448);
#208=CONICAL_SURFACE('',#2641,3.,0.785398163397448);
#209=CONICAL_SURFACE('',#2645,3.,0.785398163397448);
#210=B_SPLINE_CURVE_WITH_KNOTS('',3,(#3491,#3492,#3493,#3494,#3495),
 .UNSPECIFIED.,.F.,.F.,(4,1,4),(0.,0.36154609015732,0.693419550855469),
 .UNSPECIFIED.);
#211=B_SPLINE_CURVE_WITH_KNOTS('',3,(#3497,#3498,#3499,#3500,#3501),
 .UNSPECIFIED.,.F.,.F.,(4,1,4),(-0.693419550855469,-0.36154609015732,0.),
 .UNSPECIFIED.);
#212=B_SPLINE_CURVE_WITH_KNOTS('',3,(#3514,#3515,#3516,#3517,#3518),
 .UNSPECIFIED.,.F.,.F.,(4,1,4),(0.,0.127938893602605,0.256539712279192),
 .UNSPECIFIED.);
#213=B_SPLINE_CURVE_WITH_KNOTS('',3,(#3520,#3521,#3522,#3523,#3524),
 .UNSPECIFIED.,.F.,.F.,(4,1,4),(-0.256539712279192,-0.127938893602605,0.),
 .UNSPECIFIED.);
#214=B_SPLINE_CURVE_WITH_KNOTS('',3,(#3537,#3538,#3539,#3540,#3541),
 .UNSPECIFIED.,.F.,.F.,(4,1,4),(0.,0.10405440369718,0.207107833985777),
 .UNSPECIFIED.);
#215=B_SPLINE_CURVE_WITH_KNOTS('',3,(#3543,#3544,#3545,#3546,#3547),
 .UNSPECIFIED.,.F.,.F.,(4,1,4),(-0.207107833985777,-0.10405440369718,0.),
 .UNSPECIFIED.);
#216=B_SPLINE_CURVE_WITH_KNOTS('',3,(#3560,#3561,#3562,#3563,#3564),
 .UNSPECIFIED.,.F.,.F.,(4,1,4),(0.,0.0914409485987245,0.232315830166332),
 .UNSPECIFIED.);
#217=B_SPLINE_CURVE_WITH_KNOTS('',3,(#3566,#3567,#3568,#3569,#3570),
 .UNSPECIFIED.,.F.,.F.,(4,1,4),(-0.232315830166332,-0.0914409485987245,
0.),.UNSPECIFIED.);
#218=B_SPLINE_CURVE_WITH_KNOTS('',3,(#3589,#3590,#3591,#3592,#3593),
 .UNSPECIFIED.,.F.,.F.,(4,1,4),(0.,0.204620847469459,0.393739649365269),
 .UNSPECIFIED.);
#219=B_SPLINE_CURVE_WITH_KNOTS('',3,(#3595,#3596,#3597,#3598,#3599),
 .UNSPECIFIED.,.F.,.F.,(4,1,4),(-0.393739649365269,-0.204620847469459,0.),
 .UNSPECIFIED.);
#220=B_SPLINE_CURVE_WITH_KNOTS('',3,(#3612,#3613,#3614,#3615,#3616),
 .UNSPECIFIED.,.F.,.F.,(4,1,4),(0.,0.157132634887232,0.316610038804366),
 .UNSPECIFIED.);
#221=B_SPLINE_CURVE_WITH_KNOTS('',3,(#3618,#3619,#3620,#3621,#3622),
 .UNSPECIFIED.,.F.,.F.,(4,1,4),(-0.316610038804366,-0.157132634887232,0.),
 .UNSPECIFIED.);
#222=B_SPLINE_CURVE_WITH_KNOTS('',3,(#3635,#3636,#3637,#3638,#3639),
 .UNSPECIFIED.,.F.,.F.,(4,1,4),(0.,0.181963057844144,0.364765599829733),
 .UNSPECIFIED.);
#223=B_SPLINE_CURVE_WITH_KNOTS('',3,(#3641,#3642,#3643,#3644,#3645),
 .UNSPECIFIED.,.F.,.F.,(4,1,4),(-0.364765599829733,-0.181963057844144,0.),
 .UNSPECIFIED.);
#224=B_SPLINE_CURVE_WITH_KNOTS('',3,(#3657,#3658,#3659,#3660,#3661),
 .UNSPECIFIED.,.F.,.F.,(4,1,4),(0.,0.178965886907568,0.346540264306023),
 .UNSPECIFIED.);
#225=B_SPLINE_CURVE_WITH_KNOTS('',3,(#3662,#3663,#3664,#3665,#3666),
 .UNSPECIFIED.,.F.,.F.,(4,1,4),(-0.346540264306023,-0.178965886907568,0.),
 .UNSPECIFIED.);
#226=B_SPLINE_CURVE_WITH_KNOTS('',3,(#3730,#3731,#3732,#3733,#3734,#3735,
#3736,#3737,#3738,#3739,#3740,#3741,#3742,#3743,#3744,#3745),
 .UNSPECIFIED.,.F.,.F.,(4,3,3,3,3,4),(0.106799129428134,0.124107198387526,
0.137577880667234,0.155326372220758,0.17375128380992,0.178100370563284),
 .UNSPECIFIED.);
#227=B_SPLINE_CURVE_WITH_KNOTS('',3,(#3747,#3748,#3749,#3750),
 .UNSPECIFIED.,.F.,.F.,(4,4),(0.634617541369742,0.785398163397448),
 .UNSPECIFIED.);
#228=B_SPLINE_CURVE_WITH_KNOTS('',3,(#3769,#3770,#3771,#3772,#3773,#3774,
#3775,#3776,#3777,#3778,#3779,#3780),.UNSPECIFIED.,.F.,.F.,(4,2,2,2,2,4),
(0.,0.0854480499680973,0.139730724060265,0.160625459686222,0.174414232527606,
0.176174083504685),.UNSPECIFIED.);
#229=B_SPLINE_CURVE_WITH_KNOTS('',3,(#3783,#3784,#3785,#3786),
 .UNSPECIFIED.,.F.,.F.,(4,4),(-7.06858347057703,-6.62727844533717),
 .UNSPECIFIED.);
#230=B_SPLINE_CURVE_WITH_KNOTS('',3,(#3789,#3790,#3791,#3792,#3793,#3794),
 .UNSPECIFIED.,.F.,.F.,(4,2,4),(-0.310131236741351,-0.111561324845887,-0.101322264987938),
 .UNSPECIFIED.);
#231=B_SPLINE_CURVE_WITH_KNOTS('',3,(#3832,#3833,#3834,#3835,#3836,#3837,
#3838,#3839,#3840,#3841,#3842,#3843,#3844,#3845,#3846,#3847),
 .UNSPECIFIED.,.F.,.F.,(4,3,3,3,3,4),(0.,0.116565974071137,0.174848961106706,
0.233131948142274,0.349697922213411,0.40798090924898),.UNSPECIFIED.);
#232=B_SPLINE_CURVE_WITH_KNOTS('',3,(#3850,#3851,#3852,#3853,#3854,#3855,
#3856,#3857,#3858,#3859,#3860,#3861,#3862),.UNSPECIFIED.,.F.,.F.,(4,3,3,
3,4),(0.,0.0586434130025142,0.175930239007542,0.234573652010057,0.263305296554262),
 .UNSPECIFIED.);
#233=B_SPLINE_CURVE_WITH_KNOTS('',3,(#3943,#3944,#3945,#3946,#3947,#3948,
#3949,#3950,#3951,#3952,#3953,#3954,#3955),.UNSPECIFIED.,.F.,.F.,(4,2,1,
1,1,1,1,1,1,4),(-1.0879490913314,-0.886352565280966,-0.79771730875287,-0.709082052224773,
-0.53181153916858,-0.443176282640483,-0.398858654376435,-0.354541026112387,
-0.177270513056193,0.),.UNSPECIFIED.);
#234=B_SPLINE_CURVE_WITH_KNOTS('',3,(#3958,#3959,#3960,#3961,#3962,#3963,
#3964,#3965,#3966,#3967,#3968,#3969,#3970),.UNSPECIFIED.,.F.,.F.,(4,1,1,
1,1,1,1,1,2,4),(0.,0.177270513056193,0.354541026112387,0.398858654376435,
0.443176282640483,0.53181153916858,0.709082052224773,0.79771730875287,0.886352565280966,
1.0879490913314),.UNSPECIFIED.);
#235=B_SPLINE_CURVE_WITH_KNOTS('',3,(#4028,#4029,#4030,#4031,#4032,#4033,
#4034,#4035,#4036,#4037,#4038,#4039),.UNSPECIFIED.,.F.,.F.,(4,1,1,1,1,1,
1,1,1,4),(-1.08794909133157,-0.932527792569915,-0.777106493808263,-0.699395844427436,
-0.62168519504661,-0.466263896284958,-0.388553246904131,-0.310842597523305,
-0.155421298761653,0.),.UNSPECIFIED.);
#236=B_SPLINE_CURVE_WITH_KNOTS('',3,(#4040,#4041,#4042,#4043,#4044,#4045,
#4046,#4047,#4048,#4049,#4050,#4051),.UNSPECIFIED.,.F.,.F.,(4,1,1,1,1,1,
1,1,1,4),(0.,0.155421298761653,0.310842597523305,0.388553246904131,0.466263896284958,
0.62168519504661,0.699395844427436,0.777106493808263,0.932527792569915,
1.08794909133157),.UNSPECIFIED.);
#237=B_SPLINE_CURVE_WITH_KNOTS('',3,(#4105,#4106,#4107,#4108,#4109,#4110,
#4111,#4112,#4113,#4114,#4115),.UNSPECIFIED.,.F.,.F.,(4,2,2,1,2,4),(-1.08794909133205,
-0.886352565281328,-0.718275036364803,-0.504940660194855,-0.291606284024906,
0.),.UNSPECIFIED.);
#238=B_SPLINE_CURVE_WITH_KNOTS('',3,(#4116,#4117,#4118,#4119,#4120,#4121,
#4122,#4123,#4124,#4125,#4126),.UNSPECIFIED.,.F.,.F.,(4,2,1,2,2,4),(0.,
0.291606284024906,0.504940660194855,0.718275036364803,0.886352565281328,
1.08794909133205),.UNSPECIFIED.);
#239=B_SPLINE_CURVE_WITH_KNOTS('',3,(#4184,#4185,#4186,#4187,#4188,#4189,
#4190,#4191,#4192,#4193,#4194,#4195),.UNSPECIFIED.,.F.,.F.,(4,1,1,1,1,1,
1,1,1,4),(-1.08794909133142,-0.932527792569786,-0.777106493808155,-0.699395844427339,
-0.621685195046524,-0.466263896284893,-0.388553246904077,-0.310842597523262,
-0.155421298761631,0.),.UNSPECIFIED.);
#240=B_SPLINE_CURVE_WITH_KNOTS('',3,(#4196,#4197,#4198,#4199,#4200,#4201,
#4202,#4203,#4204,#4205,#4206,#4207),.UNSPECIFIED.,.F.,.F.,(4,1,1,1,1,1,
1,1,1,4),(0.,0.155421298761631,0.310842597523262,0.388553246904077,0.466263896284893,
0.621685195046524,0.699395844427339,0.777106493808155,0.932527792569786,
1.08794909133142),.UNSPECIFIED.);
#241=B_SPLINE_CURVE_WITH_KNOTS('',3,(#4259,#4260,#4261,#4262,#4263,#4264,
#4265,#4266,#4267,#4268,#4269,#4270,#4271,#4272,#4273,#4274,#4275,#4276,
#4277,#4278,#4279,#4280),.UNSPECIFIED.,.F.,.F.,(4,3,3,3,3,3,3,4),(0.,0.155421298761654,
0.310842597523307,0.466263896284961,0.621685195046614,0.777106493808268,
0.932527792569921,1.08794909133157),.UNSPECIFIED.);
#242=B_SPLINE_CURVE_WITH_KNOTS('',3,(#4327,#4328,#4329,#4330,#4331,#4332,
#4333,#4334,#4335,#4336,#4337,#4338,#4339,#4340,#4341,#4342,#4343,#4344,
#4345,#4346,#4347,#4348),.UNSPECIFIED.,.F.,.F.,(4,3,3,3,3,3,3,4),(0.,0.15542129876152,
0.31084259752304,0.46626389628456,0.621685195046081,0.777106493807601,0.932527792569121,
1.08794909133064),.UNSPECIFIED.);
#243=B_SPLINE_CURVE_WITH_KNOTS('',3,(#4386,#4387,#4388,#4389,#4390,#4391,
#4392,#4393,#4394,#4395,#4396,#4397,#4398,#4399,#4400,#4401),
 .UNSPECIFIED.,.F.,.F.,(4,3,3,3,3,4),(0.,0.0582829870355706,0.174848961106712,
0.233131948142282,0.291414935177853,0.407980909248994),.UNSPECIFIED.);
#244=B_SPLINE_CURVE_WITH_KNOTS('',3,(#4408,#4409,#4410,#4411,#4412,#4413,
#4414,#4415,#4416,#4417,#4418,#4419,#4420,#4421,#4422,#4423),
 .UNSPECIFIED.,.F.,.F.,(4,3,3,3,3,4),(0.,0.0582829870355706,0.174848961106712,
0.233131948142282,0.291414935177853,0.407980909248994),.UNSPECIFIED.);
#245=B_SPLINE_CURVE_WITH_KNOTS('',3,(#4515,#4516,#4517,#4518,#4519,#4520,
#4521,#4522,#4523,#4524),.UNSPECIFIED.,.F.,.F.,(4,3,3,4),(0.,0.0729833954824478,
0.121638992470746,0.170294589459045),.UNSPECIFIED.);
#246=B_SPLINE_CURVE_WITH_KNOTS('',3,(#4528,#4529,#4530,#4531,#4532,#4533,
#4534,#4535,#4536,#4537,#4538,#4539,#4540),.UNSPECIFIED.,.F.,.F.,(4,3,3,
3,4),(0.,0.0420500615306816,0.0841001230613632,0.140166871768939,0.196233620476514),
 .UNSPECIFIED.);
#247=B_SPLINE_CURVE_WITH_KNOTS('',3,(#4544,#4545,#4546,#4547,#4548,#4549,
#4550,#4551,#4552,#4553,#4554,#4555,#4556,#4557,#4558,#4559),
 .UNSPECIFIED.,.F.,.F.,(4,3,3,3,3,4),(0.,0.0582829870356108,0.174848961106832,
0.233131948142443,0.291414935178054,0.407980909249275),.UNSPECIFIED.);
#248=B_SPLINE_CURVE_WITH_KNOTS('',3,(#4562,#4563,#4564,#4565,#4566,#4567,
#4568,#4569,#4570,#4571,#4572,#4573,#4574,#4575,#4576,#4577),
 .UNSPECIFIED.,.F.,.F.,(4,3,3,3,3,4),(0.,0.0582829870355491,0.174848961106647,
0.233131948142196,0.291414935177746,0.407980909248844),.UNSPECIFIED.);
#249=B_SPLINE_CURVE_WITH_KNOTS('',3,(#4604,#4605,#4606,#4607,#4608,#4609,
#4610,#4611,#4612,#4613),.UNSPECIFIED.,.F.,.F.,(4,3,3,4),(0.,0.048655596988291,
0.0973111939765821,0.170294589459019),.UNSPECIFIED.);
#250=B_SPLINE_CURVE_WITH_KNOTS('',3,(#4649,#4650,#4651,#4652,#4653,#4654,
#4655,#4656,#4657,#4658,#4659,#4660,#4661),.UNSPECIFIED.,.F.,.F.,(4,3,3,
3,4),(0.,0.056066748707556,0.112133497415112,0.154183558945779,0.196233620476446),
 .UNSPECIFIED.);
#251=B_SPLINE_CURVE_WITH_KNOTS('',3,(#4700,#4701,#4702,#4703,#4704,#4705,
#4706,#4707,#4708,#4709,#4710,#4711,#4712,#4713,#4714,#4715),
 .UNSPECIFIED.,.F.,.F.,(4,3,3,3,3,4),(0.,0.116565974071121,0.174848961106682,
0.233131948142242,0.349697922213363,0.407980909248924),.UNSPECIFIED.);
#252=B_SPLINE_CURVE_WITH_KNOTS('',3,(#4755,#4756,#4757,#4758,#4759,#4760,
#4761,#4762,#4763,#4764,#4765,#4766,#4767,#4768,#4769,#4770),
 .UNSPECIFIED.,.F.,.F.,(4,3,3,3,3,4),(0.,0.116565974071319,0.174848961106979,
0.233131948142638,0.349697922213957,0.407980909249617),.UNSPECIFIED.);
#253=B_SPLINE_CURVE_WITH_KNOTS('',3,(#4805,#4806,#4807,#4808,#4809,#4810,
#4811,#4812,#4813,#4814,#4815,#4816,#4817,#4818,#4819,#4820),
 .UNSPECIFIED.,.F.,.F.,(4,3,3,3,3,4),(0.,0.116565974071125,0.174848961106687,
0.233131948142249,0.349697922213374,0.407980909248936),.UNSPECIFIED.);
#254=B_SPLINE_CURVE_WITH_KNOTS('',3,(#4860,#4861,#4862,#4863,#4864,#4865,
#4866,#4867,#4868,#4869,#4870,#4871,#4872,#4873,#4874,#4875),
 .UNSPECIFIED.,.F.,.F.,(4,3,3,3,3,4),(0.,0.11656597407117,0.174848961106754,
0.233131948142339,0.349697922213509,0.407980909249094),.UNSPECIFIED.);
#255=B_SPLINE_CURVE_WITH_KNOTS('',3,(#4899,#4900,#4901,#4902,#4903,#4904,
#4905,#4906,#4907,#4908,#4909,#4910,#4911,#4912,#4913,#4914,#4915,#4916,
#4917,#4918,#4919,#4920),.UNSPECIFIED.,.F.,.F.,(4,3,3,3,3,3,3,4),(0.,0.155421298761522,
0.310842597523044,0.466263896284566,0.621685195046087,0.777106493807609,
0.932527792569131,1.08794909133065),.UNSPECIFIED.);
#256=B_SPLINE_CURVE_WITH_KNOTS('',3,(#4923,#4924,#4925,#4926,#4927,#4928,
#4929,#4930,#4931,#4932,#4933,#4934,#4935,#4936,#4937,#4938,#4939,#4940,
#4941,#4942,#4943,#4944),.UNSPECIFIED.,.F.,.F.,(4,3,3,3,3,3,3,4),(0.,0.155421298761593,
0.310842597523186,0.466263896284778,0.621685195046371,0.777106493807964,
0.932527792569557,1.08794909133115),.UNSPECIFIED.);
#257=B_SPLINE_SURFACE_WITH_KNOTS('',3,1,((#3480,#3481),(#3482,#3483),(#3484,
#3485),(#3486,#3487),(#3488,#3489)),.UNSPECIFIED.,.F.,.F.,.F.,(4,1,4),(2,
2),(-0.693419550855469,-0.36154609015732,0.),(0.,0.2),.UNSPECIFIED.);
#258=B_SPLINE_SURFACE_WITH_KNOTS('',3,1,((#3503,#3504),(#3505,#3506),(#3507,
#3508),(#3509,#3510),(#3511,#3512)),.UNSPECIFIED.,.F.,.F.,.F.,(4,1,4),(2,
2),(-0.256539712279192,-0.127938893602605,0.),(0.,0.2),.UNSPECIFIED.);
#259=B_SPLINE_SURFACE_WITH_KNOTS('',3,1,((#3526,#3527),(#3528,#3529),(#3530,
#3531),(#3532,#3533),(#3534,#3535)),.UNSPECIFIED.,.F.,.F.,.F.,(4,1,4),(2,
2),(-0.207107833985777,-0.10405440369718,0.),(0.,0.2),.UNSPECIFIED.);
#260=B_SPLINE_SURFACE_WITH_KNOTS('',3,1,((#3549,#3550),(#3551,#3552),(#3553,
#3554),(#3555,#3556),(#3557,#3558)),.UNSPECIFIED.,.F.,.F.,.F.,(4,1,4),(2,
2),(-0.232315830166332,-0.0914409485987245,0.),(0.,0.2),.UNSPECIFIED.);
#261=B_SPLINE_SURFACE_WITH_KNOTS('',3,1,((#3578,#3579),(#3580,#3581),(#3582,
#3583),(#3584,#3585),(#3586,#3587)),.UNSPECIFIED.,.F.,.F.,.F.,(4,1,4),(2,
2),(-0.393739649365269,-0.204620847469459,0.),(0.,0.2),.UNSPECIFIED.);
#262=B_SPLINE_SURFACE_WITH_KNOTS('',3,1,((#3601,#3602),(#3603,#3604),(#3605,
#3606),(#3607,#3608),(#3609,#3610)),.UNSPECIFIED.,.F.,.F.,.F.,(4,1,4),(2,
2),(-0.316610038804366,-0.157132634887232,0.),(0.,0.2),.UNSPECIFIED.);
#263=B_SPLINE_SURFACE_WITH_KNOTS('',3,1,((#3624,#3625),(#3626,#3627),(#3628,
#3629),(#3630,#3631),(#3632,#3633)),.UNSPECIFIED.,.F.,.F.,.F.,(4,1,4),(2,
2),(-0.364765599829733,-0.181963057844144,0.),(0.,0.2),.UNSPECIFIED.);
#264=B_SPLINE_SURFACE_WITH_KNOTS('',3,1,((#3647,#3648),(#3649,#3650),(#3651,
#3652),(#3653,#3654),(#3655,#3656)),.UNSPECIFIED.,.F.,.F.,.F.,(4,1,4),(2,
2),(-0.346540264306023,-0.178965886907568,0.),(0.,0.2),.UNSPECIFIED.);
#265=B_SPLINE_SURFACE_WITH_KNOTS('',3,3,((#3713,#3714,#3715,#3716),(#3717,
#3718,#3719,#3720),(#3721,#3722,#3723,#3724),(#3725,#3726,#3727,#3728)),
 .UNSPECIFIED.,.F.,.F.,.F.,(4,4),(4,4),(0.,1.),(0.634617541369742,0.785398163397448),
 .UNSPECIFIED.);
#266=B_SPLINE_SURFACE_WITH_KNOTS('',3,3,((#3752,#3753,#3754,#3755),(#3756,
#3757,#3758,#3759),(#3760,#3761,#3762,#3763),(#3764,#3765,#3766,#3767)),
 .UNSPECIFIED.,.F.,.F.,.F.,(4,4),(4,4),(0.,1.),(-7.06858347057703,-6.62727844533717),
 .UNSPECIFIED.);
#267=B_SPLINE_SURFACE_WITH_KNOTS('',3,3,((#3797,#3798,#3799,#3800),(#3801,
#3802,#3803,#3804),(#3805,#3806,#3807,#3808),(#3809,#3810,#3811,#3812),
(#3813,#3814,#3815,#3816),(#3817,#3818,#3819,#3820),(#3821,#3822,#3823,
#3824),(#3825,#3826,#3827,#3828)),.UNSPECIFIED.,.F.,.F.,.F.,(4,1,1,1,1,
4),(4,4),(0.,0.285714285714286,0.428571428571429,0.571428571428571,0.857142857142857,
1.),(-8.32667268468867E-17,0.3),.UNSPECIFIED.);
#268=B_SPLINE_SURFACE_WITH_KNOTS('',3,3,((#3887,#3888,#3889,#3890,#3891,
#3892,#3893,#3894,#3895,#3896,#3897,#3898,#3899),(#3900,#3901,#3902,#3903,
#3904,#3905,#3906,#3907,#3908,#3909,#3910,#3911,#3912),(#3913,#3914,#3915,
#3916,#3917,#3918,#3919,#3920,#3921,#3922,#3923,#3924,#3925),(#3926,#3927,
#3928,#3929,#3930,#3931,#3932,#3933,#3934,#3935,#3936,#3937,#3938)),
 .UNSPECIFIED.,.F.,.F.,.F.,(4,4),(4,1,1,1,1,1,1,1,2,4),(0.,1.),(0.,0.177270513056193,
0.354541026112387,0.398858654376435,0.443176282640483,0.53181153916858,
0.709082052224773,0.79771730875287,0.886352565280966,1.0879490913314),
 .UNSPECIFIED.);
#269=B_SPLINE_SURFACE_WITH_KNOTS('',3,3,((#3977,#3978,#3979,#3980,#3981,
#3982,#3983,#3984,#3985,#3986,#3987,#3988),(#3989,#3990,#3991,#3992,#3993,
#3994,#3995,#3996,#3997,#3998,#3999,#4000),(#4001,#4002,#4003,#4004,#4005,
#4006,#4007,#4008,#4009,#4010,#4011,#4012),(#4013,#4014,#4015,#4016,#4017,
#4018,#4019,#4020,#4021,#4022,#4023,#4024)),.UNSPECIFIED.,.F.,.F.,.F.,(4,
4),(4,1,1,1,1,1,1,1,1,4),(0.,1.),(0.,0.155421298761653,0.310842597523305,
0.388553246904131,0.466263896284958,0.62168519504661,0.699395844427436,
0.777106493808263,0.932527792569915,1.08794909133157),.UNSPECIFIED.);
#270=B_SPLINE_SURFACE_WITH_KNOTS('',3,3,((#4058,#4059,#4060,#4061,#4062,
#4063,#4064,#4065,#4066,#4067,#4068),(#4069,#4070,#4071,#4072,#4073,#4074,
#4075,#4076,#4077,#4078,#4079),(#4080,#4081,#4082,#4083,#4084,#4085,#4086,
#4087,#4088,#4089,#4090),(#4091,#4092,#4093,#4094,#4095,#4096,#4097,#4098,
#4099,#4100,#4101)),.UNSPECIFIED.,.F.,.F.,.F.,(4,4),(4,2,1,2,2,4),(0.,1.),
(0.,0.291606284024906,0.504940660194855,0.718275036364803,0.886352565281328,
1.08794909133205),.UNSPECIFIED.);
#271=B_SPLINE_SURFACE_WITH_KNOTS('',3,3,((#4133,#4134,#4135,#4136,#4137,
#4138,#4139,#4140,#4141,#4142,#4143,#4144),(#4145,#4146,#4147,#4148,#4149,
#4150,#4151,#4152,#4153,#4154,#4155,#4156),(#4157,#4158,#4159,#4160,#4161,
#4162,#4163,#4164,#4165,#4166,#4167,#4168),(#4169,#4170,#4171,#4172,#4173,
#4174,#4175,#4176,#4177,#4178,#4179,#4180)),.UNSPECIFIED.,.F.,.F.,.F.,(4,
4),(4,1,1,1,1,1,1,1,1,4),(0.,1.),(0.,0.155421298761631,0.310842597523262,
0.388553246904077,0.466263896284893,0.621685195046524,0.699395844427339,
0.777106493808155,0.932527792569786,1.08794909133142),.UNSPECIFIED.);
#272=B_SPLINE_SURFACE_WITH_KNOTS('',3,3,((#4217,#4218,#4219,#4220),(#4221,
#4222,#4223,#4224),(#4225,#4226,#4227,#4228),(#4229,#4230,#4231,#4232),
(#4233,#4234,#4235,#4236),(#4237,#4238,#4239,#4240),(#4241,#4242,#4243,
#4244),(#4245,#4246,#4247,#4248),(#4249,#4250,#4251,#4252),(#4253,#4254,
#4255,#4256)),.UNSPECIFIED.,.F.,.F.,.F.,(4,1,1,1,1,1,1,4),(4,4),(0.,0.142857142857143,
0.285714285714286,0.428571428571429,0.571428571428571,0.714285714285714,
0.857142857142857,1.),(-2.77555756156289E-16,0.0999999999999999),
 .UNSPECIFIED.);
#273=B_SPLINE_SURFACE_WITH_KNOTS('',3,3,((#4285,#4286,#4287,#4288),(#4289,
#4290,#4291,#4292),(#4293,#4294,#4295,#4296),(#4297,#4298,#4299,#4300),
(#4301,#4302,#4303,#4304),(#4305,#4306,#4307,#4308),(#4309,#4310,#4311,
#4312),(#4313,#4314,#4315,#4316),(#4317,#4318,#4319,#4320),(#4321,#4322,
#4323,#4324)),.UNSPECIFIED.,.F.,.F.,.F.,(4,1,1,1,1,1,1,4),(4,4),(0.,0.142857142857143,
0.285714285714286,0.428571428571429,0.571428571428571,0.714285714285714,
0.857142857142857,1.),(-2.77555756156289E-16,0.0999999999999999),
 .UNSPECIFIED.);
#274=B_SPLINE_SURFACE_WITH_KNOTS('',3,3,((#4578,#4579,#4580,#4581),(#4582,
#4583,#4584,#4585),(#4586,#4587,#4588,#4589),(#4590,#4591,#4592,#4593),
(#4594,#4595,#4596,#4597),(#4598,#4599,#4600,#4601)),.UNSPECIFIED.,.F.,
 .F.,.F.,(4,1,1,4),(4,4),(0.,0.285714285714286,0.571428571428571,1.),(-8.32667268468867E-17,
0.3),.UNSPECIFIED.);
#275=B_SPLINE_SURFACE_WITH_KNOTS('',3,3,((#4620,#4621,#4622,#4623),(#4624,
#4625,#4626,#4627),(#4628,#4629,#4630,#4631),(#4632,#4633,#4634,#4635),
(#4636,#4637,#4638,#4639),(#4640,#4641,#4642,#4643),(#4644,#4645,#4646,
#4647)),.UNSPECIFIED.,.F.,.F.,.F.,(4,1,1,1,4),(4,4),(0.,0.285714285714286,
0.571428571428571,0.785714285714286,1.),(-8.32667268468867E-17,0.3),
 .UNSPECIFIED.);
#276=B_SPLINE_SURFACE_WITH_KNOTS('',3,3,((#4667,#4668,#4669,#4670),(#4671,
#4672,#4673,#4674),(#4675,#4676,#4677,#4678),(#4679,#4680,#4681,#4682),
(#4683,#4684,#4685,#4686),(#4687,#4688,#4689,#4690),(#4691,#4692,#4693,
#4694),(#4695,#4696,#4697,#4698)),.UNSPECIFIED.,.F.,.F.,.F.,(4,1,1,1,1,
4),(4,4),(0.,0.285714285714286,0.428571428571429,0.571428571428571,0.857142857142857,
1.),(-8.32667268468867E-17,0.3),.UNSPECIFIED.);
#277=B_SPLINE_SURFACE_WITH_KNOTS('',3,3,((#4723,#4724,#4725,#4726),(#4727,
#4728,#4729,#4730),(#4731,#4732,#4733,#4734),(#4735,#4736,#4737,#4738),
(#4739,#4740,#4741,#4742),(#4743,#4744,#4745,#4746),(#4747,#4748,#4749,
#4750),(#4751,#4752,#4753,#4754)),.UNSPECIFIED.,.F.,.F.,.F.,(4,1,1,1,1,
4),(4,4),(0.,0.285714285714286,0.428571428571429,0.571428571428571,0.857142857142857,
1.),(-8.32667268468867E-17,0.3),.UNSPECIFIED.);
#278=B_SPLINE_SURFACE_WITH_KNOTS('',3,3,((#4771,#4772,#4773,#4774),(#4775,
#4776,#4777,#4778),(#4779,#4780,#4781,#4782),(#4783,#4784,#4785,#4786),
(#4787,#4788,#4789,#4790),(#4791,#4792,#4793,#4794),(#4795,#4796,#4797,
#4798),(#4799,#4800,#4801,#4802)),.UNSPECIFIED.,.F.,.F.,.F.,(4,1,1,1,1,
4),(4,4),(0.,0.285714285714286,0.428571428571429,0.571428571428571,0.857142857142857,
1.),(-8.32667268468867E-17,0.3),.UNSPECIFIED.);
#279=B_SPLINE_SURFACE_WITH_KNOTS('',3,3,((#4827,#4828,#4829,#4830),(#4831,
#4832,#4833,#4834),(#4835,#4836,#4837,#4838),(#4839,#4840,#4841,#4842),
(#4843,#4844,#4845,#4846),(#4847,#4848,#4849,#4850),(#4851,#4852,#4853,
#4854),(#4855,#4856,#4857,#4858)),.UNSPECIFIED.,.F.,.F.,.F.,(4,1,1,1,1,
4),(4,4),(0.,0.285714285714286,0.428571428571429,0.571428571428571,0.857142857142857,
1.),(-8.32667268468867E-17,0.3),.UNSPECIFIED.);
#280=B_SPLINE_SURFACE_WITH_KNOTS('',3,3,((#5068,#5069,#5070,#5071),(#5072,
#5073,#5074,#5075),(#5076,#5077,#5078,#5079),(#5080,#5081,#5082,#5083),
(#5084,#5085,#5086,#5087),(#5088,#5089,#5090,#5091),(#5092,#5093,#5094,
#5095),(#5096,#5097,#5098,#5099),(#5100,#5101,#5102,#5103),(#5104,#5105,
#5106,#5107)),.UNSPECIFIED.,.F.,.F.,.F.,(4,1,1,1,1,1,1,4),(4,4),(0.,0.142857142857143,
0.285714285714286,0.428571428571429,0.571428571428571,0.714285714285714,
0.857142857142857,1.),(-2.77555756156289E-16,0.0999999999999999),
 .UNSPECIFIED.);
#281=B_SPLINE_SURFACE_WITH_KNOTS('',3,3,((#5112,#5113,#5114,#5115),(#5116,
#5117,#5118,#5119),(#5120,#5121,#5122,#5123),(#5124,#5125,#5126,#5127),
(#5128,#5129,#5130,#5131),(#5132,#5133,#5134,#5135),(#5136,#5137,#5138,
#5139),(#5140,#5141,#5142,#5143),(#5144,#5145,#5146,#5147),(#5148,#5149,
#5150,#5151)),.UNSPECIFIED.,.F.,.F.,.F.,(4,1,1,1,1,1,1,4),(4,4),(0.,0.142857142857143,
0.285714285714286,0.428571428571429,0.571428571428571,0.714285714285714,
0.857142857142857,1.),(-2.77555756156289E-16,0.0999999999999999),
 .UNSPECIFIED.);
#282=FACE_OUTER_BOUND('',#415,.T.);
#283=FACE_OUTER_BOUND('',#416,.T.);
#284=FACE_OUTER_BOUND('',#417,.T.);
#285=FACE_OUTER_BOUND('',#418,.T.);
#286=FACE_OUTER_BOUND('',#419,.T.);
#287=FACE_OUTER_BOUND('',#420,.T.);
#288=FACE_OUTER_BOUND('',#421,.T.);
#289=FACE_OUTER_BOUND('',#422,.T.);
#290=FACE_OUTER_BOUND('',#423,.T.);
#291=FACE_OUTER_BOUND('',#424,.T.);
#292=FACE_OUTER_BOUND('',#425,.T.);
#293=FACE_OUTER_BOUND('',#426,.T.);
#294=FACE_OUTER_BOUND('',#427,.T.);
#295=FACE_OUTER_BOUND('',#428,.T.);
#296=FACE_OUTER_BOUND('',#429,.T.);
#297=FACE_OUTER_BOUND('',#430,.T.);
#298=FACE_OUTER_BOUND('',#431,.T.);
#299=FACE_OUTER_BOUND('',#432,.T.);
#300=FACE_OUTER_BOUND('',#433,.T.);
#301=FACE_OUTER_BOUND('',#434,.T.);
#302=FACE_OUTER_BOUND('',#435,.T.);
#303=FACE_OUTER_BOUND('',#436,.T.);
#304=FACE_OUTER_BOUND('',#437,.T.);
#305=FACE_OUTER_BOUND('',#438,.T.);
#306=FACE_OUTER_BOUND('',#439,.T.);
#307=FACE_OUTER_BOUND('',#440,.T.);
#308=FACE_OUTER_BOUND('',#441,.T.);
#309=FACE_OUTER_BOUND('',#442,.T.);
#310=FACE_OUTER_BOUND('',#443,.T.);
#311=FACE_OUTER_BOUND('',#444,.T.);
#312=FACE_OUTER_BOUND('',#445,.T.);
#313=FACE_OUTER_BOUND('',#446,.T.);
#314=FACE_OUTER_BOUND('',#447,.T.);
#315=FACE_OUTER_BOUND('',#448,.T.);
#316=FACE_OUTER_BOUND('',#449,.T.);
#317=FACE_OUTER_BOUND('',#450,.T.);
#318=FACE_OUTER_BOUND('',#451,.T.);
#319=FACE_OUTER_BOUND('',#452,.T.);
#320=FACE_OUTER_BOUND('',#453,.T.);
#321=FACE_OUTER_BOUND('',#454,.T.);
#322=FACE_OUTER_BOUND('',#455,.T.);
#323=FACE_OUTER_BOUND('',#456,.T.);
#324=FACE_OUTER_BOUND('',#457,.T.);
#325=FACE_OUTER_BOUND('',#458,.T.);
#326=FACE_OUTER_BOUND('',#459,.T.);
#327=FACE_OUTER_BOUND('',#460,.T.);
#328=FACE_OUTER_BOUND('',#461,.T.);
#329=FACE_OUTER_BOUND('',#462,.T.);
#330=FACE_OUTER_BOUND('',#463,.T.);
#331=FACE_OUTER_BOUND('',#464,.T.);
#332=FACE_OUTER_BOUND('',#481,.T.);
#333=FACE_OUTER_BOUND('',#482,.T.);
#334=FACE_OUTER_BOUND('',#483,.T.);
#335=FACE_OUTER_BOUND('',#484,.T.);
#336=FACE_OUTER_BOUND('',#485,.T.);
#337=FACE_OUTER_BOUND('',#486,.T.);
#338=FACE_OUTER_BOUND('',#487,.T.);
#339=FACE_OUTER_BOUND('',#488,.T.);
#340=FACE_OUTER_BOUND('',#489,.T.);
#341=FACE_OUTER_BOUND('',#490,.T.);
#342=FACE_OUTER_BOUND('',#491,.T.);
#343=FACE_OUTER_BOUND('',#492,.T.);
#344=FACE_OUTER_BOUND('',#493,.T.);
#345=FACE_OUTER_BOUND('',#494,.T.);
#346=FACE_OUTER_BOUND('',#495,.T.);
#347=FACE_OUTER_BOUND('',#496,.T.);
#348=FACE_OUTER_BOUND('',#497,.T.);
#349=FACE_OUTER_BOUND('',#512,.T.);
#350=FACE_OUTER_BOUND('',#513,.T.);
#351=FACE_OUTER_BOUND('',#514,.T.);
#352=FACE_OUTER_BOUND('',#515,.T.);
#353=FACE_OUTER_BOUND('',#516,.T.);
#354=FACE_OUTER_BOUND('',#517,.T.);
#355=FACE_OUTER_BOUND('',#518,.T.);
#356=FACE_OUTER_BOUND('',#519,.T.);
#357=FACE_OUTER_BOUND('',#520,.T.);
#358=FACE_OUTER_BOUND('',#521,.T.);
#359=FACE_OUTER_BOUND('',#522,.T.);
#360=FACE_OUTER_BOUND('',#523,.T.);
#361=FACE_OUTER_BOUND('',#524,.T.);
#362=FACE_OUTER_BOUND('',#525,.T.);
#363=FACE_OUTER_BOUND('',#526,.T.);
#364=FACE_OUTER_BOUND('',#527,.T.);
#365=FACE_OUTER_BOUND('',#528,.T.);
#366=FACE_OUTER_BOUND('',#529,.T.);
#367=FACE_OUTER_BOUND('',#530,.T.);
#368=FACE_OUTER_BOUND('',#531,.T.);
#369=FACE_OUTER_BOUND('',#532,.T.);
#370=FACE_OUTER_BOUND('',#533,.T.);
#371=FACE_OUTER_BOUND('',#534,.T.);
#372=FACE_OUTER_BOUND('',#535,.T.);
#373=FACE_OUTER_BOUND('',#536,.T.);
#374=FACE_OUTER_BOUND('',#537,.T.);
#375=FACE_OUTER_BOUND('',#538,.T.);
#376=FACE_OUTER_BOUND('',#539,.T.);
#377=FACE_OUTER_BOUND('',#540,.T.);
#378=FACE_OUTER_BOUND('',#541,.T.);
#379=FACE_OUTER_BOUND('',#542,.T.);
#380=FACE_OUTER_BOUND('',#543,.T.);
#381=FACE_OUTER_BOUND('',#544,.T.);
#382=FACE_OUTER_BOUND('',#545,.T.);
#383=FACE_OUTER_BOUND('',#546,.T.);
#384=FACE_OUTER_BOUND('',#547,.T.);
#385=FACE_OUTER_BOUND('',#548,.T.);
#386=FACE_OUTER_BOUND('',#549,.T.);
#387=FACE_OUTER_BOUND('',#550,.T.);
#388=FACE_OUTER_BOUND('',#551,.T.);
#389=FACE_OUTER_BOUND('',#552,.T.);
#390=FACE_OUTER_BOUND('',#553,.T.);
#391=FACE_OUTER_BOUND('',#554,.T.);
#392=FACE_OUTER_BOUND('',#555,.T.);
#393=FACE_OUTER_BOUND('',#556,.T.);
#394=FACE_OUTER_BOUND('',#557,.T.);
#395=FACE_OUTER_BOUND('',#558,.T.);
#396=FACE_OUTER_BOUND('',#559,.T.);
#397=FACE_OUTER_BOUND('',#560,.T.);
#398=FACE_OUTER_BOUND('',#561,.T.);
#399=FACE_OUTER_BOUND('',#562,.T.);
#400=FACE_OUTER_BOUND('',#563,.T.);
#401=FACE_OUTER_BOUND('',#564,.T.);
#402=FACE_OUTER_BOUND('',#565,.T.);
#403=FACE_OUTER_BOUND('',#566,.T.);
#404=FACE_OUTER_BOUND('',#567,.T.);
#405=FACE_OUTER_BOUND('',#568,.T.);
#406=FACE_OUTER_BOUND('',#569,.T.);
#407=FACE_OUTER_BOUND('',#570,.T.);
#408=FACE_OUTER_BOUND('',#571,.T.);
#409=FACE_OUTER_BOUND('',#572,.T.);
#410=FACE_OUTER_BOUND('',#573,.T.);
#411=FACE_OUTER_BOUND('',#574,.T.);
#412=FACE_OUTER_BOUND('',#575,.T.);
#413=FACE_OUTER_BOUND('',#576,.T.);
#414=FACE_OUTER_BOUND('',#577,.T.);
#415=EDGE_LOOP('',(#1679,#1680,#1681,#1682));
#416=EDGE_LOOP('',(#1683,#1684,#1685,#1686));
#417=EDGE_LOOP('',(#1687,#1688,#1689,#1690));
#418=EDGE_LOOP('',(#1691,#1692,#1693,#1694));
#419=EDGE_LOOP('',(#1695,#1696,#1697,#1698));
#420=EDGE_LOOP('',(#1699,#1700,#1701,#1702));
#421=EDGE_LOOP('',(#1703,#1704,#1705,#1706));
#422=EDGE_LOOP('',(#1707,#1708,#1709,#1710));
#423=EDGE_LOOP('',(#1711,#1712,#1713,#1714));
#424=EDGE_LOOP('',(#1715,#1716,#1717,#1718));
#425=EDGE_LOOP('',(#1719,#1720,#1721,#1722));
#426=EDGE_LOOP('',(#1723,#1724,#1725,#1726));
#427=EDGE_LOOP('',(#1727,#1728,#1729,#1730));
#428=EDGE_LOOP('',(#1731,#1732,#1733,#1734));
#429=EDGE_LOOP('',(#1735,#1736,#1737,#1738));
#430=EDGE_LOOP('',(#1739,#1740,#1741,#1742));
#431=EDGE_LOOP('',(#1743,#1744,#1745,#1746));
#432=EDGE_LOOP('',(#1747,#1748,#1749,#1750));
#433=EDGE_LOOP('',(#1751,#1752,#1753,#1754));
#434=EDGE_LOOP('',(#1755,#1756,#1757,#1758));
#435=EDGE_LOOP('',(#1759,#1760,#1761,#1762,#1763,#1764,#1765,#1766,#1767,
#1768));
#436=EDGE_LOOP('',(#1769,#1770,#1771,#1772));
#437=EDGE_LOOP('',(#1773,#1774,#1775,#1776));
#438=EDGE_LOOP('',(#1777,#1778,#1779,#1780));
#439=EDGE_LOOP('',(#1781,#1782,#1783,#1784));
#440=EDGE_LOOP('',(#1785,#1786,#1787,#1788));
#441=EDGE_LOOP('',(#1789,#1790,#1791,#1792));
#442=EDGE_LOOP('',(#1793,#1794,#1795,#1796));
#443=EDGE_LOOP('',(#1797,#1798,#1799,#1800));
#444=EDGE_LOOP('',(#1801,#1802,#1803,#1804));
#445=EDGE_LOOP('',(#1805,#1806,#1807,#1808,#1809));
#446=EDGE_LOOP('',(#1810,#1811,#1812,#1813,#1814,#1815));
#447=EDGE_LOOP('',(#1816,#1817,#1818,#1819,#1820,#1821));
#448=EDGE_LOOP('',(#1822,#1823,#1824,#1825));
#449=EDGE_LOOP('',(#1826,#1827,#1828,#1829));
#450=EDGE_LOOP('',(#1830,#1831,#1832,#1833));
#451=EDGE_LOOP('',(#1834,#1835,#1836,#1837));
#452=EDGE_LOOP('',(#1838,#1839,#1840,#1841));
#453=EDGE_LOOP('',(#1842,#1843,#1844,#1845));
#454=EDGE_LOOP('',(#1846,#1847,#1848,#1849));
#455=EDGE_LOOP('',(#1850,#1851,#1852,#1853));
#456=EDGE_LOOP('',(#1854,#1855,#1856,#1857));
#457=EDGE_LOOP('',(#1858,#1859,#1860,#1861));
#458=EDGE_LOOP('',(#1862,#1863,#1864,#1865));
#459=EDGE_LOOP('',(#1866,#1867,#1868,#1869));
#460=EDGE_LOOP('',(#1870,#1871,#1872,#1873));
#461=EDGE_LOOP('',(#1874,#1875,#1876,#1877));
#462=EDGE_LOOP('',(#1878,#1879,#1880,#1881));
#463=EDGE_LOOP('',(#1882,#1883,#1884,#1885));
#464=EDGE_LOOP('',(#1886,#1887,#1888,#1889,#1890,#1891,#1892,#1893));
#465=EDGE_LOOP('',(#1894,#1895,#1896,#1897));
#466=EDGE_LOOP('',(#1898,#1899,#1900,#1901,#1902,#1903,#1904,#1905));
#467=EDGE_LOOP('',(#1906,#1907,#1908,#1909,#1910,#1911,#1912,#1913));
#468=EDGE_LOOP('',(#1914,#1915,#1916,#1917,#1918,#1919));
#469=EDGE_LOOP('',(#1920,#1921,#1922,#1923,#1924,#1925,#1926,#1927));
#470=EDGE_LOOP('',(#1928,#1929,#1930,#1931,#1932,#1933,#1934,#1935));
#471=EDGE_LOOP('',(#1936,#1937,#1938,#1939,#1940,#1941,#1942,#1943));
#472=EDGE_LOOP('',(#1944,#1945,#1946,#1947,#1948,#1949,#1950,#1951));
#473=EDGE_LOOP('',(#1952,#1953,#1954,#1955,#1956,#1957,#1958,#1959));
#474=EDGE_LOOP('',(#1960));
#475=EDGE_LOOP('',(#1961));
#476=EDGE_LOOP('',(#1962));
#477=EDGE_LOOP('',(#1963));
#478=EDGE_LOOP('',(#1964,#1965,#1966,#1967,#1968,#1969,#1970,#1971,#1972,
#1973,#1974,#1975,#1976,#1977,#1978,#1979,#1980));
#479=EDGE_LOOP('',(#1981,#1982,#1983,#1984,#1985,#1986,#1987,#1988,#1989,
#1990));
#480=EDGE_LOOP('',(#1991,#1992,#1993,#1994));
#481=EDGE_LOOP('',(#1995,#1996,#1997,#1998));
#482=EDGE_LOOP('',(#1999,#2000,#2001,#2002));
#483=EDGE_LOOP('',(#2003,#2004,#2005,#2006));
#484=EDGE_LOOP('',(#2007,#2008,#2009,#2010));
#485=EDGE_LOOP('',(#2011,#2012,#2013,#2014));
#486=EDGE_LOOP('',(#2015,#2016,#2017,#2018));
#487=EDGE_LOOP('',(#2019,#2020,#2021,#2022));
#488=EDGE_LOOP('',(#2023,#2024,#2025,#2026));
#489=EDGE_LOOP('',(#2027,#2028,#2029,#2030));
#490=EDGE_LOOP('',(#2031,#2032,#2033,#2034));
#491=EDGE_LOOP('',(#2035,#2036,#2037,#2038));
#492=EDGE_LOOP('',(#2039,#2040,#2041,#2042));
#493=EDGE_LOOP('',(#2043,#2044,#2045,#2046,#2047));
#494=EDGE_LOOP('',(#2048,#2049,#2050,#2051));
#495=EDGE_LOOP('',(#2052,#2053,#2054,#2055,#2056));
#496=EDGE_LOOP('',(#2057,#2058,#2059,#2060));
#497=EDGE_LOOP('',(#2061,#2062,#2063,#2064,#2065,#2066,#2067,#2068));
#498=EDGE_LOOP('',(#2069,#2070,#2071,#2072,#2073,#2074,#2075,#2076,#2077,
#2078));
#499=EDGE_LOOP('',(#2079,#2080,#2081,#2082,#2083,#2084,#2085,#2086));
#500=EDGE_LOOP('',(#2087,#2088,#2089,#2090,#2091,#2092,#2093,#2094));
#501=EDGE_LOOP('',(#2095,#2096,#2097,#2098,#2099,#2100,#2101,#2102));
#502=EDGE_LOOP('',(#2103,#2104,#2105,#2106,#2107,#2108));
#503=EDGE_LOOP('',(#2109,#2110,#2111,#2112,#2113,#2114,#2115,#2116));
#504=EDGE_LOOP('',(#2117,#2118,#2119,#2120,#2121,#2122,#2123,#2124));
#505=EDGE_LOOP('',(#2125,#2126,#2127,#2128,#2129,#2130,#2131,#2132));
#506=EDGE_LOOP('',(#2133,#2134,#2135,#2136,#2137,#2138,#2139,#2140));
#507=EDGE_LOOP('',(#2141,#2142,#2143,#2144,#2145,#2146,#2147,#2148));
#508=EDGE_LOOP('',(#2149));
#509=EDGE_LOOP('',(#2150));
#510=EDGE_LOOP('',(#2151));
#511=EDGE_LOOP('',(#2152));
#512=EDGE_LOOP('',(#2153,#2154,#2155,#2156));
#513=EDGE_LOOP('',(#2157,#2158,#2159,#2160));
#514=EDGE_LOOP('',(#2161,#2162,#2163,#2164));
#515=EDGE_LOOP('',(#2165,#2166,#2167,#2168));
#516=EDGE_LOOP('',(#2169,#2170,#2171,#2172));
#517=EDGE_LOOP('',(#2173,#2174,#2175,#2176));
#518=EDGE_LOOP('',(#2177,#2178,#2179,#2180));
#519=EDGE_LOOP('',(#2181,#2182,#2183,#2184));
#520=EDGE_LOOP('',(#2185,#2186,#2187,#2188));
#521=EDGE_LOOP('',(#2189,#2190,#2191,#2192));
#522=EDGE_LOOP('',(#2193,#2194,#2195,#2196));
#523=EDGE_LOOP('',(#2197,#2198,#2199,#2200));
#524=EDGE_LOOP('',(#2201,#2202,#2203,#2204));
#525=EDGE_LOOP('',(#2205,#2206,#2207,#2208));
#526=EDGE_LOOP('',(#2209,#2210,#2211,#2212));
#527=EDGE_LOOP('',(#2213,#2214,#2215,#2216));
#528=EDGE_LOOP('',(#2217,#2218,#2219,#2220));
#529=EDGE_LOOP('',(#2221,#2222,#2223,#2224));
#530=EDGE_LOOP('',(#2225,#2226,#2227,#2228));
#531=EDGE_LOOP('',(#2229,#2230,#2231,#2232));
#532=EDGE_LOOP('',(#2233,#2234,#2235,#2236));
#533=EDGE_LOOP('',(#2237,#2238,#2239,#2240));
#534=EDGE_LOOP('',(#2241,#2242,#2243,#2244));
#535=EDGE_LOOP('',(#2245,#2246,#2247,#2248));
#536=EDGE_LOOP('',(#2249,#2250,#2251,#2252));
#537=EDGE_LOOP('',(#2253,#2254,#2255,#2256));
#538=EDGE_LOOP('',(#2257,#2258,#2259,#2260));
#539=EDGE_LOOP('',(#2261,#2262,#2263,#2264));
#540=EDGE_LOOP('',(#2265,#2266,#2267,#2268));
#541=EDGE_LOOP('',(#2269,#2270,#2271,#2272));
#542=EDGE_LOOP('',(#2273,#2274,#2275,#2276));
#543=EDGE_LOOP('',(#2277,#2278,#2279,#2280));
#544=EDGE_LOOP('',(#2281,#2282,#2283,#2284));
#545=EDGE_LOOP('',(#2285,#2286,#2287,#2288));
#546=EDGE_LOOP('',(#2289,#2290,#2291,#2292));
#547=EDGE_LOOP('',(#2293,#2294,#2295,#2296));
#548=EDGE_LOOP('',(#2297,#2298,#2299,#2300));
#549=EDGE_LOOP('',(#2301,#2302,#2303,#2304));
#550=EDGE_LOOP('',(#2305,#2306,#2307,#2308));
#551=EDGE_LOOP('',(#2309,#2310,#2311,#2312));
#552=EDGE_LOOP('',(#2313,#2314,#2315,#2316));
#553=EDGE_LOOP('',(#2317,#2318,#2319,#2320));
#554=EDGE_LOOP('',(#2321,#2322,#2323,#2324));
#555=EDGE_LOOP('',(#2325,#2326,#2327,#2328));
#556=EDGE_LOOP('',(#2329,#2330,#2331,#2332));
#557=EDGE_LOOP('',(#2333,#2334,#2335,#2336));
#558=EDGE_LOOP('',(#2337,#2338,#2339,#2340));
#559=EDGE_LOOP('',(#2341,#2342,#2343,#2344));
#560=EDGE_LOOP('',(#2345,#2346,#2347,#2348));
#561=EDGE_LOOP('',(#2349,#2350,#2351,#2352));
#562=EDGE_LOOP('',(#2353,#2354,#2355,#2356));
#563=EDGE_LOOP('',(#2357,#2358,#2359,#2360));
#564=EDGE_LOOP('',(#2361,#2362,#2363,#2364));
#565=EDGE_LOOP('',(#2365,#2366,#2367,#2368));
#566=EDGE_LOOP('',(#2369,#2370,#2371,#2372));
#567=EDGE_LOOP('',(#2373,#2374,#2375,#2376));
#568=EDGE_LOOP('',(#2377,#2378,#2379,#2380));
#569=EDGE_LOOP('',(#2381,#2382,#2383,#2384));
#570=EDGE_LOOP('',(#2385,#2386,#2387,#2388));
#571=EDGE_LOOP('',(#2389,#2390,#2391,#2392));
#572=EDGE_LOOP('',(#2393,#2394,#2395,#2396));
#573=EDGE_LOOP('',(#2397,#2398,#2399,#2400));
#574=EDGE_LOOP('',(#2401,#2402,#2403,#2404));
#575=EDGE_LOOP('',(#2405,#2406,#2407,#2408));
#576=EDGE_LOOP('',(#2409,#2410,#2411,#2412));
#577=EDGE_LOOP('',(#2413,#2414,#2415,#2416));
#578=LINE('',#3424,#824);
#579=LINE('',#3426,#825);
#580=LINE('',#3428,#826);
#581=LINE('',#3429,#827);
#582=LINE('',#3432,#828);
#583=LINE('',#3434,#829);
#584=LINE('',#3435,#830);
#585=LINE('',#3438,#831);
#586=LINE('',#3440,#832);
#587=LINE('',#3441,#833);
#588=LINE('',#3443,#834);
#589=LINE('',#3444,#835);
#590=LINE('',#3449,#836);
#591=LINE('',#3451,#837);
#592=LINE('',#3453,#838);
#593=LINE('',#3454,#839);
#594=LINE('',#3457,#840);
#595=LINE('',#3459,#841);
#596=LINE('',#3460,#842);
#597=LINE('',#3463,#843);
#598=LINE('',#3465,#844);
#599=LINE('',#3466,#845);
#600=LINE('',#3468,#846);
#601=LINE('',#3469,#847);
#602=LINE('',#3474,#848);
#603=LINE('',#3476,#849);
#604=LINE('',#3478,#850);
#605=LINE('',#3479,#851);
#606=LINE('',#3502,#852);
#607=LINE('',#3525,#853);
#608=LINE('',#3548,#854);
#609=LINE('',#3571,#855);
#610=LINE('',#3574,#856);
#611=LINE('',#3576,#857);
#612=LINE('',#3577,#858);
#613=LINE('',#3600,#859);
#614=LINE('',#3623,#860);
#615=LINE('',#3646,#861);
#616=LINE('',#3671,#862);
#617=LINE('',#3673,#863);
#618=LINE('',#3675,#864);
#619=LINE('',#3676,#865);
#620=LINE('',#3681,#866);
#621=LINE('',#3686,#867);
#622=LINE('',#3687,#868);
#623=LINE('',#3688,#869);
#624=LINE('',#3692,#870);
#625=LINE('',#3698,#871);
#626=LINE('',#3702,#872);
#627=LINE('',#3707,#873);
#628=LINE('',#3708,#874);
#629=LINE('',#3709,#875);
#630=LINE('',#3751,#876);
#631=LINE('',#3782,#877);
#632=LINE('',#3795,#878);
#633=LINE('',#3796,#879);
#634=LINE('',#3830,#880);
#635=LINE('',#3849,#881);
#636=LINE('',#3865,#882);
#637=LINE('',#3867,#883);
#638=LINE('',#3868,#884);
#639=LINE('',#3871,#885);
#640=LINE('',#3874,#886);
#641=LINE('',#3877,#887);
#642=LINE('',#3878,#888);
#643=LINE('',#3881,#889);
#644=LINE('',#3885,#890);
#645=LINE('',#3886,#891);
#646=LINE('',#3941,#892);
#647=LINE('',#3957,#893);
#648=LINE('',#3973,#894);
#649=LINE('',#3975,#895);
#650=LINE('',#3976,#896);
#651=LINE('',#4027,#897);
#652=LINE('',#4054,#898);
#653=LINE('',#4056,#899);
#654=LINE('',#4057,#900);
#655=LINE('',#4104,#901);
#656=LINE('',#4129,#902);
#657=LINE('',#4131,#903);
#658=LINE('',#4132,#904);
#659=LINE('',#4183,#905);
#660=LINE('',#4209,#906);
#661=LINE('',#4210,#907);
#662=LINE('',#4213,#908);
#663=LINE('',#4215,#909);
#664=LINE('',#4216,#910);
#665=LINE('',#4258,#911);
#666=LINE('',#4283,#912);
#667=LINE('',#4284,#913);
#668=LINE('',#4326,#914);
#669=LINE('',#4354,#915);
#670=LINE('',#4358,#916);
#671=LINE('',#4362,#917);
#672=LINE('',#4365,#918);
#673=LINE('',#4370,#919);
#674=LINE('',#4374,#920);
#675=LINE('',#4378,#921);
#676=LINE('',#4381,#922);
#677=LINE('',#4384,#923);
#678=LINE('',#4403,#924);
#679=LINE('',#4405,#925);
#680=LINE('',#4407,#926);
#681=LINE('',#4428,#927);
#682=LINE('',#4432,#928);
#683=LINE('',#4436,#929);
#684=LINE('',#4439,#930);
#685=LINE('',#4444,#931);
#686=LINE('',#4448,#932);
#687=LINE('',#4452,#933);
#688=LINE('',#4455,#934);
#689=LINE('',#4460,#935);
#690=LINE('',#4464,#936);
#691=LINE('',#4468,#937);
#692=LINE('',#4471,#938);
#693=LINE('',#4476,#939);
#694=LINE('',#4480,#940);
#695=LINE('',#4484,#941);
#696=LINE('',#4487,#942);
#697=LINE('',#4492,#943);
#698=LINE('',#4496,#944);
#699=LINE('',#4500,#945);
#700=LINE('',#4503,#946);
#701=LINE('',#4513,#947);
#702=LINE('',#4526,#948);
#703=LINE('',#4542,#949);
#704=LINE('',#4561,#950);
#705=LINE('',#4614,#951);
#706=LINE('',#4615,#952);
#707=LINE('',#4618,#953);
#708=LINE('',#4619,#954);
#709=LINE('',#4662,#955);
#710=LINE('',#4665,#956);
#711=LINE('',#4666,#957);
#712=LINE('',#4716,#958);
#713=LINE('',#4719,#959);
#714=LINE('',#4720,#960);
#715=LINE('',#4722,#961);
#716=LINE('',#4821,#962);
#717=LINE('',#4822,#963);
#718=LINE('',#4825,#964);
#719=LINE('',#4826,#965);
#720=LINE('',#4876,#966);
#721=LINE('',#4879,#967);
#722=LINE('',#4880,#968);
#723=LINE('',#4883,#969);
#724=LINE('',#4886,#970);
#725=LINE('',#4889,#971);
#726=LINE('',#4890,#972);
#727=LINE('',#4894,#973);
#728=LINE('',#4897,#974);
#729=LINE('',#4922,#975);
#730=LINE('',#4949,#976);
#731=LINE('',#4953,#977);
#732=LINE('',#4957,#978);
#733=LINE('',#4960,#979);
#734=LINE('',#4965,#980);
#735=LINE('',#4969,#981);
#736=LINE('',#4973,#982);
#737=LINE('',#4976,#983);
#738=LINE('',#4978,#984);
#739=LINE('',#4979,#985);
#740=LINE('',#4984,#986);
#741=LINE('',#4988,#987);
#742=LINE('',#4992,#988);
#743=LINE('',#4995,#989);
#744=LINE('',#5000,#990);
#745=LINE('',#5004,#991);
#746=LINE('',#5008,#992);
#747=LINE('',#5011,#993);
#748=LINE('',#5016,#994);
#749=LINE('',#5020,#995);
#750=LINE('',#5024,#996);
#751=LINE('',#5027,#997);
#752=LINE('',#5032,#998);
#753=LINE('',#5036,#999);
#754=LINE('',#5040,#1000);
#755=LINE('',#5043,#1001);
#756=LINE('',#5048,#1002);
#757=LINE('',#5052,#1003);
#758=LINE('',#5056,#1004);
#759=LINE('',#5059,#1005);
#760=LINE('',#5108,#1006);
#761=LINE('',#5109,#1007);
#762=LINE('',#5111,#1008);
#763=LINE('',#5153,#1009);
#764=LINE('',#5155,#1010);
#765=LINE('',#5157,#1011);
#766=LINE('',#5159,#1012);
#767=LINE('',#5161,#1013);
#768=LINE('',#5162,#1014);
#769=LINE('',#5164,#1015);
#770=LINE('',#5166,#1016);
#771=LINE('',#5168,#1017);
#772=LINE('',#5170,#1018);
#773=LINE('',#5172,#1019);
#774=LINE('',#5174,#1020);
#775=LINE('',#5177,#1021);
#776=LINE('',#5178,#1022);
#777=LINE('',#5180,#1023);
#778=LINE('',#5182,#1024);
#779=LINE('',#5184,#1025);
#780=LINE('',#5186,#1026);
#781=LINE('',#5188,#1027);
#782=LINE('',#5190,#1028);
#783=LINE('',#5193,#1029);
#784=LINE('',#5194,#1030);
#785=LINE('',#5196,#1031);
#786=LINE('',#5198,#1032);
#787=LINE('',#5200,#1033);
#788=LINE('',#5202,#1034);
#789=LINE('',#5204,#1035);
#790=LINE('',#5206,#1036);
#791=LINE('',#5209,#1037);
#792=LINE('',#5210,#1038);
#793=LINE('',#5212,#1039);
#794=LINE('',#5214,#1040);
#795=LINE('',#5216,#1041);
#796=LINE('',#5218,#1042);
#797=LINE('',#5220,#1043);
#798=LINE('',#5222,#1044);
#799=LINE('',#5225,#1045);
#800=LINE('',#5226,#1046);
#801=LINE('',#5228,#1047);
#802=LINE('',#5230,#1048);
#803=LINE('',#5232,#1049);
#804=LINE('',#5234,#1050);
#805=LINE('',#5236,#1051);
#806=LINE('',#5238,#1052);
#807=LINE('',#5241,#1053);
#808=LINE('',#5244,#1054);
#809=LINE('',#5245,#1055);
#810=LINE('',#5247,#1056);
#811=LINE('',#5249,#1057);
#812=LINE('',#5251,#1058);
#813=LINE('',#5253,#1059);
#814=LINE('',#5255,#1060);
#815=LINE('',#5257,#1061);
#816=LINE('',#5260,#1062);
#817=LINE('',#5261,#1063);
#818=LINE('',#5263,#1064);
#819=LINE('',#5265,#1065);
#820=LINE('',#5267,#1066);
#821=LINE('',#5269,#1067);
#822=LINE('',#5271,#1068);
#823=LINE('',#5273,#1069);
#824=VECTOR('',#2808,10.);
#825=VECTOR('',#2809,10.);
#826=VECTOR('',#2810,10.);
#827=VECTOR('',#2811,10.);
#828=VECTOR('',#2814,10.);
#829=VECTOR('',#2815,10.);
#830=VECTOR('',#2816,10.);
#831=VECTOR('',#2819,10.);
#832=VECTOR('',#2820,10.);
#833=VECTOR('',#2821,10.);
#834=VECTOR('',#2824,10.);
#835=VECTOR('',#2825,10.);
#836=VECTOR('',#2830,10.);
#837=VECTOR('',#2831,10.);
#838=VECTOR('',#2832,10.);
#839=VECTOR('',#2833,10.);
#840=VECTOR('',#2836,10.);
#841=VECTOR('',#2837,10.);
#842=VECTOR('',#2838,10.);
#843=VECTOR('',#2841,10.);
#844=VECTOR('',#2842,10.);
#845=VECTOR('',#2843,10.);
#846=VECTOR('',#2846,10.);
#847=VECTOR('',#2847,10.);
#848=VECTOR('',#2852,10.);
#849=VECTOR('',#2853,10.);
#850=VECTOR('',#2854,10.);
#851=VECTOR('',#2855,10.);
#852=VECTOR('',#2856,10.);
#853=VECTOR('',#2857,10.);
#854=VECTOR('',#2858,10.);
#855=VECTOR('',#2859,10.);
#856=VECTOR('',#2862,10.);
#857=VECTOR('',#2863,10.);
#858=VECTOR('',#2864,10.);
#859=VECTOR('',#2865,10.);
#860=VECTOR('',#2866,10.);
#861=VECTOR('',#2867,10.);
#862=VECTOR('',#2872,10.);
#863=VECTOR('',#2873,10.);
#864=VECTOR('',#2874,10.);
#865=VECTOR('',#2875,10.);
#866=VECTOR('',#2880,10.);
#867=VECTOR('',#2885,10.);
#868=VECTOR('',#2886,10.);
#869=VECTOR('',#2887,10.);
#870=VECTOR('',#2890,10.);
#871=VECTOR('',#2897,10.);
#872=VECTOR('',#2900,10.);
#873=VECTOR('',#2905,10.);
#874=VECTOR('',#2906,10.);
#875=VECTOR('',#2907,10.);
#876=VECTOR('',#2914,10.);
#877=VECTOR('',#2915,10.);
#878=VECTOR('',#2918,10.);
#879=VECTOR('',#2919,10.);
#880=VECTOR('',#2920,10.);
#881=VECTOR('',#2921,10.);
#882=VECTOR('',#2924,10.);
#883=VECTOR('',#2925,10.);
#884=VECTOR('',#2926,10.);
#885=VECTOR('',#2929,10.);
#886=VECTOR('',#2932,10.);
#887=VECTOR('',#2935,10.);
#888=VECTOR('',#2936,10.);
#889=VECTOR('',#2939,10.);
#890=VECTOR('',#2944,10.);
#891=VECTOR('',#2945,10.);
#892=VECTOR('',#2946,10.);
#893=VECTOR('',#2947,10.);
#894=VECTOR('',#2950,10.);
#895=VECTOR('',#2951,10.);
#896=VECTOR('',#2952,10.);
#897=VECTOR('',#2953,10.);
#898=VECTOR('',#2956,10.);
#899=VECTOR('',#2957,10.);
#900=VECTOR('',#2958,10.);
#901=VECTOR('',#2959,10.);
#902=VECTOR('',#2962,10.);
#903=VECTOR('',#2963,10.);
#904=VECTOR('',#2964,10.);
#905=VECTOR('',#2965,10.);
#906=VECTOR('',#2968,10.);
#907=VECTOR('',#2969,10.);
#908=VECTOR('',#2972,10.);
#909=VECTOR('',#2973,10.);
#910=VECTOR('',#2974,10.);
#911=VECTOR('',#2975,10.);
#912=VECTOR('',#2978,10.);
#913=VECTOR('',#2979,10.);
#914=VECTOR('',#2980,10.);
#915=VECTOR('',#2985,10.);
#916=VECTOR('',#2988,10.);
#917=VECTOR('',#2991,10.);
#918=VECTOR('',#2994,10.);
#919=VECTOR('',#2997,10.);
#920=VECTOR('',#3000,10.);
#921=VECTOR('',#3003,10.);
#922=VECTOR('',#3006,10.);
#923=VECTOR('',#3007,10.);
#924=VECTOR('',#3008,10.);
#925=VECTOR('',#3009,10.);
#926=VECTOR('',#3010,10.);
#927=VECTOR('',#3013,10.);
#928=VECTOR('',#3016,10.);
#929=VECTOR('',#3019,10.);
#930=VECTOR('',#3022,10.);
#931=VECTOR('',#3025,10.);
#932=VECTOR('',#3028,10.);
#933=VECTOR('',#3031,10.);
#934=VECTOR('',#3034,10.);
#935=VECTOR('',#3037,10.);
#936=VECTOR('',#3040,10.);
#937=VECTOR('',#3043,10.);
#938=VECTOR('',#3046,10.);
#939=VECTOR('',#3049,10.);
#940=VECTOR('',#3052,10.);
#941=VECTOR('',#3055,10.);
#942=VECTOR('',#3058,10.);
#943=VECTOR('',#3061,10.);
#944=VECTOR('',#3064,10.);
#945=VECTOR('',#3067,10.);
#946=VECTOR('',#3070,10.);
#947=VECTOR('',#3079,10.);
#948=VECTOR('',#3080,10.);
#949=VECTOR('',#3081,10.);
#950=VECTOR('',#3082,10.);
#951=VECTOR('',#3083,10.);
#952=VECTOR('',#3084,10.);
#953=VECTOR('',#3087,10.);
#954=VECTOR('',#3088,10.);
#955=VECTOR('',#3089,10.);
#956=VECTOR('',#3092,10.);
#957=VECTOR('',#3093,10.);
#958=VECTOR('',#3094,10.);
#959=VECTOR('',#3097,10.);
#960=VECTOR('',#3098,10.);
#961=VECTOR('',#3101,10.);
#962=VECTOR('',#3102,10.);
#963=VECTOR('',#3103,10.);
#964=VECTOR('',#3106,10.);
#965=VECTOR('',#3107,10.);
#966=VECTOR('',#3108,10.);
#967=VECTOR('',#3111,10.);
#968=VECTOR('',#3112,10.);
#969=VECTOR('',#3115,10.);
#970=VECTOR('',#3118,10.);
#971=VECTOR('',#3121,10.);
#972=VECTOR('',#3122,10.);
#973=VECTOR('',#3129,10.);
#974=VECTOR('',#3132,10.);
#975=VECTOR('',#3133,10.);
#976=VECTOR('',#3136,10.);
#977=VECTOR('',#3139,10.);
#978=VECTOR('',#3142,10.);
#979=VECTOR('',#3145,10.);
#980=VECTOR('',#3148,10.);
#981=VECTOR('',#3151,10.);
#982=VECTOR('',#3154,10.);
#983=VECTOR('',#3157,10.);
#984=VECTOR('',#3158,10.);
#985=VECTOR('',#3159,10.);
#986=VECTOR('',#3162,10.);
#987=VECTOR('',#3165,10.);
#988=VECTOR('',#3168,10.);
#989=VECTOR('',#3171,10.);
#990=VECTOR('',#3174,10.);
#991=VECTOR('',#3177,10.);
#992=VECTOR('',#3180,10.);
#993=VECTOR('',#3183,10.);
#994=VECTOR('',#3186,10.);
#995=VECTOR('',#3189,10.);
#996=VECTOR('',#3192,10.);
#997=VECTOR('',#3195,10.);
#998=VECTOR('',#3198,10.);
#999=VECTOR('',#3201,10.);
#1000=VECTOR('',#3204,10.);
#1001=VECTOR('',#3207,10.);
#1002=VECTOR('',#3210,10.);
#1003=VECTOR('',#3213,10.);
#1004=VECTOR('',#3216,10.);
#1005=VECTOR('',#3219,10.);
#1006=VECTOR('',#3228,10.);
#1007=VECTOR('',#3229,10.);
#1008=VECTOR('',#3232,10.);
#1009=VECTOR('',#3235,1.45);
#1010=VECTOR('',#3238,1.45);
#1011=VECTOR('',#3241,1.45);
#1012=VECTOR('',#3244,1.45);
#1013=VECTOR('',#3247,10.);
#1014=VECTOR('',#3248,10.);
#1015=VECTOR('',#3251,10.);
#1016=VECTOR('',#3254,10.);
#1017=VECTOR('',#3257,10.);
#1018=VECTOR('',#3260,10.);
#1019=VECTOR('',#3263,10.);
#1020=VECTOR('',#3266,10.);
#1021=VECTOR('',#3271,10.);
#1022=VECTOR('',#3272,10.);
#1023=VECTOR('',#3275,10.);
#1024=VECTOR('',#3278,10.);
#1025=VECTOR('',#3281,10.);
#1026=VECTOR('',#3284,10.);
#1027=VECTOR('',#3287,10.);
#1028=VECTOR('',#3290,10.);
#1029=VECTOR('',#3295,10.);
#1030=VECTOR('',#3296,10.);
#1031=VECTOR('',#3299,10.);
#1032=VECTOR('',#3302,10.);
#1033=VECTOR('',#3305,10.);
#1034=VECTOR('',#3308,10.);
#1035=VECTOR('',#3311,10.);
#1036=VECTOR('',#3314,10.);
#1037=VECTOR('',#3319,10.);
#1038=VECTOR('',#3320,10.);
#1039=VECTOR('',#3323,10.);
#1040=VECTOR('',#3326,10.);
#1041=VECTOR('',#3329,10.);
#1042=VECTOR('',#3332,10.);
#1043=VECTOR('',#3335,10.);
#1044=VECTOR('',#3338,10.);
#1045=VECTOR('',#3343,10.);
#1046=VECTOR('',#3344,10.);
#1047=VECTOR('',#3347,10.);
#1048=VECTOR('',#3350,10.);
#1049=VECTOR('',#3353,10.);
#1050=VECTOR('',#3356,10.);
#1051=VECTOR('',#3359,10.);
#1052=VECTOR('',#3362,10.);
#1053=VECTOR('',#3367,10.);
#1054=VECTOR('',#3372,10.);
#1055=VECTOR('',#3373,10.);
#1056=VECTOR('',#3376,10.);
#1057=VECTOR('',#3379,10.);
#1058=VECTOR('',#3382,10.);
#1059=VECTOR('',#3385,10.);
#1060=VECTOR('',#3388,10.);
#1061=VECTOR('',#3391,10.);
#1062=VECTOR('',#3396,10.);
#1063=VECTOR('',#3397,10.);
#1064=VECTOR('',#3400,10.);
#1065=VECTOR('',#3403,10.);
#1066=VECTOR('',#3406,10.);
#1067=VECTOR('',#3409,10.);
#1068=VECTOR('',#3412,10.);
#1069=VECTOR('',#3415,10.);
#1070=VERTEX_POINT('',#3422);
#1071=VERTEX_POINT('',#3423);
#1072=VERTEX_POINT('',#3425);
#1073=VERTEX_POINT('',#3427);
#1074=VERTEX_POINT('',#3431);
#1075=VERTEX_POINT('',#3433);
#1076=VERTEX_POINT('',#3437);
#1077=VERTEX_POINT('',#3439);
#1078=VERTEX_POINT('',#3447);
#1079=VERTEX_POINT('',#3448);
#1080=VERTEX_POINT('',#3450);
#1081=VERTEX_POINT('',#3452);
#1082=VERTEX_POINT('',#3456);
#1083=VERTEX_POINT('',#3458);
#1084=VERTEX_POINT('',#3462);
#1085=VERTEX_POINT('',#3464);
#1086=VERTEX_POINT('',#3472);
#1087=VERTEX_POINT('',#3473);
#1088=VERTEX_POINT('',#3475);
#1089=VERTEX_POINT('',#3477);
#1090=VERTEX_POINT('',#3490);
#1091=VERTEX_POINT('',#3496);
#1092=VERTEX_POINT('',#3513);
#1093=VERTEX_POINT('',#3519);
#1094=VERTEX_POINT('',#3536);
#1095=VERTEX_POINT('',#3542);
#1096=VERTEX_POINT('',#3559);
#1097=VERTEX_POINT('',#3565);
#1098=VERTEX_POINT('',#3573);
#1099=VERTEX_POINT('',#3575);
#1100=VERTEX_POINT('',#3588);
#1101=VERTEX_POINT('',#3594);
#1102=VERTEX_POINT('',#3611);
#1103=VERTEX_POINT('',#3617);
#1104=VERTEX_POINT('',#3634);
#1105=VERTEX_POINT('',#3640);
#1106=VERTEX_POINT('',#3669);
#1107=VERTEX_POINT('',#3670);
#1108=VERTEX_POINT('',#3672);
#1109=VERTEX_POINT('',#3674);
#1110=VERTEX_POINT('',#3678);
#1111=VERTEX_POINT('',#3680);
#1112=VERTEX_POINT('',#3684);
#1113=VERTEX_POINT('',#3685);
#1114=VERTEX_POINT('',#3690);
#1115=VERTEX_POINT('',#3691);
#1116=VERTEX_POINT('',#3696);
#1117=VERTEX_POINT('',#3697);
#1118=VERTEX_POINT('',#3699);
#1119=VERTEX_POINT('',#3701);
#1120=VERTEX_POINT('',#3705);
#1121=VERTEX_POINT('',#3706);
#1122=VERTEX_POINT('',#3729);
#1123=VERTEX_POINT('',#3746);
#1124=VERTEX_POINT('',#3768);
#1125=VERTEX_POINT('',#3781);
#1126=VERTEX_POINT('',#3788);
#1127=VERTEX_POINT('',#3829);
#1128=VERTEX_POINT('',#3831);
#1129=VERTEX_POINT('',#3848);
#1130=VERTEX_POINT('',#3864);
#1131=VERTEX_POINT('',#3866);
#1132=VERTEX_POINT('',#3870);
#1133=VERTEX_POINT('',#3872);
#1134=VERTEX_POINT('',#3876);
#1135=VERTEX_POINT('',#3880);
#1136=VERTEX_POINT('',#3884);
#1137=VERTEX_POINT('',#3939);
#1138=VERTEX_POINT('',#3940);
#1139=VERTEX_POINT('',#3942);
#1140=VERTEX_POINT('',#3956);
#1141=VERTEX_POINT('',#3972);
#1142=VERTEX_POINT('',#3974);
#1143=VERTEX_POINT('',#4025);
#1144=VERTEX_POINT('',#4026);
#1145=VERTEX_POINT('',#4053);
#1146=VERTEX_POINT('',#4055);
#1147=VERTEX_POINT('',#4102);
#1148=VERTEX_POINT('',#4103);
#1149=VERTEX_POINT('',#4128);
#1150=VERTEX_POINT('',#4130);
#1151=VERTEX_POINT('',#4181);
#1152=VERTEX_POINT('',#4182);
#1153=VERTEX_POINT('',#4212);
#1154=VERTEX_POINT('',#4214);
#1155=VERTEX_POINT('',#4257);
#1156=VERTEX_POINT('',#4282);
#1157=VERTEX_POINT('',#4325);
#1158=VERTEX_POINT('',#4350);
#1159=VERTEX_POINT('',#4351);
#1160=VERTEX_POINT('',#4353);
#1161=VERTEX_POINT('',#4355);
#1162=VERTEX_POINT('',#4357);
#1163=VERTEX_POINT('',#4359);
#1164=VERTEX_POINT('',#4361);
#1165=VERTEX_POINT('',#4363);
#1166=VERTEX_POINT('',#4366);
#1167=VERTEX_POINT('',#4367);
#1168=VERTEX_POINT('',#4369);
#1169=VERTEX_POINT('',#4371);
#1170=VERTEX_POINT('',#4373);
#1171=VERTEX_POINT('',#4375);
#1172=VERTEX_POINT('',#4377);
#1173=VERTEX_POINT('',#4379);
#1174=VERTEX_POINT('',#4382);
#1175=VERTEX_POINT('',#4383);
#1176=VERTEX_POINT('',#4385);
#1177=VERTEX_POINT('',#4402);
#1178=VERTEX_POINT('',#4404);
#1179=VERTEX_POINT('',#4406);
#1180=VERTEX_POINT('',#4424);
#1181=VERTEX_POINT('',#4425);
#1182=VERTEX_POINT('',#4427);
#1183=VERTEX_POINT('',#4429);
#1184=VERTEX_POINT('',#4431);
#1185=VERTEX_POINT('',#4433);
#1186=VERTEX_POINT('',#4435);
#1187=VERTEX_POINT('',#4437);
#1188=VERTEX_POINT('',#4440);
#1189=VERTEX_POINT('',#4441);
#1190=VERTEX_POINT('',#4443);
#1191=VERTEX_POINT('',#4445);
#1192=VERTEX_POINT('',#4447);
#1193=VERTEX_POINT('',#4449);
#1194=VERTEX_POINT('',#4451);
#1195=VERTEX_POINT('',#4453);
#1196=VERTEX_POINT('',#4456);
#1197=VERTEX_POINT('',#4457);
#1198=VERTEX_POINT('',#4459);
#1199=VERTEX_POINT('',#4461);
#1200=VERTEX_POINT('',#4463);
#1201=VERTEX_POINT('',#4465);
#1202=VERTEX_POINT('',#4467);
#1203=VERTEX_POINT('',#4469);
#1204=VERTEX_POINT('',#4472);
#1205=VERTEX_POINT('',#4473);
#1206=VERTEX_POINT('',#4475);
#1207=VERTEX_POINT('',#4477);
#1208=VERTEX_POINT('',#4479);
#1209=VERTEX_POINT('',#4481);
#1210=VERTEX_POINT('',#4483);
#1211=VERTEX_POINT('',#4485);
#1212=VERTEX_POINT('',#4488);
#1213=VERTEX_POINT('',#4489);
#1214=VERTEX_POINT('',#4491);
#1215=VERTEX_POINT('',#4493);
#1216=VERTEX_POINT('',#4495);
#1217=VERTEX_POINT('',#4497);
#1218=VERTEX_POINT('',#4499);
#1219=VERTEX_POINT('',#4501);
#1220=VERTEX_POINT('',#4504);
#1221=VERTEX_POINT('',#4506);
#1222=VERTEX_POINT('',#4508);
#1223=VERTEX_POINT('',#4510);
#1224=VERTEX_POINT('',#4512);
#1225=VERTEX_POINT('',#4514);
#1226=VERTEX_POINT('',#4525);
#1227=VERTEX_POINT('',#4527);
#1228=VERTEX_POINT('',#4541);
#1229=VERTEX_POINT('',#4543);
#1230=VERTEX_POINT('',#4560);
#1231=VERTEX_POINT('',#4602);
#1232=VERTEX_POINT('',#4603);
#1233=VERTEX_POINT('',#4617);
#1234=VERTEX_POINT('',#4648);
#1235=VERTEX_POINT('',#4664);
#1236=VERTEX_POINT('',#4699);
#1237=VERTEX_POINT('',#4718);
#1238=VERTEX_POINT('',#4803);
#1239=VERTEX_POINT('',#4804);
#1240=VERTEX_POINT('',#4824);
#1241=VERTEX_POINT('',#4859);
#1242=VERTEX_POINT('',#4878);
#1243=VERTEX_POINT('',#4882);
#1244=VERTEX_POINT('',#4884);
#1245=VERTEX_POINT('',#4888);
#1246=VERTEX_POINT('',#4896);
#1247=VERTEX_POINT('',#4898);
#1248=VERTEX_POINT('',#4921);
#1249=VERTEX_POINT('',#4945);
#1250=VERTEX_POINT('',#4946);
#1251=VERTEX_POINT('',#4948);
#1252=VERTEX_POINT('',#4950);
#1253=VERTEX_POINT('',#4952);
#1254=VERTEX_POINT('',#4954);
#1255=VERTEX_POINT('',#4956);
#1256=VERTEX_POINT('',#4958);
#1257=VERTEX_POINT('',#4961);
#1258=VERTEX_POINT('',#4962);
#1259=VERTEX_POINT('',#4964);
#1260=VERTEX_POINT('',#4966);
#1261=VERTEX_POINT('',#4968);
#1262=VERTEX_POINT('',#4970);
#1263=VERTEX_POINT('',#4972);
#1264=VERTEX_POINT('',#4974);
#1265=VERTEX_POINT('',#4977);
#1266=VERTEX_POINT('',#4980);
#1267=VERTEX_POINT('',#4981);
#1268=VERTEX_POINT('',#4983);
#1269=VERTEX_POINT('',#4985);
#1270=VERTEX_POINT('',#4987);
#1271=VERTEX_POINT('',#4989);
#1272=VERTEX_POINT('',#4991);
#1273=VERTEX_POINT('',#4993);
#1274=VERTEX_POINT('',#4996);
#1275=VERTEX_POINT('',#4997);
#1276=VERTEX_POINT('',#4999);
#1277=VERTEX_POINT('',#5001);
#1278=VERTEX_POINT('',#5003);
#1279=VERTEX_POINT('',#5005);
#1280=VERTEX_POINT('',#5007);
#1281=VERTEX_POINT('',#5009);
#1282=VERTEX_POINT('',#5012);
#1283=VERTEX_POINT('',#5013);
#1284=VERTEX_POINT('',#5015);
#1285=VERTEX_POINT('',#5017);
#1286=VERTEX_POINT('',#5019);
#1287=VERTEX_POINT('',#5021);
#1288=VERTEX_POINT('',#5023);
#1289=VERTEX_POINT('',#5025);
#1290=VERTEX_POINT('',#5028);
#1291=VERTEX_POINT('',#5029);
#1292=VERTEX_POINT('',#5031);
#1293=VERTEX_POINT('',#5033);
#1294=VERTEX_POINT('',#5035);
#1295=VERTEX_POINT('',#5037);
#1296=VERTEX_POINT('',#5039);
#1297=VERTEX_POINT('',#5041);
#1298=VERTEX_POINT('',#5044);
#1299=VERTEX_POINT('',#5045);
#1300=VERTEX_POINT('',#5047);
#1301=VERTEX_POINT('',#5049);
#1302=VERTEX_POINT('',#5051);
#1303=VERTEX_POINT('',#5053);
#1304=VERTEX_POINT('',#5055);
#1305=VERTEX_POINT('',#5057);
#1306=VERTEX_POINT('',#5060);
#1307=VERTEX_POINT('',#5062);
#1308=VERTEX_POINT('',#5064);
#1309=VERTEX_POINT('',#5066);
#1310=EDGE_CURVE('',#1070,#1071,#578,.T.);
#1311=EDGE_CURVE('',#1070,#1072,#579,.T.);
#1312=EDGE_CURVE('',#1073,#1072,#580,.T.);
#1313=EDGE_CURVE('',#1071,#1073,#581,.T.);
#1314=EDGE_CURVE('',#1071,#1074,#582,.T.);
#1315=EDGE_CURVE('',#1075,#1073,#583,.T.);
#1316=EDGE_CURVE('',#1074,#1075,#584,.T.);
#1317=EDGE_CURVE('',#1074,#1076,#585,.T.);
#1318=EDGE_CURVE('',#1077,#1075,#586,.T.);
#1319=EDGE_CURVE('',#1076,#1077,#587,.T.);
#1320=EDGE_CURVE('',#1076,#1070,#588,.T.);
#1321=EDGE_CURVE('',#1072,#1077,#589,.T.);
#1322=EDGE_CURVE('',#1078,#1079,#590,.T.);
#1323=EDGE_CURVE('',#1078,#1080,#591,.T.);
#1324=EDGE_CURVE('',#1081,#1080,#592,.T.);
#1325=EDGE_CURVE('',#1079,#1081,#593,.T.);
#1326=EDGE_CURVE('',#1079,#1082,#594,.T.);
#1327=EDGE_CURVE('',#1083,#1081,#595,.T.);
#1328=EDGE_CURVE('',#1082,#1083,#596,.T.);
#1329=EDGE_CURVE('',#1082,#1084,#597,.T.);
#1330=EDGE_CURVE('',#1085,#1083,#598,.T.);
#1331=EDGE_CURVE('',#1084,#1085,#599,.T.);
#1332=EDGE_CURVE('',#1084,#1078,#600,.T.);
#1333=EDGE_CURVE('',#1080,#1085,#601,.T.);
#1334=EDGE_CURVE('',#1086,#1087,#602,.T.);
#1335=EDGE_CURVE('',#1086,#1088,#603,.T.);
#1336=EDGE_CURVE('',#1089,#1088,#604,.T.);
#1337=EDGE_CURVE('',#1087,#1089,#605,.T.);
#1338=EDGE_CURVE('',#1087,#1090,#210,.T.);
#1339=EDGE_CURVE('',#1091,#1089,#211,.T.);
#1340=EDGE_CURVE('',#1090,#1091,#606,.T.);
#1341=EDGE_CURVE('',#1090,#1092,#212,.T.);
#1342=EDGE_CURVE('',#1093,#1091,#213,.T.);
#1343=EDGE_CURVE('',#1092,#1093,#607,.T.);
#1344=EDGE_CURVE('',#1092,#1094,#214,.T.);
#1345=EDGE_CURVE('',#1095,#1093,#215,.T.);
#1346=EDGE_CURVE('',#1094,#1095,#608,.T.);
#1347=EDGE_CURVE('',#1094,#1096,#216,.T.);
#1348=EDGE_CURVE('',#1097,#1095,#217,.T.);
#1349=EDGE_CURVE('',#1096,#1097,#609,.T.);
#1350=EDGE_CURVE('',#1096,#1098,#610,.T.);
#1351=EDGE_CURVE('',#1099,#1097,#611,.T.);
#1352=EDGE_CURVE('',#1098,#1099,#612,.T.);
#1353=EDGE_CURVE('',#1098,#1100,#218,.T.);
#1354=EDGE_CURVE('',#1101,#1099,#219,.T.);
#1355=EDGE_CURVE('',#1100,#1101,#613,.T.);
#1356=EDGE_CURVE('',#1100,#1102,#220,.T.);
#1357=EDGE_CURVE('',#1103,#1101,#221,.T.);
#1358=EDGE_CURVE('',#1102,#1103,#614,.T.);
#1359=EDGE_CURVE('',#1102,#1104,#222,.T.);
#1360=EDGE_CURVE('',#1105,#1103,#223,.T.);
#1361=EDGE_CURVE('',#1104,#1105,#615,.T.);
#1362=EDGE_CURVE('',#1104,#1086,#224,.T.);
#1363=EDGE_CURVE('',#1088,#1105,#225,.T.);
#1364=EDGE_CURVE('',#1106,#1107,#616,.T.);
#1365=EDGE_CURVE('',#1107,#1108,#617,.T.);
#1366=EDGE_CURVE('',#1108,#1109,#618,.T.);
#1367=EDGE_CURVE('',#1109,#1106,#619,.T.);
#1368=EDGE_CURVE('',#1106,#1110,#130,.T.);
#1369=EDGE_CURVE('',#1110,#1111,#620,.T.);
#1370=EDGE_CURVE('',#1111,#1107,#131,.T.);
#1371=EDGE_CURVE('',#1112,#1113,#621,.T.);
#1372=EDGE_CURVE('',#1113,#1111,#622,.T.);
#1373=EDGE_CURVE('',#1110,#1112,#623,.T.);
#1374=EDGE_CURVE('',#1114,#1115,#624,.T.);
#1375=EDGE_CURVE('',#1115,#1113,#132,.T.);
#1376=EDGE_CURVE('',#1112,#1114,#133,.T.);
#1377=EDGE_CURVE('',#1116,#1117,#625,.T.);
#1378=EDGE_CURVE('',#1117,#1118,#134,.T.);
#1379=EDGE_CURVE('',#1118,#1119,#626,.T.);
#1380=EDGE_CURVE('',#1119,#1116,#135,.T.);
#1381=EDGE_CURVE('',#1120,#1121,#627,.T.);
#1382=EDGE_CURVE('',#1121,#1119,#628,.T.);
#1383=EDGE_CURVE('',#1118,#1120,#629,.T.);
#1384=EDGE_CURVE('',#1120,#1109,#136,.T.);
#1385=EDGE_CURVE('',#1108,#1121,#137,.T.);
#1386=EDGE_CURVE('',#1122,#1115,#226,.T.);
#1387=EDGE_CURVE('',#1114,#1123,#227,.T.);
#1388=EDGE_CURVE('',#1123,#1122,#630,.T.);
#1389=EDGE_CURVE('',#1116,#1124,#228,.T.);
#1390=EDGE_CURVE('',#1124,#1125,#631,.T.);
#1391=EDGE_CURVE('',#1125,#1117,#229,.T.);
#1392=EDGE_CURVE('',#1126,#1122,#230,.T.);
#1393=EDGE_CURVE('',#1123,#1125,#632,.T.);
#1394=EDGE_CURVE('',#1124,#1126,#633,.T.);
#1395=EDGE_CURVE('',#1126,#1127,#634,.T.);
#1396=EDGE_CURVE('',#1127,#1128,#231,.T.);
#1397=EDGE_CURVE('',#1128,#1129,#635,.T.);
#1398=EDGE_CURVE('',#1129,#1115,#232,.T.);
#1399=EDGE_CURVE('',#1130,#1116,#636,.T.);
#1400=EDGE_CURVE('',#1131,#1130,#637,.T.);
#1401=EDGE_CURVE('',#1131,#1127,#638,.T.);
#1402=EDGE_CURVE('',#1106,#1132,#639,.T.);
#1403=EDGE_CURVE('',#1132,#1133,#138,.T.);
#1404=EDGE_CURVE('',#1133,#1110,#640,.T.);
#1405=EDGE_CURVE('',#1134,#1109,#641,.T.);
#1406=EDGE_CURVE('',#1134,#1132,#642,.T.);
#1407=EDGE_CURVE('',#1120,#1135,#643,.T.);
#1408=EDGE_CURVE('',#1135,#1134,#139,.T.);
#1409=EDGE_CURVE('',#1136,#1118,#644,.T.);
#1410=EDGE_CURVE('',#1136,#1135,#645,.T.);
#1411=EDGE_CURVE('',#1137,#1138,#646,.T.);
#1412=EDGE_CURVE('',#1138,#1139,#233,.T.);
#1413=EDGE_CURVE('',#1139,#1140,#647,.T.);
#1414=EDGE_CURVE('',#1140,#1137,#234,.T.);
#1415=EDGE_CURVE('',#1137,#1141,#648,.T.);
#1416=EDGE_CURVE('',#1141,#1142,#649,.T.);
#1417=EDGE_CURVE('',#1142,#1138,#650,.T.);
#1418=EDGE_CURVE('',#1143,#1144,#651,.T.);
#1419=EDGE_CURVE('',#1144,#1142,#235,.T.);
#1420=EDGE_CURVE('',#1141,#1143,#236,.T.);
#1421=EDGE_CURVE('',#1143,#1145,#652,.T.);
#1422=EDGE_CURVE('',#1145,#1146,#653,.T.);
#1423=EDGE_CURVE('',#1146,#1144,#654,.T.);
#1424=EDGE_CURVE('',#1147,#1148,#655,.T.);
#1425=EDGE_CURVE('',#1148,#1146,#237,.T.);
#1426=EDGE_CURVE('',#1145,#1147,#238,.T.);
#1427=EDGE_CURVE('',#1147,#1149,#656,.T.);
#1428=EDGE_CURVE('',#1149,#1150,#657,.T.);
#1429=EDGE_CURVE('',#1150,#1148,#658,.T.);
#1430=EDGE_CURVE('',#1151,#1152,#659,.T.);
#1431=EDGE_CURVE('',#1152,#1150,#239,.T.);
#1432=EDGE_CURVE('',#1149,#1151,#240,.T.);
#1433=EDGE_CURVE('',#1151,#1140,#660,.T.);
#1434=EDGE_CURVE('',#1139,#1152,#661,.T.);
#1435=EDGE_CURVE('',#1153,#1150,#662,.T.);
#1436=EDGE_CURVE('',#1153,#1154,#663,.T.);
#1437=EDGE_CURVE('',#1148,#1154,#664,.T.);
#1438=EDGE_CURVE('',#1152,#1155,#665,.T.);
#1439=EDGE_CURVE('',#1155,#1153,#241,.T.);
#1440=EDGE_CURVE('',#1156,#1139,#666,.T.);
#1441=EDGE_CURVE('',#1156,#1155,#667,.T.);
#1442=EDGE_CURVE('',#1138,#1157,#668,.T.);
#1443=EDGE_CURVE('',#1157,#1156,#242,.T.);
#1444=EDGE_CURVE('',#1158,#1159,#140,.T.);
#1445=EDGE_CURVE('',#1159,#1160,#669,.T.);
#1446=EDGE_CURVE('',#1160,#1161,#141,.T.);
#1447=EDGE_CURVE('',#1161,#1162,#670,.T.);
#1448=EDGE_CURVE('',#1162,#1163,#142,.T.);
#1449=EDGE_CURVE('',#1163,#1164,#671,.T.);
#1450=EDGE_CURVE('',#1164,#1165,#143,.T.);
#1451=EDGE_CURVE('',#1165,#1158,#672,.T.);
#1452=EDGE_CURVE('',#1166,#1167,#144,.T.);
#1453=EDGE_CURVE('',#1167,#1168,#673,.T.);
#1454=EDGE_CURVE('',#1168,#1169,#145,.T.);
#1455=EDGE_CURVE('',#1169,#1170,#674,.T.);
#1456=EDGE_CURVE('',#1170,#1171,#146,.T.);
#1457=EDGE_CURVE('',#1171,#1172,#675,.T.);
#1458=EDGE_CURVE('',#1172,#1173,#147,.T.);
#1459=EDGE_CURVE('',#1173,#1166,#676,.T.);
#1460=EDGE_CURVE('',#1174,#1175,#677,.T.);
#1461=EDGE_CURVE('',#1176,#1175,#243,.T.);
#1462=EDGE_CURVE('',#1176,#1177,#678,.T.);
#1463=EDGE_CURVE('',#1177,#1178,#679,.T.);
#1464=EDGE_CURVE('',#1178,#1179,#680,.T.);
#1465=EDGE_CURVE('',#1174,#1179,#244,.T.);
#1466=EDGE_CURVE('',#1180,#1181,#148,.T.);
#1467=EDGE_CURVE('',#1181,#1182,#681,.T.);
#1468=EDGE_CURVE('',#1182,#1183,#149,.T.);
#1469=EDGE_CURVE('',#1183,#1184,#682,.T.);
#1470=EDGE_CURVE('',#1184,#1185,#150,.T.);
#1471=EDGE_CURVE('',#1185,#1186,#683,.T.);
#1472=EDGE_CURVE('',#1186,#1187,#151,.T.);
#1473=EDGE_CURVE('',#1187,#1180,#684,.T.);
#1474=EDGE_CURVE('',#1188,#1189,#152,.T.);
#1475=EDGE_CURVE('',#1189,#1190,#685,.T.);
#1476=EDGE_CURVE('',#1190,#1191,#153,.T.);
#1477=EDGE_CURVE('',#1191,#1192,#686,.T.);
#1478=EDGE_CURVE('',#1192,#1193,#154,.T.);
#1479=EDGE_CURVE('',#1193,#1194,#687,.T.);
#1480=EDGE_CURVE('',#1194,#1195,#155,.T.);
#1481=EDGE_CURVE('',#1195,#1188,#688,.T.);
#1482=EDGE_CURVE('',#1196,#1197,#156,.T.);
#1483=EDGE_CURVE('',#1197,#1198,#689,.T.);
#1484=EDGE_CURVE('',#1198,#1199,#157,.T.);
#1485=EDGE_CURVE('',#1199,#1200,#690,.T.);
#1486=EDGE_CURVE('',#1200,#1201,#158,.T.);
#1487=EDGE_CURVE('',#1201,#1202,#691,.T.);
#1488=EDGE_CURVE('',#1202,#1203,#159,.T.);
#1489=EDGE_CURVE('',#1203,#1196,#692,.T.);
#1490=EDGE_CURVE('',#1204,#1205,#160,.T.);
#1491=EDGE_CURVE('',#1205,#1206,#693,.T.);
#1492=EDGE_CURVE('',#1206,#1207,#161,.T.);
#1493=EDGE_CURVE('',#1207,#1208,#694,.T.);
#1494=EDGE_CURVE('',#1208,#1209,#162,.T.);
#1495=EDGE_CURVE('',#1209,#1210,#695,.T.);
#1496=EDGE_CURVE('',#1210,#1211,#163,.T.);
#1497=EDGE_CURVE('',#1211,#1204,#696,.T.);
#1498=EDGE_CURVE('',#1212,#1213,#164,.T.);
#1499=EDGE_CURVE('',#1213,#1214,#697,.T.);
#1500=EDGE_CURVE('',#1214,#1215,#165,.T.);
#1501=EDGE_CURVE('',#1215,#1216,#698,.T.);
#1502=EDGE_CURVE('',#1216,#1217,#166,.T.);
#1503=EDGE_CURVE('',#1217,#1218,#699,.T.);
#1504=EDGE_CURVE('',#1218,#1219,#167,.T.);
#1505=EDGE_CURVE('',#1219,#1212,#700,.T.);
#1506=EDGE_CURVE('',#1220,#1220,#168,.T.);
#1507=EDGE_CURVE('',#1221,#1221,#169,.T.);
#1508=EDGE_CURVE('',#1222,#1222,#170,.T.);
#1509=EDGE_CURVE('',#1223,#1223,#171,.T.);
#1510=EDGE_CURVE('',#1129,#1224,#701,.T.);
#1511=EDGE_CURVE('',#1225,#1224,#245,.T.);
#1512=EDGE_CURVE('',#1225,#1226,#702,.T.);
#1513=EDGE_CURVE('',#1227,#1226,#246,.T.);
#1514=EDGE_CURVE('',#1227,#1228,#703,.T.);
#1515=EDGE_CURVE('',#1229,#1228,#247,.T.);
#1516=EDGE_CURVE('',#1229,#1230,#704,.T.);
#1517=EDGE_CURVE('',#1130,#1230,#248,.T.);
#1518=EDGE_CURVE('',#1231,#1232,#249,.T.);
#1519=EDGE_CURVE('',#1232,#1225,#705,.T.);
#1520=EDGE_CURVE('',#1224,#1231,#706,.T.);
#1521=EDGE_CURVE('',#1232,#1233,#707,.T.);
#1522=EDGE_CURVE('',#1226,#1233,#708,.T.);
#1523=EDGE_CURVE('',#1233,#1234,#250,.T.);
#1524=EDGE_CURVE('',#1234,#1227,#709,.T.);
#1525=EDGE_CURVE('',#1234,#1235,#710,.T.);
#1526=EDGE_CURVE('',#1228,#1235,#711,.T.);
#1527=EDGE_CURVE('',#1235,#1236,#251,.T.);
#1528=EDGE_CURVE('',#1236,#1229,#712,.T.);
#1529=EDGE_CURVE('',#1236,#1237,#713,.T.);
#1530=EDGE_CURVE('',#1230,#1237,#714,.T.);
#1531=EDGE_CURVE('',#1128,#1231,#715,.T.);
#1532=EDGE_CURVE('',#1237,#1131,#252,.T.);
#1533=EDGE_CURVE('',#1238,#1239,#253,.T.);
#1534=EDGE_CURVE('',#1239,#1174,#716,.T.);
#1535=EDGE_CURVE('',#1179,#1238,#717,.T.);
#1536=EDGE_CURVE('',#1239,#1240,#718,.T.);
#1537=EDGE_CURVE('',#1175,#1240,#719,.T.);
#1538=EDGE_CURVE('',#1240,#1241,#254,.T.);
#1539=EDGE_CURVE('',#1241,#1176,#720,.T.);
#1540=EDGE_CURVE('',#1241,#1242,#721,.T.);
#1541=EDGE_CURVE('',#1242,#1177,#722,.T.);
#1542=EDGE_CURVE('',#1112,#1243,#723,.T.);
#1543=EDGE_CURVE('',#1243,#1244,#172,.T.);
#1544=EDGE_CURVE('',#1244,#1123,#724,.T.);
#1545=EDGE_CURVE('',#1244,#1245,#725,.T.);
#1546=EDGE_CURVE('',#1125,#1245,#726,.T.);
#1547=EDGE_CURVE('',#1245,#1136,#173,.T.);
#1548=EDGE_CURVE('',#1133,#1243,#727,.T.);
#1549=EDGE_CURVE('',#1246,#1157,#728,.T.);
#1550=EDGE_CURVE('',#1247,#1246,#255,.T.);
#1551=EDGE_CURVE('',#1248,#1247,#729,.T.);
#1552=EDGE_CURVE('',#1154,#1248,#256,.T.);
#1553=EDGE_CURVE('',#1249,#1250,#174,.T.);
#1554=EDGE_CURVE('',#1251,#1249,#730,.T.);
#1555=EDGE_CURVE('',#1252,#1251,#175,.T.);
#1556=EDGE_CURVE('',#1253,#1252,#731,.T.);
#1557=EDGE_CURVE('',#1254,#1253,#176,.T.);
#1558=EDGE_CURVE('',#1255,#1254,#732,.T.);
#1559=EDGE_CURVE('',#1256,#1255,#177,.T.);
#1560=EDGE_CURVE('',#1250,#1256,#733,.T.);
#1561=EDGE_CURVE('',#1257,#1258,#178,.T.);
#1562=EDGE_CURVE('',#1259,#1257,#734,.T.);
#1563=EDGE_CURVE('',#1260,#1259,#179,.T.);
#1564=EDGE_CURVE('',#1261,#1260,#735,.T.);
#1565=EDGE_CURVE('',#1262,#1261,#180,.T.);
#1566=EDGE_CURVE('',#1263,#1262,#736,.T.);
#1567=EDGE_CURVE('',#1264,#1263,#181,.T.);
#1568=EDGE_CURVE('',#1258,#1264,#737,.T.);
#1569=EDGE_CURVE('',#1265,#1238,#738,.T.);
#1570=EDGE_CURVE('',#1242,#1265,#739,.T.);
#1571=EDGE_CURVE('',#1266,#1267,#182,.T.);
#1572=EDGE_CURVE('',#1268,#1266,#740,.T.);
#1573=EDGE_CURVE('',#1269,#1268,#183,.T.);
#1574=EDGE_CURVE('',#1270,#1269,#741,.T.);
#1575=EDGE_CURVE('',#1271,#1270,#184,.T.);
#1576=EDGE_CURVE('',#1272,#1271,#742,.T.);
#1577=EDGE_CURVE('',#1273,#1272,#185,.T.);
#1578=EDGE_CURVE('',#1267,#1273,#743,.T.);
#1579=EDGE_CURVE('',#1274,#1275,#186,.T.);
#1580=EDGE_CURVE('',#1276,#1274,#744,.T.);
#1581=EDGE_CURVE('',#1277,#1276,#187,.T.);
#1582=EDGE_CURVE('',#1278,#1277,#745,.T.);
#1583=EDGE_CURVE('',#1279,#1278,#188,.T.);
#1584=EDGE_CURVE('',#1280,#1279,#746,.T.);
#1585=EDGE_CURVE('',#1281,#1280,#189,.T.);
#1586=EDGE_CURVE('',#1275,#1281,#747,.T.);
#1587=EDGE_CURVE('',#1282,#1283,#190,.T.);
#1588=EDGE_CURVE('',#1284,#1282,#748,.T.);
#1589=EDGE_CURVE('',#1285,#1284,#191,.T.);
#1590=EDGE_CURVE('',#1286,#1285,#749,.T.);
#1591=EDGE_CURVE('',#1287,#1286,#192,.T.);
#1592=EDGE_CURVE('',#1288,#1287,#750,.T.);
#1593=EDGE_CURVE('',#1289,#1288,#193,.T.);
#1594=EDGE_CURVE('',#1283,#1289,#751,.T.);
#1595=EDGE_CURVE('',#1290,#1291,#194,.T.);
#1596=EDGE_CURVE('',#1292,#1290,#752,.T.);
#1597=EDGE_CURVE('',#1293,#1292,#195,.T.);
#1598=EDGE_CURVE('',#1294,#1293,#753,.T.);
#1599=EDGE_CURVE('',#1295,#1294,#196,.T.);
#1600=EDGE_CURVE('',#1296,#1295,#754,.T.);
#1601=EDGE_CURVE('',#1297,#1296,#197,.T.);
#1602=EDGE_CURVE('',#1291,#1297,#755,.T.);
#1603=EDGE_CURVE('',#1298,#1299,#198,.T.);
#1604=EDGE_CURVE('',#1300,#1298,#756,.T.);
#1605=EDGE_CURVE('',#1301,#1300,#199,.T.);
#1606=EDGE_CURVE('',#1302,#1301,#757,.T.);
#1607=EDGE_CURVE('',#1303,#1302,#200,.T.);
#1608=EDGE_CURVE('',#1304,#1303,#758,.T.);
#1609=EDGE_CURVE('',#1305,#1304,#201,.T.);
#1610=EDGE_CURVE('',#1299,#1305,#759,.T.);
#1611=EDGE_CURVE('',#1306,#1306,#202,.T.);
#1612=EDGE_CURVE('',#1307,#1307,#203,.T.);
#1613=EDGE_CURVE('',#1308,#1308,#204,.T.);
#1614=EDGE_CURVE('',#1309,#1309,#205,.T.);
#1615=EDGE_CURVE('',#1144,#1247,#760,.T.);
#1616=EDGE_CURVE('',#1246,#1142,#761,.T.);
#1617=EDGE_CURVE('',#1248,#1146,#762,.T.);
#1618=EDGE_CURVE('',#1223,#1309,#763,.T.);
#1619=EDGE_CURVE('',#1222,#1308,#764,.T.);
#1620=EDGE_CURVE('',#1221,#1307,#765,.T.);
#1621=EDGE_CURVE('',#1220,#1306,#766,.T.);
#1622=EDGE_CURVE('',#1298,#1212,#767,.T.);
#1623=EDGE_CURVE('',#1300,#1219,#768,.T.);
#1624=EDGE_CURVE('',#1301,#1218,#769,.T.);
#1625=EDGE_CURVE('',#1302,#1217,#770,.T.);
#1626=EDGE_CURVE('',#1303,#1216,#771,.T.);
#1627=EDGE_CURVE('',#1304,#1215,#772,.T.);
#1628=EDGE_CURVE('',#1305,#1214,#773,.T.);
#1629=EDGE_CURVE('',#1299,#1213,#774,.T.);
#1630=EDGE_CURVE('',#1290,#1204,#775,.T.);
#1631=EDGE_CURVE('',#1292,#1211,#776,.T.);
#1632=EDGE_CURVE('',#1293,#1210,#777,.T.);
#1633=EDGE_CURVE('',#1294,#1209,#778,.T.);
#1634=EDGE_CURVE('',#1295,#1208,#779,.T.);
#1635=EDGE_CURVE('',#1296,#1207,#780,.T.);
#1636=EDGE_CURVE('',#1297,#1206,#781,.T.);
#1637=EDGE_CURVE('',#1291,#1205,#782,.T.);
#1638=EDGE_CURVE('',#1282,#1196,#783,.T.);
#1639=EDGE_CURVE('',#1284,#1203,#784,.T.);
#1640=EDGE_CURVE('',#1285,#1202,#785,.T.);
#1641=EDGE_CURVE('',#1286,#1201,#786,.T.);
#1642=EDGE_CURVE('',#1287,#1200,#787,.T.);
#1643=EDGE_CURVE('',#1288,#1199,#788,.T.);
#1644=EDGE_CURVE('',#1289,#1198,#789,.T.);
#1645=EDGE_CURVE('',#1283,#1197,#790,.T.);
#1646=EDGE_CURVE('',#1274,#1188,#791,.T.);
#1647=EDGE_CURVE('',#1276,#1195,#792,.T.);
#1648=EDGE_CURVE('',#1277,#1194,#793,.T.);
#1649=EDGE_CURVE('',#1278,#1193,#794,.T.);
#1650=EDGE_CURVE('',#1279,#1192,#795,.T.);
#1651=EDGE_CURVE('',#1280,#1191,#796,.T.);
#1652=EDGE_CURVE('',#1281,#1190,#797,.T.);
#1653=EDGE_CURVE('',#1275,#1189,#798,.T.);
#1654=EDGE_CURVE('',#1266,#1180,#799,.T.);
#1655=EDGE_CURVE('',#1268,#1187,#800,.T.);
#1656=EDGE_CURVE('',#1269,#1186,#801,.T.);
#1657=EDGE_CURVE('',#1270,#1185,#802,.T.);
#1658=EDGE_CURVE('',#1271,#1184,#803,.T.);
#1659=EDGE_CURVE('',#1272,#1183,#804,.T.);
#1660=EDGE_CURVE('',#1273,#1182,#805,.T.);
#1661=EDGE_CURVE('',#1267,#1181,#806,.T.);
#1662=EDGE_CURVE('',#1265,#1178,#807,.T.);
#1663=EDGE_CURVE('',#1257,#1166,#808,.T.);
#1664=EDGE_CURVE('',#1259,#1173,#809,.T.);
#1665=EDGE_CURVE('',#1260,#1172,#810,.T.);
#1666=EDGE_CURVE('',#1261,#1171,#811,.T.);
#1667=EDGE_CURVE('',#1262,#1170,#812,.T.);
#1668=EDGE_CURVE('',#1263,#1169,#813,.T.);
#1669=EDGE_CURVE('',#1264,#1168,#814,.T.);
#1670=EDGE_CURVE('',#1258,#1167,#815,.T.);
#1671=EDGE_CURVE('',#1249,#1158,#816,.T.);
#1672=EDGE_CURVE('',#1251,#1165,#817,.T.);
#1673=EDGE_CURVE('',#1252,#1164,#818,.T.);
#1674=EDGE_CURVE('',#1253,#1163,#819,.T.);
#1675=EDGE_CURVE('',#1254,#1162,#820,.T.);
#1676=EDGE_CURVE('',#1255,#1161,#821,.T.);
#1677=EDGE_CURVE('',#1256,#1160,#822,.T.);
#1678=EDGE_CURVE('',#1250,#1159,#823,.T.);
#1679=ORIENTED_EDGE('',*,*,#1310,.F.);
#1680=ORIENTED_EDGE('',*,*,#1311,.T.);
#1681=ORIENTED_EDGE('',*,*,#1312,.F.);
#1682=ORIENTED_EDGE('',*,*,#1313,.F.);
#1683=ORIENTED_EDGE('',*,*,#1314,.F.);
#1684=ORIENTED_EDGE('',*,*,#1313,.T.);
#1685=ORIENTED_EDGE('',*,*,#1315,.F.);
#1686=ORIENTED_EDGE('',*,*,#1316,.F.);
#1687=ORIENTED_EDGE('',*,*,#1317,.F.);
#1688=ORIENTED_EDGE('',*,*,#1316,.T.);
#1689=ORIENTED_EDGE('',*,*,#1318,.F.);
#1690=ORIENTED_EDGE('',*,*,#1319,.F.);
#1691=ORIENTED_EDGE('',*,*,#1320,.F.);
#1692=ORIENTED_EDGE('',*,*,#1319,.T.);
#1693=ORIENTED_EDGE('',*,*,#1321,.F.);
#1694=ORIENTED_EDGE('',*,*,#1311,.F.);
#1695=ORIENTED_EDGE('',*,*,#1321,.T.);
#1696=ORIENTED_EDGE('',*,*,#1318,.T.);
#1697=ORIENTED_EDGE('',*,*,#1315,.T.);
#1698=ORIENTED_EDGE('',*,*,#1312,.T.);
#1699=ORIENTED_EDGE('',*,*,#1322,.F.);
#1700=ORIENTED_EDGE('',*,*,#1323,.T.);
#1701=ORIENTED_EDGE('',*,*,#1324,.F.);
#1702=ORIENTED_EDGE('',*,*,#1325,.F.);
#1703=ORIENTED_EDGE('',*,*,#1326,.F.);
#1704=ORIENTED_EDGE('',*,*,#1325,.T.);
#1705=ORIENTED_EDGE('',*,*,#1327,.F.);
#1706=ORIENTED_EDGE('',*,*,#1328,.F.);
#1707=ORIENTED_EDGE('',*,*,#1329,.F.);
#1708=ORIENTED_EDGE('',*,*,#1328,.T.);
#1709=ORIENTED_EDGE('',*,*,#1330,.F.);
#1710=ORIENTED_EDGE('',*,*,#1331,.F.);
#1711=ORIENTED_EDGE('',*,*,#1332,.F.);
#1712=ORIENTED_EDGE('',*,*,#1331,.T.);
#1713=ORIENTED_EDGE('',*,*,#1333,.F.);
#1714=ORIENTED_EDGE('',*,*,#1323,.F.);
#1715=ORIENTED_EDGE('',*,*,#1333,.T.);
#1716=ORIENTED_EDGE('',*,*,#1330,.T.);
#1717=ORIENTED_EDGE('',*,*,#1327,.T.);
#1718=ORIENTED_EDGE('',*,*,#1324,.T.);
#1719=ORIENTED_EDGE('',*,*,#1334,.F.);
#1720=ORIENTED_EDGE('',*,*,#1335,.T.);
#1721=ORIENTED_EDGE('',*,*,#1336,.F.);
#1722=ORIENTED_EDGE('',*,*,#1337,.F.);
#1723=ORIENTED_EDGE('',*,*,#1338,.F.);
#1724=ORIENTED_EDGE('',*,*,#1337,.T.);
#1725=ORIENTED_EDGE('',*,*,#1339,.F.);
#1726=ORIENTED_EDGE('',*,*,#1340,.F.);
#1727=ORIENTED_EDGE('',*,*,#1341,.F.);
#1728=ORIENTED_EDGE('',*,*,#1340,.T.);
#1729=ORIENTED_EDGE('',*,*,#1342,.F.);
#1730=ORIENTED_EDGE('',*,*,#1343,.F.);
#1731=ORIENTED_EDGE('',*,*,#1344,.F.);
#1732=ORIENTED_EDGE('',*,*,#1343,.T.);
#1733=ORIENTED_EDGE('',*,*,#1345,.F.);
#1734=ORIENTED_EDGE('',*,*,#1346,.F.);
#1735=ORIENTED_EDGE('',*,*,#1347,.F.);
#1736=ORIENTED_EDGE('',*,*,#1346,.T.);
#1737=ORIENTED_EDGE('',*,*,#1348,.F.);
#1738=ORIENTED_EDGE('',*,*,#1349,.F.);
#1739=ORIENTED_EDGE('',*,*,#1350,.F.);
#1740=ORIENTED_EDGE('',*,*,#1349,.T.);
#1741=ORIENTED_EDGE('',*,*,#1351,.F.);
#1742=ORIENTED_EDGE('',*,*,#1352,.F.);
#1743=ORIENTED_EDGE('',*,*,#1353,.F.);
#1744=ORIENTED_EDGE('',*,*,#1352,.T.);
#1745=ORIENTED_EDGE('',*,*,#1354,.F.);
#1746=ORIENTED_EDGE('',*,*,#1355,.F.);
#1747=ORIENTED_EDGE('',*,*,#1356,.F.);
#1748=ORIENTED_EDGE('',*,*,#1355,.T.);
#1749=ORIENTED_EDGE('',*,*,#1357,.F.);
#1750=ORIENTED_EDGE('',*,*,#1358,.F.);
#1751=ORIENTED_EDGE('',*,*,#1359,.F.);
#1752=ORIENTED_EDGE('',*,*,#1358,.T.);
#1753=ORIENTED_EDGE('',*,*,#1360,.F.);
#1754=ORIENTED_EDGE('',*,*,#1361,.F.);
#1755=ORIENTED_EDGE('',*,*,#1362,.F.);
#1756=ORIENTED_EDGE('',*,*,#1361,.T.);
#1757=ORIENTED_EDGE('',*,*,#1363,.F.);
#1758=ORIENTED_EDGE('',*,*,#1335,.F.);
#1759=ORIENTED_EDGE('',*,*,#1363,.T.);
#1760=ORIENTED_EDGE('',*,*,#1360,.T.);
#1761=ORIENTED_EDGE('',*,*,#1357,.T.);
#1762=ORIENTED_EDGE('',*,*,#1354,.T.);
#1763=ORIENTED_EDGE('',*,*,#1351,.T.);
#1764=ORIENTED_EDGE('',*,*,#1348,.T.);
#1765=ORIENTED_EDGE('',*,*,#1345,.T.);
#1766=ORIENTED_EDGE('',*,*,#1342,.T.);
#1767=ORIENTED_EDGE('',*,*,#1339,.T.);
#1768=ORIENTED_EDGE('',*,*,#1336,.T.);
#1769=ORIENTED_EDGE('',*,*,#1364,.T.);
#1770=ORIENTED_EDGE('',*,*,#1365,.T.);
#1771=ORIENTED_EDGE('',*,*,#1366,.T.);
#1772=ORIENTED_EDGE('',*,*,#1367,.T.);
#1773=ORIENTED_EDGE('',*,*,#1364,.F.);
#1774=ORIENTED_EDGE('',*,*,#1368,.T.);
#1775=ORIENTED_EDGE('',*,*,#1369,.T.);
#1776=ORIENTED_EDGE('',*,*,#1370,.T.);
#1777=ORIENTED_EDGE('',*,*,#1371,.T.);
#1778=ORIENTED_EDGE('',*,*,#1372,.T.);
#1779=ORIENTED_EDGE('',*,*,#1369,.F.);
#1780=ORIENTED_EDGE('',*,*,#1373,.T.);
#1781=ORIENTED_EDGE('',*,*,#1374,.T.);
#1782=ORIENTED_EDGE('',*,*,#1375,.T.);
#1783=ORIENTED_EDGE('',*,*,#1371,.F.);
#1784=ORIENTED_EDGE('',*,*,#1376,.T.);
#1785=ORIENTED_EDGE('',*,*,#1377,.T.);
#1786=ORIENTED_EDGE('',*,*,#1378,.T.);
#1787=ORIENTED_EDGE('',*,*,#1379,.T.);
#1788=ORIENTED_EDGE('',*,*,#1380,.T.);
#1789=ORIENTED_EDGE('',*,*,#1381,.T.);
#1790=ORIENTED_EDGE('',*,*,#1382,.T.);
#1791=ORIENTED_EDGE('',*,*,#1379,.F.);
#1792=ORIENTED_EDGE('',*,*,#1383,.T.);
#1793=ORIENTED_EDGE('',*,*,#1381,.F.);
#1794=ORIENTED_EDGE('',*,*,#1384,.T.);
#1795=ORIENTED_EDGE('',*,*,#1366,.F.);
#1796=ORIENTED_EDGE('',*,*,#1385,.T.);
#1797=ORIENTED_EDGE('',*,*,#1386,.T.);
#1798=ORIENTED_EDGE('',*,*,#1374,.F.);
#1799=ORIENTED_EDGE('',*,*,#1387,.T.);
#1800=ORIENTED_EDGE('',*,*,#1388,.T.);
#1801=ORIENTED_EDGE('',*,*,#1389,.T.);
#1802=ORIENTED_EDGE('',*,*,#1390,.T.);
#1803=ORIENTED_EDGE('',*,*,#1391,.T.);
#1804=ORIENTED_EDGE('',*,*,#1377,.F.);
#1805=ORIENTED_EDGE('',*,*,#1392,.T.);
#1806=ORIENTED_EDGE('',*,*,#1388,.F.);
#1807=ORIENTED_EDGE('',*,*,#1393,.T.);
#1808=ORIENTED_EDGE('',*,*,#1390,.F.);
#1809=ORIENTED_EDGE('',*,*,#1394,.T.);
#1810=ORIENTED_EDGE('',*,*,#1386,.F.);
#1811=ORIENTED_EDGE('',*,*,#1392,.F.);
#1812=ORIENTED_EDGE('',*,*,#1395,.T.);
#1813=ORIENTED_EDGE('',*,*,#1396,.T.);
#1814=ORIENTED_EDGE('',*,*,#1397,.T.);
#1815=ORIENTED_EDGE('',*,*,#1398,.T.);
#1816=ORIENTED_EDGE('',*,*,#1394,.F.);
#1817=ORIENTED_EDGE('',*,*,#1389,.F.);
#1818=ORIENTED_EDGE('',*,*,#1399,.F.);
#1819=ORIENTED_EDGE('',*,*,#1400,.F.);
#1820=ORIENTED_EDGE('',*,*,#1401,.T.);
#1821=ORIENTED_EDGE('',*,*,#1395,.F.);
#1822=ORIENTED_EDGE('',*,*,#1368,.F.);
#1823=ORIENTED_EDGE('',*,*,#1402,.T.);
#1824=ORIENTED_EDGE('',*,*,#1403,.T.);
#1825=ORIENTED_EDGE('',*,*,#1404,.T.);
#1826=ORIENTED_EDGE('',*,*,#1367,.F.);
#1827=ORIENTED_EDGE('',*,*,#1405,.F.);
#1828=ORIENTED_EDGE('',*,*,#1406,.T.);
#1829=ORIENTED_EDGE('',*,*,#1402,.F.);
#1830=ORIENTED_EDGE('',*,*,#1384,.F.);
#1831=ORIENTED_EDGE('',*,*,#1407,.T.);
#1832=ORIENTED_EDGE('',*,*,#1408,.T.);
#1833=ORIENTED_EDGE('',*,*,#1405,.T.);
#1834=ORIENTED_EDGE('',*,*,#1383,.F.);
#1835=ORIENTED_EDGE('',*,*,#1409,.F.);
#1836=ORIENTED_EDGE('',*,*,#1410,.T.);
#1837=ORIENTED_EDGE('',*,*,#1407,.F.);
#1838=ORIENTED_EDGE('',*,*,#1411,.T.);
#1839=ORIENTED_EDGE('',*,*,#1412,.T.);
#1840=ORIENTED_EDGE('',*,*,#1413,.T.);
#1841=ORIENTED_EDGE('',*,*,#1414,.T.);
#1842=ORIENTED_EDGE('',*,*,#1411,.F.);
#1843=ORIENTED_EDGE('',*,*,#1415,.T.);
#1844=ORIENTED_EDGE('',*,*,#1416,.T.);
#1845=ORIENTED_EDGE('',*,*,#1417,.T.);
#1846=ORIENTED_EDGE('',*,*,#1418,.T.);
#1847=ORIENTED_EDGE('',*,*,#1419,.T.);
#1848=ORIENTED_EDGE('',*,*,#1416,.F.);
#1849=ORIENTED_EDGE('',*,*,#1420,.T.);
#1850=ORIENTED_EDGE('',*,*,#1418,.F.);
#1851=ORIENTED_EDGE('',*,*,#1421,.T.);
#1852=ORIENTED_EDGE('',*,*,#1422,.T.);
#1853=ORIENTED_EDGE('',*,*,#1423,.T.);
#1854=ORIENTED_EDGE('',*,*,#1424,.T.);
#1855=ORIENTED_EDGE('',*,*,#1425,.T.);
#1856=ORIENTED_EDGE('',*,*,#1422,.F.);
#1857=ORIENTED_EDGE('',*,*,#1426,.T.);
#1858=ORIENTED_EDGE('',*,*,#1424,.F.);
#1859=ORIENTED_EDGE('',*,*,#1427,.T.);
#1860=ORIENTED_EDGE('',*,*,#1428,.T.);
#1861=ORIENTED_EDGE('',*,*,#1429,.T.);
#1862=ORIENTED_EDGE('',*,*,#1430,.T.);
#1863=ORIENTED_EDGE('',*,*,#1431,.T.);
#1864=ORIENTED_EDGE('',*,*,#1428,.F.);
#1865=ORIENTED_EDGE('',*,*,#1432,.T.);
#1866=ORIENTED_EDGE('',*,*,#1430,.F.);
#1867=ORIENTED_EDGE('',*,*,#1433,.T.);
#1868=ORIENTED_EDGE('',*,*,#1413,.F.);
#1869=ORIENTED_EDGE('',*,*,#1434,.T.);
#1870=ORIENTED_EDGE('',*,*,#1429,.F.);
#1871=ORIENTED_EDGE('',*,*,#1435,.F.);
#1872=ORIENTED_EDGE('',*,*,#1436,.T.);
#1873=ORIENTED_EDGE('',*,*,#1437,.F.);
#1874=ORIENTED_EDGE('',*,*,#1431,.F.);
#1875=ORIENTED_EDGE('',*,*,#1438,.T.);
#1876=ORIENTED_EDGE('',*,*,#1439,.T.);
#1877=ORIENTED_EDGE('',*,*,#1435,.T.);
#1878=ORIENTED_EDGE('',*,*,#1434,.F.);
#1879=ORIENTED_EDGE('',*,*,#1440,.F.);
#1880=ORIENTED_EDGE('',*,*,#1441,.T.);
#1881=ORIENTED_EDGE('',*,*,#1438,.F.);
#1882=ORIENTED_EDGE('',*,*,#1412,.F.);
#1883=ORIENTED_EDGE('',*,*,#1442,.T.);
#1884=ORIENTED_EDGE('',*,*,#1443,.T.);
#1885=ORIENTED_EDGE('',*,*,#1440,.T.);
#1886=ORIENTED_EDGE('',*,*,#1414,.F.);
#1887=ORIENTED_EDGE('',*,*,#1433,.F.);
#1888=ORIENTED_EDGE('',*,*,#1432,.F.);
#1889=ORIENTED_EDGE('',*,*,#1427,.F.);
#1890=ORIENTED_EDGE('',*,*,#1426,.F.);
#1891=ORIENTED_EDGE('',*,*,#1421,.F.);
#1892=ORIENTED_EDGE('',*,*,#1420,.F.);
#1893=ORIENTED_EDGE('',*,*,#1415,.F.);
#1894=ORIENTED_EDGE('',*,*,#1322,.T.);
#1895=ORIENTED_EDGE('',*,*,#1326,.T.);
#1896=ORIENTED_EDGE('',*,*,#1329,.T.);
#1897=ORIENTED_EDGE('',*,*,#1332,.T.);
#1898=ORIENTED_EDGE('',*,*,#1444,.T.);
#1899=ORIENTED_EDGE('',*,*,#1445,.T.);
#1900=ORIENTED_EDGE('',*,*,#1446,.T.);
#1901=ORIENTED_EDGE('',*,*,#1447,.T.);
#1902=ORIENTED_EDGE('',*,*,#1448,.T.);
#1903=ORIENTED_EDGE('',*,*,#1449,.T.);
#1904=ORIENTED_EDGE('',*,*,#1450,.T.);
#1905=ORIENTED_EDGE('',*,*,#1451,.T.);
#1906=ORIENTED_EDGE('',*,*,#1452,.T.);
#1907=ORIENTED_EDGE('',*,*,#1453,.T.);
#1908=ORIENTED_EDGE('',*,*,#1454,.T.);
#1909=ORIENTED_EDGE('',*,*,#1455,.T.);
#1910=ORIENTED_EDGE('',*,*,#1456,.T.);
#1911=ORIENTED_EDGE('',*,*,#1457,.T.);
#1912=ORIENTED_EDGE('',*,*,#1458,.T.);
#1913=ORIENTED_EDGE('',*,*,#1459,.T.);
#1914=ORIENTED_EDGE('',*,*,#1460,.T.);
#1915=ORIENTED_EDGE('',*,*,#1461,.F.);
#1916=ORIENTED_EDGE('',*,*,#1462,.T.);
#1917=ORIENTED_EDGE('',*,*,#1463,.T.);
#1918=ORIENTED_EDGE('',*,*,#1464,.T.);
#1919=ORIENTED_EDGE('',*,*,#1465,.F.);
#1920=ORIENTED_EDGE('',*,*,#1466,.T.);
#1921=ORIENTED_EDGE('',*,*,#1467,.T.);
#1922=ORIENTED_EDGE('',*,*,#1468,.T.);
#1923=ORIENTED_EDGE('',*,*,#1469,.T.);
#1924=ORIENTED_EDGE('',*,*,#1470,.T.);
#1925=ORIENTED_EDGE('',*,*,#1471,.T.);
#1926=ORIENTED_EDGE('',*,*,#1472,.T.);
#1927=ORIENTED_EDGE('',*,*,#1473,.T.);
#1928=ORIENTED_EDGE('',*,*,#1474,.T.);
#1929=ORIENTED_EDGE('',*,*,#1475,.T.);
#1930=ORIENTED_EDGE('',*,*,#1476,.T.);
#1931=ORIENTED_EDGE('',*,*,#1477,.T.);
#1932=ORIENTED_EDGE('',*,*,#1478,.T.);
#1933=ORIENTED_EDGE('',*,*,#1479,.T.);
#1934=ORIENTED_EDGE('',*,*,#1480,.T.);
#1935=ORIENTED_EDGE('',*,*,#1481,.T.);
#1936=ORIENTED_EDGE('',*,*,#1482,.T.);
#1937=ORIENTED_EDGE('',*,*,#1483,.T.);
#1938=ORIENTED_EDGE('',*,*,#1484,.T.);
#1939=ORIENTED_EDGE('',*,*,#1485,.T.);
#1940=ORIENTED_EDGE('',*,*,#1486,.T.);
#1941=ORIENTED_EDGE('',*,*,#1487,.T.);
#1942=ORIENTED_EDGE('',*,*,#1488,.T.);
#1943=ORIENTED_EDGE('',*,*,#1489,.T.);
#1944=ORIENTED_EDGE('',*,*,#1490,.T.);
#1945=ORIENTED_EDGE('',*,*,#1491,.T.);
#1946=ORIENTED_EDGE('',*,*,#1492,.T.);
#1947=ORIENTED_EDGE('',*,*,#1493,.T.);
#1948=ORIENTED_EDGE('',*,*,#1494,.T.);
#1949=ORIENTED_EDGE('',*,*,#1495,.T.);
#1950=ORIENTED_EDGE('',*,*,#1496,.T.);
#1951=ORIENTED_EDGE('',*,*,#1497,.T.);
#1952=ORIENTED_EDGE('',*,*,#1498,.T.);
#1953=ORIENTED_EDGE('',*,*,#1499,.T.);
#1954=ORIENTED_EDGE('',*,*,#1500,.T.);
#1955=ORIENTED_EDGE('',*,*,#1501,.T.);
#1956=ORIENTED_EDGE('',*,*,#1502,.T.);
#1957=ORIENTED_EDGE('',*,*,#1503,.T.);
#1958=ORIENTED_EDGE('',*,*,#1504,.T.);
#1959=ORIENTED_EDGE('',*,*,#1505,.T.);
#1960=ORIENTED_EDGE('',*,*,#1506,.T.);
#1961=ORIENTED_EDGE('',*,*,#1507,.T.);
#1962=ORIENTED_EDGE('',*,*,#1508,.T.);
#1963=ORIENTED_EDGE('',*,*,#1509,.T.);
#1964=ORIENTED_EDGE('',*,*,#1375,.F.);
#1965=ORIENTED_EDGE('',*,*,#1398,.F.);
#1966=ORIENTED_EDGE('',*,*,#1510,.T.);
#1967=ORIENTED_EDGE('',*,*,#1511,.F.);
#1968=ORIENTED_EDGE('',*,*,#1512,.T.);
#1969=ORIENTED_EDGE('',*,*,#1513,.F.);
#1970=ORIENTED_EDGE('',*,*,#1514,.T.);
#1971=ORIENTED_EDGE('',*,*,#1515,.F.);
#1972=ORIENTED_EDGE('',*,*,#1516,.T.);
#1973=ORIENTED_EDGE('',*,*,#1517,.F.);
#1974=ORIENTED_EDGE('',*,*,#1399,.T.);
#1975=ORIENTED_EDGE('',*,*,#1380,.F.);
#1976=ORIENTED_EDGE('',*,*,#1382,.F.);
#1977=ORIENTED_EDGE('',*,*,#1385,.F.);
#1978=ORIENTED_EDGE('',*,*,#1365,.F.);
#1979=ORIENTED_EDGE('',*,*,#1370,.F.);
#1980=ORIENTED_EDGE('',*,*,#1372,.F.);
#1981=ORIENTED_EDGE('',*,*,#1334,.T.);
#1982=ORIENTED_EDGE('',*,*,#1338,.T.);
#1983=ORIENTED_EDGE('',*,*,#1341,.T.);
#1984=ORIENTED_EDGE('',*,*,#1344,.T.);
#1985=ORIENTED_EDGE('',*,*,#1347,.T.);
#1986=ORIENTED_EDGE('',*,*,#1350,.T.);
#1987=ORIENTED_EDGE('',*,*,#1353,.T.);
#1988=ORIENTED_EDGE('',*,*,#1356,.T.);
#1989=ORIENTED_EDGE('',*,*,#1359,.T.);
#1990=ORIENTED_EDGE('',*,*,#1362,.T.);
#1991=ORIENTED_EDGE('',*,*,#1310,.T.);
#1992=ORIENTED_EDGE('',*,*,#1314,.T.);
#1993=ORIENTED_EDGE('',*,*,#1317,.T.);
#1994=ORIENTED_EDGE('',*,*,#1320,.T.);
#1995=ORIENTED_EDGE('',*,*,#1518,.T.);
#1996=ORIENTED_EDGE('',*,*,#1519,.T.);
#1997=ORIENTED_EDGE('',*,*,#1511,.T.);
#1998=ORIENTED_EDGE('',*,*,#1520,.T.);
#1999=ORIENTED_EDGE('',*,*,#1519,.F.);
#2000=ORIENTED_EDGE('',*,*,#1521,.T.);
#2001=ORIENTED_EDGE('',*,*,#1522,.F.);
#2002=ORIENTED_EDGE('',*,*,#1512,.F.);
#2003=ORIENTED_EDGE('',*,*,#1523,.T.);
#2004=ORIENTED_EDGE('',*,*,#1524,.T.);
#2005=ORIENTED_EDGE('',*,*,#1513,.T.);
#2006=ORIENTED_EDGE('',*,*,#1522,.T.);
#2007=ORIENTED_EDGE('',*,*,#1524,.F.);
#2008=ORIENTED_EDGE('',*,*,#1525,.T.);
#2009=ORIENTED_EDGE('',*,*,#1526,.F.);
#2010=ORIENTED_EDGE('',*,*,#1514,.F.);
#2011=ORIENTED_EDGE('',*,*,#1527,.T.);
#2012=ORIENTED_EDGE('',*,*,#1528,.T.);
#2013=ORIENTED_EDGE('',*,*,#1515,.T.);
#2014=ORIENTED_EDGE('',*,*,#1526,.T.);
#2015=ORIENTED_EDGE('',*,*,#1528,.F.);
#2016=ORIENTED_EDGE('',*,*,#1529,.T.);
#2017=ORIENTED_EDGE('',*,*,#1530,.F.);
#2018=ORIENTED_EDGE('',*,*,#1516,.F.);
#2019=ORIENTED_EDGE('',*,*,#1520,.F.);
#2020=ORIENTED_EDGE('',*,*,#1510,.F.);
#2021=ORIENTED_EDGE('',*,*,#1397,.F.);
#2022=ORIENTED_EDGE('',*,*,#1531,.T.);
#2023=ORIENTED_EDGE('',*,*,#1532,.T.);
#2024=ORIENTED_EDGE('',*,*,#1400,.T.);
#2025=ORIENTED_EDGE('',*,*,#1517,.T.);
#2026=ORIENTED_EDGE('',*,*,#1530,.T.);
#2027=ORIENTED_EDGE('',*,*,#1533,.T.);
#2028=ORIENTED_EDGE('',*,*,#1534,.T.);
#2029=ORIENTED_EDGE('',*,*,#1465,.T.);
#2030=ORIENTED_EDGE('',*,*,#1535,.T.);
#2031=ORIENTED_EDGE('',*,*,#1534,.F.);
#2032=ORIENTED_EDGE('',*,*,#1536,.T.);
#2033=ORIENTED_EDGE('',*,*,#1537,.F.);
#2034=ORIENTED_EDGE('',*,*,#1460,.F.);
#2035=ORIENTED_EDGE('',*,*,#1538,.T.);
#2036=ORIENTED_EDGE('',*,*,#1539,.T.);
#2037=ORIENTED_EDGE('',*,*,#1461,.T.);
#2038=ORIENTED_EDGE('',*,*,#1537,.T.);
#2039=ORIENTED_EDGE('',*,*,#1539,.F.);
#2040=ORIENTED_EDGE('',*,*,#1540,.T.);
#2041=ORIENTED_EDGE('',*,*,#1541,.T.);
#2042=ORIENTED_EDGE('',*,*,#1462,.F.);
#2043=ORIENTED_EDGE('',*,*,#1376,.F.);
#2044=ORIENTED_EDGE('',*,*,#1542,.T.);
#2045=ORIENTED_EDGE('',*,*,#1543,.T.);
#2046=ORIENTED_EDGE('',*,*,#1544,.T.);
#2047=ORIENTED_EDGE('',*,*,#1387,.F.);
#2048=ORIENTED_EDGE('',*,*,#1393,.F.);
#2049=ORIENTED_EDGE('',*,*,#1544,.F.);
#2050=ORIENTED_EDGE('',*,*,#1545,.T.);
#2051=ORIENTED_EDGE('',*,*,#1546,.F.);
#2052=ORIENTED_EDGE('',*,*,#1391,.F.);
#2053=ORIENTED_EDGE('',*,*,#1546,.T.);
#2054=ORIENTED_EDGE('',*,*,#1547,.T.);
#2055=ORIENTED_EDGE('',*,*,#1409,.T.);
#2056=ORIENTED_EDGE('',*,*,#1378,.F.);
#2057=ORIENTED_EDGE('',*,*,#1373,.F.);
#2058=ORIENTED_EDGE('',*,*,#1404,.F.);
#2059=ORIENTED_EDGE('',*,*,#1548,.T.);
#2060=ORIENTED_EDGE('',*,*,#1542,.F.);
#2061=ORIENTED_EDGE('',*,*,#1443,.F.);
#2062=ORIENTED_EDGE('',*,*,#1549,.F.);
#2063=ORIENTED_EDGE('',*,*,#1550,.F.);
#2064=ORIENTED_EDGE('',*,*,#1551,.F.);
#2065=ORIENTED_EDGE('',*,*,#1552,.F.);
#2066=ORIENTED_EDGE('',*,*,#1436,.F.);
#2067=ORIENTED_EDGE('',*,*,#1439,.F.);
#2068=ORIENTED_EDGE('',*,*,#1441,.F.);
#2069=ORIENTED_EDGE('',*,*,#1523,.F.);
#2070=ORIENTED_EDGE('',*,*,#1521,.F.);
#2071=ORIENTED_EDGE('',*,*,#1518,.F.);
#2072=ORIENTED_EDGE('',*,*,#1531,.F.);
#2073=ORIENTED_EDGE('',*,*,#1396,.F.);
#2074=ORIENTED_EDGE('',*,*,#1401,.F.);
#2075=ORIENTED_EDGE('',*,*,#1532,.F.);
#2076=ORIENTED_EDGE('',*,*,#1529,.F.);
#2077=ORIENTED_EDGE('',*,*,#1527,.F.);
#2078=ORIENTED_EDGE('',*,*,#1525,.F.);
#2079=ORIENTED_EDGE('',*,*,#1553,.F.);
#2080=ORIENTED_EDGE('',*,*,#1554,.F.);
#2081=ORIENTED_EDGE('',*,*,#1555,.F.);
#2082=ORIENTED_EDGE('',*,*,#1556,.F.);
#2083=ORIENTED_EDGE('',*,*,#1557,.F.);
#2084=ORIENTED_EDGE('',*,*,#1558,.F.);
#2085=ORIENTED_EDGE('',*,*,#1559,.F.);
#2086=ORIENTED_EDGE('',*,*,#1560,.F.);
#2087=ORIENTED_EDGE('',*,*,#1561,.F.);
#2088=ORIENTED_EDGE('',*,*,#1562,.F.);
#2089=ORIENTED_EDGE('',*,*,#1563,.F.);
#2090=ORIENTED_EDGE('',*,*,#1564,.F.);
#2091=ORIENTED_EDGE('',*,*,#1565,.F.);
#2092=ORIENTED_EDGE('',*,*,#1566,.F.);
#2093=ORIENTED_EDGE('',*,*,#1567,.F.);
#2094=ORIENTED_EDGE('',*,*,#1568,.F.);
#2095=ORIENTED_EDGE('',*,*,#1543,.F.);
#2096=ORIENTED_EDGE('',*,*,#1548,.F.);
#2097=ORIENTED_EDGE('',*,*,#1403,.F.);
#2098=ORIENTED_EDGE('',*,*,#1406,.F.);
#2099=ORIENTED_EDGE('',*,*,#1408,.F.);
#2100=ORIENTED_EDGE('',*,*,#1410,.F.);
#2101=ORIENTED_EDGE('',*,*,#1547,.F.);
#2102=ORIENTED_EDGE('',*,*,#1545,.F.);
#2103=ORIENTED_EDGE('',*,*,#1533,.F.);
#2104=ORIENTED_EDGE('',*,*,#1569,.F.);
#2105=ORIENTED_EDGE('',*,*,#1570,.F.);
#2106=ORIENTED_EDGE('',*,*,#1540,.F.);
#2107=ORIENTED_EDGE('',*,*,#1538,.F.);
#2108=ORIENTED_EDGE('',*,*,#1536,.F.);
#2109=ORIENTED_EDGE('',*,*,#1571,.F.);
#2110=ORIENTED_EDGE('',*,*,#1572,.F.);
#2111=ORIENTED_EDGE('',*,*,#1573,.F.);
#2112=ORIENTED_EDGE('',*,*,#1574,.F.);
#2113=ORIENTED_EDGE('',*,*,#1575,.F.);
#2114=ORIENTED_EDGE('',*,*,#1576,.F.);
#2115=ORIENTED_EDGE('',*,*,#1577,.F.);
#2116=ORIENTED_EDGE('',*,*,#1578,.F.);
#2117=ORIENTED_EDGE('',*,*,#1579,.F.);
#2118=ORIENTED_EDGE('',*,*,#1580,.F.);
#2119=ORIENTED_EDGE('',*,*,#1581,.F.);
#2120=ORIENTED_EDGE('',*,*,#1582,.F.);
#2121=ORIENTED_EDGE('',*,*,#1583,.F.);
#2122=ORIENTED_EDGE('',*,*,#1584,.F.);
#2123=ORIENTED_EDGE('',*,*,#1585,.F.);
#2124=ORIENTED_EDGE('',*,*,#1586,.F.);
#2125=ORIENTED_EDGE('',*,*,#1587,.F.);
#2126=ORIENTED_EDGE('',*,*,#1588,.F.);
#2127=ORIENTED_EDGE('',*,*,#1589,.F.);
#2128=ORIENTED_EDGE('',*,*,#1590,.F.);
#2129=ORIENTED_EDGE('',*,*,#1591,.F.);
#2130=ORIENTED_EDGE('',*,*,#1592,.F.);
#2131=ORIENTED_EDGE('',*,*,#1593,.F.);
#2132=ORIENTED_EDGE('',*,*,#1594,.F.);
#2133=ORIENTED_EDGE('',*,*,#1595,.F.);
#2134=ORIENTED_EDGE('',*,*,#1596,.F.);
#2135=ORIENTED_EDGE('',*,*,#1597,.F.);
#2136=ORIENTED_EDGE('',*,*,#1598,.F.);
#2137=ORIENTED_EDGE('',*,*,#1599,.F.);
#2138=ORIENTED_EDGE('',*,*,#1600,.F.);
#2139=ORIENTED_EDGE('',*,*,#1601,.F.);
#2140=ORIENTED_EDGE('',*,*,#1602,.F.);
#2141=ORIENTED_EDGE('',*,*,#1603,.F.);
#2142=ORIENTED_EDGE('',*,*,#1604,.F.);
#2143=ORIENTED_EDGE('',*,*,#1605,.F.);
#2144=ORIENTED_EDGE('',*,*,#1606,.F.);
#2145=ORIENTED_EDGE('',*,*,#1607,.F.);
#2146=ORIENTED_EDGE('',*,*,#1608,.F.);
#2147=ORIENTED_EDGE('',*,*,#1609,.F.);
#2148=ORIENTED_EDGE('',*,*,#1610,.F.);
#2149=ORIENTED_EDGE('',*,*,#1611,.F.);
#2150=ORIENTED_EDGE('',*,*,#1612,.F.);
#2151=ORIENTED_EDGE('',*,*,#1613,.F.);
#2152=ORIENTED_EDGE('',*,*,#1614,.F.);
#2153=ORIENTED_EDGE('',*,*,#1419,.F.);
#2154=ORIENTED_EDGE('',*,*,#1615,.T.);
#2155=ORIENTED_EDGE('',*,*,#1550,.T.);
#2156=ORIENTED_EDGE('',*,*,#1616,.T.);
#2157=ORIENTED_EDGE('',*,*,#1423,.F.);
#2158=ORIENTED_EDGE('',*,*,#1617,.F.);
#2159=ORIENTED_EDGE('',*,*,#1551,.T.);
#2160=ORIENTED_EDGE('',*,*,#1615,.F.);
#2161=ORIENTED_EDGE('',*,*,#1425,.F.);
#2162=ORIENTED_EDGE('',*,*,#1437,.T.);
#2163=ORIENTED_EDGE('',*,*,#1552,.T.);
#2164=ORIENTED_EDGE('',*,*,#1617,.T.);
#2165=ORIENTED_EDGE('',*,*,#1509,.F.);
#2166=ORIENTED_EDGE('',*,*,#1618,.T.);
#2167=ORIENTED_EDGE('',*,*,#1614,.T.);
#2168=ORIENTED_EDGE('',*,*,#1618,.F.);
#2169=ORIENTED_EDGE('',*,*,#1508,.F.);
#2170=ORIENTED_EDGE('',*,*,#1619,.T.);
#2171=ORIENTED_EDGE('',*,*,#1613,.T.);
#2172=ORIENTED_EDGE('',*,*,#1619,.F.);
#2173=ORIENTED_EDGE('',*,*,#1507,.F.);
#2174=ORIENTED_EDGE('',*,*,#1620,.T.);
#2175=ORIENTED_EDGE('',*,*,#1612,.T.);
#2176=ORIENTED_EDGE('',*,*,#1620,.F.);
#2177=ORIENTED_EDGE('',*,*,#1506,.F.);
#2178=ORIENTED_EDGE('',*,*,#1621,.T.);
#2179=ORIENTED_EDGE('',*,*,#1611,.T.);
#2180=ORIENTED_EDGE('',*,*,#1621,.F.);
#2181=ORIENTED_EDGE('',*,*,#1604,.T.);
#2182=ORIENTED_EDGE('',*,*,#1622,.T.);
#2183=ORIENTED_EDGE('',*,*,#1505,.F.);
#2184=ORIENTED_EDGE('',*,*,#1623,.F.);
#2185=ORIENTED_EDGE('',*,*,#1605,.T.);
#2186=ORIENTED_EDGE('',*,*,#1623,.T.);
#2187=ORIENTED_EDGE('',*,*,#1504,.F.);
#2188=ORIENTED_EDGE('',*,*,#1624,.F.);
#2189=ORIENTED_EDGE('',*,*,#1606,.T.);
#2190=ORIENTED_EDGE('',*,*,#1624,.T.);
#2191=ORIENTED_EDGE('',*,*,#1503,.F.);
#2192=ORIENTED_EDGE('',*,*,#1625,.F.);
#2193=ORIENTED_EDGE('',*,*,#1607,.T.);
#2194=ORIENTED_EDGE('',*,*,#1625,.T.);
#2195=ORIENTED_EDGE('',*,*,#1502,.F.);
#2196=ORIENTED_EDGE('',*,*,#1626,.F.);
#2197=ORIENTED_EDGE('',*,*,#1608,.T.);
#2198=ORIENTED_EDGE('',*,*,#1626,.T.);
#2199=ORIENTED_EDGE('',*,*,#1501,.F.);
#2200=ORIENTED_EDGE('',*,*,#1627,.F.);
#2201=ORIENTED_EDGE('',*,*,#1609,.T.);
#2202=ORIENTED_EDGE('',*,*,#1627,.T.);
#2203=ORIENTED_EDGE('',*,*,#1500,.F.);
#2204=ORIENTED_EDGE('',*,*,#1628,.F.);
#2205=ORIENTED_EDGE('',*,*,#1610,.T.);
#2206=ORIENTED_EDGE('',*,*,#1628,.T.);
#2207=ORIENTED_EDGE('',*,*,#1499,.F.);
#2208=ORIENTED_EDGE('',*,*,#1629,.F.);
#2209=ORIENTED_EDGE('',*,*,#1603,.T.);
#2210=ORIENTED_EDGE('',*,*,#1629,.T.);
#2211=ORIENTED_EDGE('',*,*,#1498,.F.);
#2212=ORIENTED_EDGE('',*,*,#1622,.F.);
#2213=ORIENTED_EDGE('',*,*,#1596,.T.);
#2214=ORIENTED_EDGE('',*,*,#1630,.T.);
#2215=ORIENTED_EDGE('',*,*,#1497,.F.);
#2216=ORIENTED_EDGE('',*,*,#1631,.F.);
#2217=ORIENTED_EDGE('',*,*,#1597,.T.);
#2218=ORIENTED_EDGE('',*,*,#1631,.T.);
#2219=ORIENTED_EDGE('',*,*,#1496,.F.);
#2220=ORIENTED_EDGE('',*,*,#1632,.F.);
#2221=ORIENTED_EDGE('',*,*,#1598,.T.);
#2222=ORIENTED_EDGE('',*,*,#1632,.T.);
#2223=ORIENTED_EDGE('',*,*,#1495,.F.);
#2224=ORIENTED_EDGE('',*,*,#1633,.F.);
#2225=ORIENTED_EDGE('',*,*,#1599,.T.);
#2226=ORIENTED_EDGE('',*,*,#1633,.T.);
#2227=ORIENTED_EDGE('',*,*,#1494,.F.);
#2228=ORIENTED_EDGE('',*,*,#1634,.F.);
#2229=ORIENTED_EDGE('',*,*,#1600,.T.);
#2230=ORIENTED_EDGE('',*,*,#1634,.T.);
#2231=ORIENTED_EDGE('',*,*,#1493,.F.);
#2232=ORIENTED_EDGE('',*,*,#1635,.F.);
#2233=ORIENTED_EDGE('',*,*,#1601,.T.);
#2234=ORIENTED_EDGE('',*,*,#1635,.T.);
#2235=ORIENTED_EDGE('',*,*,#1492,.F.);
#2236=ORIENTED_EDGE('',*,*,#1636,.F.);
#2237=ORIENTED_EDGE('',*,*,#1602,.T.);
#2238=ORIENTED_EDGE('',*,*,#1636,.T.);
#2239=ORIENTED_EDGE('',*,*,#1491,.F.);
#2240=ORIENTED_EDGE('',*,*,#1637,.F.);
#2241=ORIENTED_EDGE('',*,*,#1595,.T.);
#2242=ORIENTED_EDGE('',*,*,#1637,.T.);
#2243=ORIENTED_EDGE('',*,*,#1490,.F.);
#2244=ORIENTED_EDGE('',*,*,#1630,.F.);
#2245=ORIENTED_EDGE('',*,*,#1588,.T.);
#2246=ORIENTED_EDGE('',*,*,#1638,.T.);
#2247=ORIENTED_EDGE('',*,*,#1489,.F.);
#2248=ORIENTED_EDGE('',*,*,#1639,.F.);
#2249=ORIENTED_EDGE('',*,*,#1589,.T.);
#2250=ORIENTED_EDGE('',*,*,#1639,.T.);
#2251=ORIENTED_EDGE('',*,*,#1488,.F.);
#2252=ORIENTED_EDGE('',*,*,#1640,.F.);
#2253=ORIENTED_EDGE('',*,*,#1590,.T.);
#2254=ORIENTED_EDGE('',*,*,#1640,.T.);
#2255=ORIENTED_EDGE('',*,*,#1487,.F.);
#2256=ORIENTED_EDGE('',*,*,#1641,.F.);
#2257=ORIENTED_EDGE('',*,*,#1591,.T.);
#2258=ORIENTED_EDGE('',*,*,#1641,.T.);
#2259=ORIENTED_EDGE('',*,*,#1486,.F.);
#2260=ORIENTED_EDGE('',*,*,#1642,.F.);
#2261=ORIENTED_EDGE('',*,*,#1592,.T.);
#2262=ORIENTED_EDGE('',*,*,#1642,.T.);
#2263=ORIENTED_EDGE('',*,*,#1485,.F.);
#2264=ORIENTED_EDGE('',*,*,#1643,.F.);
#2265=ORIENTED_EDGE('',*,*,#1593,.T.);
#2266=ORIENTED_EDGE('',*,*,#1643,.T.);
#2267=ORIENTED_EDGE('',*,*,#1484,.F.);
#2268=ORIENTED_EDGE('',*,*,#1644,.F.);
#2269=ORIENTED_EDGE('',*,*,#1594,.T.);
#2270=ORIENTED_EDGE('',*,*,#1644,.T.);
#2271=ORIENTED_EDGE('',*,*,#1483,.F.);
#2272=ORIENTED_EDGE('',*,*,#1645,.F.);
#2273=ORIENTED_EDGE('',*,*,#1587,.T.);
#2274=ORIENTED_EDGE('',*,*,#1645,.T.);
#2275=ORIENTED_EDGE('',*,*,#1482,.F.);
#2276=ORIENTED_EDGE('',*,*,#1638,.F.);
#2277=ORIENTED_EDGE('',*,*,#1580,.T.);
#2278=ORIENTED_EDGE('',*,*,#1646,.T.);
#2279=ORIENTED_EDGE('',*,*,#1481,.F.);
#2280=ORIENTED_EDGE('',*,*,#1647,.F.);
#2281=ORIENTED_EDGE('',*,*,#1581,.T.);
#2282=ORIENTED_EDGE('',*,*,#1647,.T.);
#2283=ORIENTED_EDGE('',*,*,#1480,.F.);
#2284=ORIENTED_EDGE('',*,*,#1648,.F.);
#2285=ORIENTED_EDGE('',*,*,#1582,.T.);
#2286=ORIENTED_EDGE('',*,*,#1648,.T.);
#2287=ORIENTED_EDGE('',*,*,#1479,.F.);
#2288=ORIENTED_EDGE('',*,*,#1649,.F.);
#2289=ORIENTED_EDGE('',*,*,#1583,.T.);
#2290=ORIENTED_EDGE('',*,*,#1649,.T.);
#2291=ORIENTED_EDGE('',*,*,#1478,.F.);
#2292=ORIENTED_EDGE('',*,*,#1650,.F.);
#2293=ORIENTED_EDGE('',*,*,#1584,.T.);
#2294=ORIENTED_EDGE('',*,*,#1650,.T.);
#2295=ORIENTED_EDGE('',*,*,#1477,.F.);
#2296=ORIENTED_EDGE('',*,*,#1651,.F.);
#2297=ORIENTED_EDGE('',*,*,#1585,.T.);
#2298=ORIENTED_EDGE('',*,*,#1651,.T.);
#2299=ORIENTED_EDGE('',*,*,#1476,.F.);
#2300=ORIENTED_EDGE('',*,*,#1652,.F.);
#2301=ORIENTED_EDGE('',*,*,#1586,.T.);
#2302=ORIENTED_EDGE('',*,*,#1652,.T.);
#2303=ORIENTED_EDGE('',*,*,#1475,.F.);
#2304=ORIENTED_EDGE('',*,*,#1653,.F.);
#2305=ORIENTED_EDGE('',*,*,#1579,.T.);
#2306=ORIENTED_EDGE('',*,*,#1653,.T.);
#2307=ORIENTED_EDGE('',*,*,#1474,.F.);
#2308=ORIENTED_EDGE('',*,*,#1646,.F.);
#2309=ORIENTED_EDGE('',*,*,#1572,.T.);
#2310=ORIENTED_EDGE('',*,*,#1654,.T.);
#2311=ORIENTED_EDGE('',*,*,#1473,.F.);
#2312=ORIENTED_EDGE('',*,*,#1655,.F.);
#2313=ORIENTED_EDGE('',*,*,#1573,.T.);
#2314=ORIENTED_EDGE('',*,*,#1655,.T.);
#2315=ORIENTED_EDGE('',*,*,#1472,.F.);
#2316=ORIENTED_EDGE('',*,*,#1656,.F.);
#2317=ORIENTED_EDGE('',*,*,#1574,.T.);
#2318=ORIENTED_EDGE('',*,*,#1656,.T.);
#2319=ORIENTED_EDGE('',*,*,#1471,.F.);
#2320=ORIENTED_EDGE('',*,*,#1657,.F.);
#2321=ORIENTED_EDGE('',*,*,#1575,.T.);
#2322=ORIENTED_EDGE('',*,*,#1657,.T.);
#2323=ORIENTED_EDGE('',*,*,#1470,.F.);
#2324=ORIENTED_EDGE('',*,*,#1658,.F.);
#2325=ORIENTED_EDGE('',*,*,#1576,.T.);
#2326=ORIENTED_EDGE('',*,*,#1658,.T.);
#2327=ORIENTED_EDGE('',*,*,#1469,.F.);
#2328=ORIENTED_EDGE('',*,*,#1659,.F.);
#2329=ORIENTED_EDGE('',*,*,#1577,.T.);
#2330=ORIENTED_EDGE('',*,*,#1659,.T.);
#2331=ORIENTED_EDGE('',*,*,#1468,.F.);
#2332=ORIENTED_EDGE('',*,*,#1660,.F.);
#2333=ORIENTED_EDGE('',*,*,#1578,.T.);
#2334=ORIENTED_EDGE('',*,*,#1660,.T.);
#2335=ORIENTED_EDGE('',*,*,#1467,.F.);
#2336=ORIENTED_EDGE('',*,*,#1661,.F.);
#2337=ORIENTED_EDGE('',*,*,#1571,.T.);
#2338=ORIENTED_EDGE('',*,*,#1661,.T.);
#2339=ORIENTED_EDGE('',*,*,#1466,.F.);
#2340=ORIENTED_EDGE('',*,*,#1654,.F.);
#2341=ORIENTED_EDGE('',*,*,#1535,.F.);
#2342=ORIENTED_EDGE('',*,*,#1464,.F.);
#2343=ORIENTED_EDGE('',*,*,#1662,.F.);
#2344=ORIENTED_EDGE('',*,*,#1569,.T.);
#2345=ORIENTED_EDGE('',*,*,#1570,.T.);
#2346=ORIENTED_EDGE('',*,*,#1662,.T.);
#2347=ORIENTED_EDGE('',*,*,#1463,.F.);
#2348=ORIENTED_EDGE('',*,*,#1541,.F.);
#2349=ORIENTED_EDGE('',*,*,#1562,.T.);
#2350=ORIENTED_EDGE('',*,*,#1663,.T.);
#2351=ORIENTED_EDGE('',*,*,#1459,.F.);
#2352=ORIENTED_EDGE('',*,*,#1664,.F.);
#2353=ORIENTED_EDGE('',*,*,#1563,.T.);
#2354=ORIENTED_EDGE('',*,*,#1664,.T.);
#2355=ORIENTED_EDGE('',*,*,#1458,.F.);
#2356=ORIENTED_EDGE('',*,*,#1665,.F.);
#2357=ORIENTED_EDGE('',*,*,#1564,.T.);
#2358=ORIENTED_EDGE('',*,*,#1665,.T.);
#2359=ORIENTED_EDGE('',*,*,#1457,.F.);
#2360=ORIENTED_EDGE('',*,*,#1666,.F.);
#2361=ORIENTED_EDGE('',*,*,#1565,.T.);
#2362=ORIENTED_EDGE('',*,*,#1666,.T.);
#2363=ORIENTED_EDGE('',*,*,#1456,.F.);
#2364=ORIENTED_EDGE('',*,*,#1667,.F.);
#2365=ORIENTED_EDGE('',*,*,#1566,.T.);
#2366=ORIENTED_EDGE('',*,*,#1667,.T.);
#2367=ORIENTED_EDGE('',*,*,#1455,.F.);
#2368=ORIENTED_EDGE('',*,*,#1668,.F.);
#2369=ORIENTED_EDGE('',*,*,#1567,.T.);
#2370=ORIENTED_EDGE('',*,*,#1668,.T.);
#2371=ORIENTED_EDGE('',*,*,#1454,.F.);
#2372=ORIENTED_EDGE('',*,*,#1669,.F.);
#2373=ORIENTED_EDGE('',*,*,#1568,.T.);
#2374=ORIENTED_EDGE('',*,*,#1669,.T.);
#2375=ORIENTED_EDGE('',*,*,#1453,.F.);
#2376=ORIENTED_EDGE('',*,*,#1670,.F.);
#2377=ORIENTED_EDGE('',*,*,#1561,.T.);
#2378=ORIENTED_EDGE('',*,*,#1670,.T.);
#2379=ORIENTED_EDGE('',*,*,#1452,.F.);
#2380=ORIENTED_EDGE('',*,*,#1663,.F.);
#2381=ORIENTED_EDGE('',*,*,#1554,.T.);
#2382=ORIENTED_EDGE('',*,*,#1671,.T.);
#2383=ORIENTED_EDGE('',*,*,#1451,.F.);
#2384=ORIENTED_EDGE('',*,*,#1672,.F.);
#2385=ORIENTED_EDGE('',*,*,#1555,.T.);
#2386=ORIENTED_EDGE('',*,*,#1672,.T.);
#2387=ORIENTED_EDGE('',*,*,#1450,.F.);
#2388=ORIENTED_EDGE('',*,*,#1673,.F.);
#2389=ORIENTED_EDGE('',*,*,#1556,.T.);
#2390=ORIENTED_EDGE('',*,*,#1673,.T.);
#2391=ORIENTED_EDGE('',*,*,#1449,.F.);
#2392=ORIENTED_EDGE('',*,*,#1674,.F.);
#2393=ORIENTED_EDGE('',*,*,#1557,.T.);
#2394=ORIENTED_EDGE('',*,*,#1674,.T.);
#2395=ORIENTED_EDGE('',*,*,#1448,.F.);
#2396=ORIENTED_EDGE('',*,*,#1675,.F.);
#2397=ORIENTED_EDGE('',*,*,#1558,.T.);
#2398=ORIENTED_EDGE('',*,*,#1675,.T.);
#2399=ORIENTED_EDGE('',*,*,#1447,.F.);
#2400=ORIENTED_EDGE('',*,*,#1676,.F.);
#2401=ORIENTED_EDGE('',*,*,#1559,.T.);
#2402=ORIENTED_EDGE('',*,*,#1676,.T.);
#2403=ORIENTED_EDGE('',*,*,#1446,.F.);
#2404=ORIENTED_EDGE('',*,*,#1677,.F.);
#2405=ORIENTED_EDGE('',*,*,#1560,.T.);
#2406=ORIENTED_EDGE('',*,*,#1677,.T.);
#2407=ORIENTED_EDGE('',*,*,#1445,.F.);
#2408=ORIENTED_EDGE('',*,*,#1678,.F.);
#2409=ORIENTED_EDGE('',*,*,#1553,.T.);
#2410=ORIENTED_EDGE('',*,*,#1678,.T.);
#2411=ORIENTED_EDGE('',*,*,#1444,.F.);
#2412=ORIENTED_EDGE('',*,*,#1671,.F.);
#2413=ORIENTED_EDGE('',*,*,#1417,.F.);
#2414=ORIENTED_EDGE('',*,*,#1616,.F.);
#2415=ORIENTED_EDGE('',*,*,#1549,.T.);
#2416=ORIENTED_EDGE('',*,*,#1442,.F.);
#2417=PLANE('',#2620);
#2418=PLANE('',#2621);
#2419=PLANE('',#2622);
#2420=PLANE('',#2623);
#2421=PLANE('',#2624);
#2422=PLANE('',#2625);
#2423=PLANE('',#2626);
#2424=PLANE('',#2627);
#2425=PLANE('',#2628);
#2426=PLANE('',#2629);
#2427=PLANE('',#2630);
#2428=PLANE('',#2631);
#2429=PLANE('',#2632);
#2430=PLANE('',#2633);
#2431=PLANE('',#2637);
#2432=PLANE('',#2644);
#2433=PLANE('',#2648);
#2434=PLANE('',#2649);
#2435=PLANE('',#2652);
#2436=PLANE('',#2655);
#2437=PLANE('',#2656);
#2438=PLANE('',#2657);
#2439=PLANE('',#2658);
#2440=PLANE('',#2659);
#2441=PLANE('',#2660);
#2442=PLANE('',#2661);
#2443=PLANE('',#2662);
#2444=PLANE('',#2695);
#2445=PLANE('',#2696);
#2446=PLANE('',#2697);
#2447=PLANE('',#2698);
#2448=PLANE('',#2699);
#2449=PLANE('',#2700);
#2450=PLANE('',#2703);
#2451=PLANE('',#2706);
#2452=PLANE('',#2707);
#2453=PLANE('',#2740);
#2454=PLANE('',#2745);
#2455=PLANE('',#2747);
#2456=PLANE('',#2749);
#2457=PLANE('',#2751);
#2458=PLANE('',#2753);
#2459=PLANE('',#2755);
#2460=PLANE('',#2757);
#2461=PLANE('',#2759);
#2462=PLANE('',#2761);
#2463=PLANE('',#2763);
#2464=PLANE('',#2765);
#2465=PLANE('',#2767);
#2466=PLANE('',#2769);
#2467=PLANE('',#2771);
#2468=PLANE('',#2773);
#2469=PLANE('',#2775);
#2470=PLANE('',#2777);
#2471=PLANE('',#2779);
#2472=PLANE('',#2781);
#2473=PLANE('',#2783);
#2474=PLANE('',#2785);
#2475=PLANE('',#2786);
#2476=PLANE('',#2787);
#2477=PLANE('',#2789);
#2478=PLANE('',#2791);
#2479=PLANE('',#2793);
#2480=PLANE('',#2795);
#2481=PLANE('',#2797);
#2482=PLANE('',#2799);
#2483=PLANE('',#2801);
#2484=PLANE('',#2803);
#2485=ADVANCED_FACE('',(#282),#2417,.T.);
#2486=ADVANCED_FACE('',(#283),#2418,.T.);
#2487=ADVANCED_FACE('',(#284),#2419,.T.);
#2488=ADVANCED_FACE('',(#285),#2420,.T.);
#2489=ADVANCED_FACE('',(#286),#2421,.T.);
#2490=ADVANCED_FACE('',(#287),#2422,.T.);
#2491=ADVANCED_FACE('',(#288),#2423,.T.);
#2492=ADVANCED_FACE('',(#289),#2424,.T.);
#2493=ADVANCED_FACE('',(#290),#2425,.T.);
#2494=ADVANCED_FACE('',(#291),#2426,.T.);
#2495=ADVANCED_FACE('',(#292),#2427,.T.);
#2496=ADVANCED_FACE('',(#293),#257,.T.);
#2497=ADVANCED_FACE('',(#294),#258,.T.);
#2498=ADVANCED_FACE('',(#295),#259,.T.);
#2499=ADVANCED_FACE('',(#296),#260,.T.);
#2500=ADVANCED_FACE('',(#297),#2428,.T.);
#2501=ADVANCED_FACE('',(#298),#261,.T.);
#2502=ADVANCED_FACE('',(#299),#262,.T.);
#2503=ADVANCED_FACE('',(#300),#263,.T.);
#2504=ADVANCED_FACE('',(#301),#264,.T.);
#2505=ADVANCED_FACE('',(#302),#2429,.T.);
#2506=ADVANCED_FACE('',(#303),#2430,.T.);
#2507=ADVANCED_FACE('',(#304),#206,.F.);
#2508=ADVANCED_FACE('',(#305),#2431,.T.);
#2509=ADVANCED_FACE('',(#306),#207,.F.);
#2510=ADVANCED_FACE('',(#307),#208,.F.);
#2511=ADVANCED_FACE('',(#308),#2432,.T.);
#2512=ADVANCED_FACE('',(#309),#209,.F.);
#2513=ADVANCED_FACE('',(#310),#265,.T.);
#2514=ADVANCED_FACE('',(#311),#266,.T.);
#2515=ADVANCED_FACE('',(#312),#2433,.T.);
#2516=ADVANCED_FACE('',(#313),#267,.T.);
#2517=ADVANCED_FACE('',(#314),#2434,.T.);
#2518=ADVANCED_FACE('',(#315),#94,.F.);
#2519=ADVANCED_FACE('',(#316),#2435,.T.);
#2520=ADVANCED_FACE('',(#317),#95,.F.);
#2521=ADVANCED_FACE('',(#318),#2436,.T.);
#2522=ADVANCED_FACE('',(#319),#268,.T.);
#2523=ADVANCED_FACE('',(#320),#2437,.T.);
#2524=ADVANCED_FACE('',(#321),#269,.T.);
#2525=ADVANCED_FACE('',(#322),#2438,.T.);
#2526=ADVANCED_FACE('',(#323),#270,.T.);
#2527=ADVANCED_FACE('',(#324),#2439,.T.);
#2528=ADVANCED_FACE('',(#325),#271,.T.);
#2529=ADVANCED_FACE('',(#326),#2440,.T.);
#2530=ADVANCED_FACE('',(#327),#2441,.T.);
#2531=ADVANCED_FACE('',(#328),#272,.F.);
#2532=ADVANCED_FACE('',(#329),#2442,.T.);
#2533=ADVANCED_FACE('',(#330),#273,.F.);
#2534=ADVANCED_FACE('',(#331,#14,#15,#16,#17,#18,#19,#20,#21,#22,#23,#24,
#25,#26,#27,#28,#29),#2443,.T.);
#2535=ADVANCED_FACE('',(#332),#274,.T.);
#2536=ADVANCED_FACE('',(#333),#2444,.T.);
#2537=ADVANCED_FACE('',(#334),#275,.T.);
#2538=ADVANCED_FACE('',(#335),#2445,.T.);
#2539=ADVANCED_FACE('',(#336),#276,.T.);
#2540=ADVANCED_FACE('',(#337),#2446,.T.);
#2541=ADVANCED_FACE('',(#338),#2447,.T.);
#2542=ADVANCED_FACE('',(#339),#277,.T.);
#2543=ADVANCED_FACE('',(#340),#278,.T.);
#2544=ADVANCED_FACE('',(#341),#2448,.T.);
#2545=ADVANCED_FACE('',(#342),#279,.T.);
#2546=ADVANCED_FACE('',(#343),#2449,.T.);
#2547=ADVANCED_FACE('',(#344),#96,.F.);
#2548=ADVANCED_FACE('',(#345),#2450,.T.);
#2549=ADVANCED_FACE('',(#346),#97,.F.);
#2550=ADVANCED_FACE('',(#347),#2451,.T.);
#2551=ADVANCED_FACE('',(#348,#30,#31,#32,#33,#34,#35,#36,#37,#38,#39,#40,
#41,#42,#43),#2452,.F.);
#2552=ADVANCED_FACE('',(#349),#280,.F.);
#2553=ADVANCED_FACE('',(#350),#2453,.T.);
#2554=ADVANCED_FACE('',(#351),#281,.F.);
#2555=ADVANCED_FACE('',(#352),#98,.F.);
#2556=ADVANCED_FACE('',(#353),#99,.F.);
#2557=ADVANCED_FACE('',(#354),#100,.F.);
#2558=ADVANCED_FACE('',(#355),#101,.F.);
#2559=ADVANCED_FACE('',(#356),#2454,.T.);
#2560=ADVANCED_FACE('',(#357),#102,.F.);
#2561=ADVANCED_FACE('',(#358),#2455,.T.);
#2562=ADVANCED_FACE('',(#359),#103,.F.);
#2563=ADVANCED_FACE('',(#360),#2456,.T.);
#2564=ADVANCED_FACE('',(#361),#104,.F.);
#2565=ADVANCED_FACE('',(#362),#2457,.T.);
#2566=ADVANCED_FACE('',(#363),#105,.F.);
#2567=ADVANCED_FACE('',(#364),#2458,.T.);
#2568=ADVANCED_FACE('',(#365),#106,.F.);
#2569=ADVANCED_FACE('',(#366),#2459,.T.);
#2570=ADVANCED_FACE('',(#367),#107,.F.);
#2571=ADVANCED_FACE('',(#368),#2460,.T.);
#2572=ADVANCED_FACE('',(#369),#108,.F.);
#2573=ADVANCED_FACE('',(#370),#2461,.T.);
#2574=ADVANCED_FACE('',(#371),#109,.F.);
#2575=ADVANCED_FACE('',(#372),#2462,.T.);
#2576=ADVANCED_FACE('',(#373),#110,.F.);
#2577=ADVANCED_FACE('',(#374),#2463,.T.);
#2578=ADVANCED_FACE('',(#375),#111,.F.);
#2579=ADVANCED_FACE('',(#376),#2464,.T.);
#2580=ADVANCED_FACE('',(#377),#112,.F.);
#2581=ADVANCED_FACE('',(#378),#2465,.T.);
#2582=ADVANCED_FACE('',(#379),#113,.F.);
#2583=ADVANCED_FACE('',(#380),#2466,.T.);
#2584=ADVANCED_FACE('',(#381),#114,.F.);
#2585=ADVANCED_FACE('',(#382),#2467,.T.);
#2586=ADVANCED_FACE('',(#383),#115,.F.);
#2587=ADVANCED_FACE('',(#384),#2468,.T.);
#2588=ADVANCED_FACE('',(#385),#116,.F.);
#2589=ADVANCED_FACE('',(#386),#2469,.T.);
#2590=ADVANCED_FACE('',(#387),#117,.F.);
#2591=ADVANCED_FACE('',(#388),#2470,.T.);
#2592=ADVANCED_FACE('',(#389),#118,.F.);
#2593=ADVANCED_FACE('',(#390),#2471,.T.);
#2594=ADVANCED_FACE('',(#391),#119,.F.);
#2595=ADVANCED_FACE('',(#392),#2472,.T.);
#2596=ADVANCED_FACE('',(#393),#120,.F.);
#2597=ADVANCED_FACE('',(#394),#2473,.T.);
#2598=ADVANCED_FACE('',(#395),#121,.F.);
#2599=ADVANCED_FACE('',(#396),#2474,.T.);
#2600=ADVANCED_FACE('',(#397),#2475,.T.);
#2601=ADVANCED_FACE('',(#398),#2476,.T.);
#2602=ADVANCED_FACE('',(#399),#122,.F.);
#2603=ADVANCED_FACE('',(#400),#2477,.T.);
#2604=ADVANCED_FACE('',(#401),#123,.F.);
#2605=ADVANCED_FACE('',(#402),#2478,.T.);
#2606=ADVANCED_FACE('',(#403),#124,.F.);
#2607=ADVANCED_FACE('',(#404),#2479,.T.);
#2608=ADVANCED_FACE('',(#405),#125,.F.);
#2609=ADVANCED_FACE('',(#406),#2480,.T.);
#2610=ADVANCED_FACE('',(#407),#126,.F.);
#2611=ADVANCED_FACE('',(#408),#2481,.T.);
#2612=ADVANCED_FACE('',(#409),#127,.F.);
#2613=ADVANCED_FACE('',(#410),#2482,.T.);
#2614=ADVANCED_FACE('',(#411),#128,.F.);
#2615=ADVANCED_FACE('',(#412),#2483,.T.);
#2616=ADVANCED_FACE('',(#413),#129,.F.);
#2617=ADVANCED_FACE('',(#414),#2484,.T.);
#2618=CLOSED_SHELL('',(#2485,#2486,#2487,#2488,#2489,#2490,#2491,#2492,
#2493,#2494,#2495,#2496,#2497,#2498,#2499,#2500,#2501,#2502,#2503,#2504,
#2505,#2506,#2507,#2508,#2509,#2510,#2511,#2512,#2513,#2514,#2515,#2516,
#2517,#2518,#2519,#2520,#2521,#2522,#2523,#2524,#2525,#2526,#2527,#2528,
#2529,#2530,#2531,#2532,#2533,#2534,#2535,#2536,#2537,#2538,#2539,#2540,
#2541,#2542,#2543,#2544,#2545,#2546,#2547,#2548,#2549,#2550,#2551,#2552,
#2553,#2554,#2555,#2556,#2557,#2558,#2559,#2560,#2561,#2562,#2563,#2564,
#2565,#2566,#2567,#2568,#2569,#2570,#2571,#2572,#2573,#2574,#2575,#2576,
#2577,#2578,#2579,#2580,#2581,#2582,#2583,#2584,#2585,#2586,#2587,#2588,
#2589,#2590,#2591,#2592,#2593,#2594,#2595,#2596,#2597,#2598,#2599,#2600,
#2601,#2602,#2603,#2604,#2605,#2606,#2607,#2608,#2609,#2610,#2611,#2612,
#2613,#2614,#2615,#2616,#2617));
#2619=AXIS2_PLACEMENT_3D('',#3420,#2804,#2805);
#2620=AXIS2_PLACEMENT_3D('',#3421,#2806,#2807);
#2621=AXIS2_PLACEMENT_3D('',#3430,#2812,#2813);
#2622=AXIS2_PLACEMENT_3D('',#3436,#2817,#2818);
#2623=AXIS2_PLACEMENT_3D('',#3442,#2822,#2823);
#2624=AXIS2_PLACEMENT_3D('',#3445,#2826,#2827);
#2625=AXIS2_PLACEMENT_3D('',#3446,#2828,#2829);
#2626=AXIS2_PLACEMENT_3D('',#3455,#2834,#2835);
#2627=AXIS2_PLACEMENT_3D('',#3461,#2839,#2840);
#2628=AXIS2_PLACEMENT_3D('',#3467,#2844,#2845);
#2629=AXIS2_PLACEMENT_3D('',#3470,#2848,#2849);
#2630=AXIS2_PLACEMENT_3D('',#3471,#2850,#2851);
#2631=AXIS2_PLACEMENT_3D('',#3572,#2860,#2861);
#2632=AXIS2_PLACEMENT_3D('',#3667,#2868,#2869);
#2633=AXIS2_PLACEMENT_3D('',#3668,#2870,#2871);
#2634=AXIS2_PLACEMENT_3D('',#3677,#2876,#2877);
#2635=AXIS2_PLACEMENT_3D('',#3679,#2878,#2879);
#2636=AXIS2_PLACEMENT_3D('',#3682,#2881,#2882);
#2637=AXIS2_PLACEMENT_3D('',#3683,#2883,#2884);
#2638=AXIS2_PLACEMENT_3D('',#3689,#2888,#2889);
#2639=AXIS2_PLACEMENT_3D('',#3693,#2891,#2892);
#2640=AXIS2_PLACEMENT_3D('',#3694,#2893,#2894);
#2641=AXIS2_PLACEMENT_3D('',#3695,#2895,#2896);
#2642=AXIS2_PLACEMENT_3D('',#3700,#2898,#2899);
#2643=AXIS2_PLACEMENT_3D('',#3703,#2901,#2902);
#2644=AXIS2_PLACEMENT_3D('',#3704,#2903,#2904);
#2645=AXIS2_PLACEMENT_3D('',#3710,#2908,#2909);
#2646=AXIS2_PLACEMENT_3D('',#3711,#2910,#2911);
#2647=AXIS2_PLACEMENT_3D('',#3712,#2912,#2913);
#2648=AXIS2_PLACEMENT_3D('',#3787,#2916,#2917);
#2649=AXIS2_PLACEMENT_3D('',#3863,#2922,#2923);
#2650=AXIS2_PLACEMENT_3D('',#3869,#2927,#2928);
#2651=AXIS2_PLACEMENT_3D('',#3873,#2930,#2931);
#2652=AXIS2_PLACEMENT_3D('',#3875,#2933,#2934);
#2653=AXIS2_PLACEMENT_3D('',#3879,#2937,#2938);
#2654=AXIS2_PLACEMENT_3D('',#3882,#2940,#2941);
#2655=AXIS2_PLACEMENT_3D('',#3883,#2942,#2943);
#2656=AXIS2_PLACEMENT_3D('',#3971,#2948,#2949);
#2657=AXIS2_PLACEMENT_3D('',#4052,#2954,#2955);
#2658=AXIS2_PLACEMENT_3D('',#4127,#2960,#2961);
#2659=AXIS2_PLACEMENT_3D('',#4208,#2966,#2967);
#2660=AXIS2_PLACEMENT_3D('',#4211,#2970,#2971);
#2661=AXIS2_PLACEMENT_3D('',#4281,#2976,#2977);
#2662=AXIS2_PLACEMENT_3D('',#4349,#2981,#2982);
#2663=AXIS2_PLACEMENT_3D('',#4352,#2983,#2984);
#2664=AXIS2_PLACEMENT_3D('',#4356,#2986,#2987);
#2665=AXIS2_PLACEMENT_3D('',#4360,#2989,#2990);
#2666=AXIS2_PLACEMENT_3D('',#4364,#2992,#2993);
#2667=AXIS2_PLACEMENT_3D('',#4368,#2995,#2996);
#2668=AXIS2_PLACEMENT_3D('',#4372,#2998,#2999);
#2669=AXIS2_PLACEMENT_3D('',#4376,#3001,#3002);
#2670=AXIS2_PLACEMENT_3D('',#4380,#3004,#3005);
#2671=AXIS2_PLACEMENT_3D('',#4426,#3011,#3012);
#2672=AXIS2_PLACEMENT_3D('',#4430,#3014,#3015);
#2673=AXIS2_PLACEMENT_3D('',#4434,#3017,#3018);
#2674=AXIS2_PLACEMENT_3D('',#4438,#3020,#3021);
#2675=AXIS2_PLACEMENT_3D('',#4442,#3023,#3024);
#2676=AXIS2_PLACEMENT_3D('',#4446,#3026,#3027);
#2677=AXIS2_PLACEMENT_3D('',#4450,#3029,#3030);
#2678=AXIS2_PLACEMENT_3D('',#4454,#3032,#3033);
#2679=AXIS2_PLACEMENT_3D('',#4458,#3035,#3036);
#2680=AXIS2_PLACEMENT_3D('',#4462,#3038,#3039);
#2681=AXIS2_PLACEMENT_3D('',#4466,#3041,#3042);
#2682=AXIS2_PLACEMENT_3D('',#4470,#3044,#3045);
#2683=AXIS2_PLACEMENT_3D('',#4474,#3047,#3048);
#2684=AXIS2_PLACEMENT_3D('',#4478,#3050,#3051);
#2685=AXIS2_PLACEMENT_3D('',#4482,#3053,#3054);
#2686=AXIS2_PLACEMENT_3D('',#4486,#3056,#3057);
#2687=AXIS2_PLACEMENT_3D('',#4490,#3059,#3060);
#2688=AXIS2_PLACEMENT_3D('',#4494,#3062,#3063);
#2689=AXIS2_PLACEMENT_3D('',#4498,#3065,#3066);
#2690=AXIS2_PLACEMENT_3D('',#4502,#3068,#3069);
#2691=AXIS2_PLACEMENT_3D('',#4505,#3071,#3072);
#2692=AXIS2_PLACEMENT_3D('',#4507,#3073,#3074);
#2693=AXIS2_PLACEMENT_3D('',#4509,#3075,#3076);
#2694=AXIS2_PLACEMENT_3D('',#4511,#3077,#3078);
#2695=AXIS2_PLACEMENT_3D('',#4616,#3085,#3086);
#2696=AXIS2_PLACEMENT_3D('',#4663,#3090,#3091);
#2697=AXIS2_PLACEMENT_3D('',#4717,#3095,#3096);
#2698=AXIS2_PLACEMENT_3D('',#4721,#3099,#3100);
#2699=AXIS2_PLACEMENT_3D('',#4823,#3104,#3105);
#2700=AXIS2_PLACEMENT_3D('',#4877,#3109,#3110);
#2701=AXIS2_PLACEMENT_3D('',#4881,#3113,#3114);
#2702=AXIS2_PLACEMENT_3D('',#4885,#3116,#3117);
#2703=AXIS2_PLACEMENT_3D('',#4887,#3119,#3120);
#2704=AXIS2_PLACEMENT_3D('',#4891,#3123,#3124);
#2705=AXIS2_PLACEMENT_3D('',#4892,#3125,#3126);
#2706=AXIS2_PLACEMENT_3D('',#4893,#3127,#3128);
#2707=AXIS2_PLACEMENT_3D('',#4895,#3130,#3131);
#2708=AXIS2_PLACEMENT_3D('',#4947,#3134,#3135);
#2709=AXIS2_PLACEMENT_3D('',#4951,#3137,#3138);
#2710=AXIS2_PLACEMENT_3D('',#4955,#3140,#3141);
#2711=AXIS2_PLACEMENT_3D('',#4959,#3143,#3144);
#2712=AXIS2_PLACEMENT_3D('',#4963,#3146,#3147);
#2713=AXIS2_PLACEMENT_3D('',#4967,#3149,#3150);
#2714=AXIS2_PLACEMENT_3D('',#4971,#3152,#3153);
#2715=AXIS2_PLACEMENT_3D('',#4975,#3155,#3156);
#2716=AXIS2_PLACEMENT_3D('',#4982,#3160,#3161);
#2717=AXIS2_PLACEMENT_3D('',#4986,#3163,#3164);
#2718=AXIS2_PLACEMENT_3D('',#4990,#3166,#3167);
#2719=AXIS2_PLACEMENT_3D('',#4994,#3169,#3170);
#2720=AXIS2_PLACEMENT_3D('',#4998,#3172,#3173);
#2721=AXIS2_PLACEMENT_3D('',#5002,#3175,#3176);
#2722=AXIS2_PLACEMENT_3D('',#5006,#3178,#3179);
#2723=AXIS2_PLACEMENT_3D('',#5010,#3181,#3182);
#2724=AXIS2_PLACEMENT_3D('',#5014,#3184,#3185);
#2725=AXIS2_PLACEMENT_3D('',#5018,#3187,#3188);
#2726=AXIS2_PLACEMENT_3D('',#5022,#3190,#3191);
#2727=AXIS2_PLACEMENT_3D('',#5026,#3193,#3194);
#2728=AXIS2_PLACEMENT_3D('',#5030,#3196,#3197);
#2729=AXIS2_PLACEMENT_3D('',#5034,#3199,#3200);
#2730=AXIS2_PLACEMENT_3D('',#5038,#3202,#3203);
#2731=AXIS2_PLACEMENT_3D('',#5042,#3205,#3206);
#2732=AXIS2_PLACEMENT_3D('',#5046,#3208,#3209);
#2733=AXIS2_PLACEMENT_3D('',#5050,#3211,#3212);
#2734=AXIS2_PLACEMENT_3D('',#5054,#3214,#3215);
#2735=AXIS2_PLACEMENT_3D('',#5058,#3217,#3218);
#2736=AXIS2_PLACEMENT_3D('',#5061,#3220,#3221);
#2737=AXIS2_PLACEMENT_3D('',#5063,#3222,#3223);
#2738=AXIS2_PLACEMENT_3D('',#5065,#3224,#3225);
#2739=AXIS2_PLACEMENT_3D('',#5067,#3226,#3227);
#2740=AXIS2_PLACEMENT_3D('',#5110,#3230,#3231);
#2741=AXIS2_PLACEMENT_3D('',#5152,#3233,#3234);
#2742=AXIS2_PLACEMENT_3D('',#5154,#3236,#3237);
#2743=AXIS2_PLACEMENT_3D('',#5156,#3239,#3240);
#2744=AXIS2_PLACEMENT_3D('',#5158,#3242,#3243);
#2745=AXIS2_PLACEMENT_3D('',#5160,#3245,#3246);
#2746=AXIS2_PLACEMENT_3D('',#5163,#3249,#3250);
#2747=AXIS2_PLACEMENT_3D('',#5165,#3252,#3253);
#2748=AXIS2_PLACEMENT_3D('',#5167,#3255,#3256);
#2749=AXIS2_PLACEMENT_3D('',#5169,#3258,#3259);
#2750=AXIS2_PLACEMENT_3D('',#5171,#3261,#3262);
#2751=AXIS2_PLACEMENT_3D('',#5173,#3264,#3265);
#2752=AXIS2_PLACEMENT_3D('',#5175,#3267,#3268);
#2753=AXIS2_PLACEMENT_3D('',#5176,#3269,#3270);
#2754=AXIS2_PLACEMENT_3D('',#5179,#3273,#3274);
#2755=AXIS2_PLACEMENT_3D('',#5181,#3276,#3277);
#2756=AXIS2_PLACEMENT_3D('',#5183,#3279,#3280);
#2757=AXIS2_PLACEMENT_3D('',#5185,#3282,#3283);
#2758=AXIS2_PLACEMENT_3D('',#5187,#3285,#3286);
#2759=AXIS2_PLACEMENT_3D('',#5189,#3288,#3289);
#2760=AXIS2_PLACEMENT_3D('',#5191,#3291,#3292);
#2761=AXIS2_PLACEMENT_3D('',#5192,#3293,#3294);
#2762=AXIS2_PLACEMENT_3D('',#5195,#3297,#3298);
#2763=AXIS2_PLACEMENT_3D('',#5197,#3300,#3301);
#2764=AXIS2_PLACEMENT_3D('',#5199,#3303,#3304);
#2765=AXIS2_PLACEMENT_3D('',#5201,#3306,#3307);
#2766=AXIS2_PLACEMENT_3D('',#5203,#3309,#3310);
#2767=AXIS2_PLACEMENT_3D('',#5205,#3312,#3313);
#2768=AXIS2_PLACEMENT_3D('',#5207,#3315,#3316);
#2769=AXIS2_PLACEMENT_3D('',#5208,#3317,#3318);
#2770=AXIS2_PLACEMENT_3D('',#5211,#3321,#3322);
#2771=AXIS2_PLACEMENT_3D('',#5213,#3324,#3325);
#2772=AXIS2_PLACEMENT_3D('',#5215,#3327,#3328);
#2773=AXIS2_PLACEMENT_3D('',#5217,#3330,#3331);
#2774=AXIS2_PLACEMENT_3D('',#5219,#3333,#3334);
#2775=AXIS2_PLACEMENT_3D('',#5221,#3336,#3337);
#2776=AXIS2_PLACEMENT_3D('',#5223,#3339,#3340);
#2777=AXIS2_PLACEMENT_3D('',#5224,#3341,#3342);
#2778=AXIS2_PLACEMENT_3D('',#5227,#3345,#3346);
#2779=AXIS2_PLACEMENT_3D('',#5229,#3348,#3349);
#2780=AXIS2_PLACEMENT_3D('',#5231,#3351,#3352);
#2781=AXIS2_PLACEMENT_3D('',#5233,#3354,#3355);
#2782=AXIS2_PLACEMENT_3D('',#5235,#3357,#3358);
#2783=AXIS2_PLACEMENT_3D('',#5237,#3360,#3361);
#2784=AXIS2_PLACEMENT_3D('',#5239,#3363,#3364);
#2785=AXIS2_PLACEMENT_3D('',#5240,#3365,#3366);
#2786=AXIS2_PLACEMENT_3D('',#5242,#3368,#3369);
#2787=AXIS2_PLACEMENT_3D('',#5243,#3370,#3371);
#2788=AXIS2_PLACEMENT_3D('',#5246,#3374,#3375);
#2789=AXIS2_PLACEMENT_3D('',#5248,#3377,#3378);
#2790=AXIS2_PLACEMENT_3D('',#5250,#3380,#3381);
#2791=AXIS2_PLACEMENT_3D('',#5252,#3383,#3384);
#2792=AXIS2_PLACEMENT_3D('',#5254,#3386,#3387);
#2793=AXIS2_PLACEMENT_3D('',#5256,#3389,#3390);
#2794=AXIS2_PLACEMENT_3D('',#5258,#3392,#3393);
#2795=AXIS2_PLACEMENT_3D('',#5259,#3394,#3395);
#2796=AXIS2_PLACEMENT_3D('',#5262,#3398,#3399);
#2797=AXIS2_PLACEMENT_3D('',#5264,#3401,#3402);
#2798=AXIS2_PLACEMENT_3D('',#5266,#3404,#3405);
#2799=AXIS2_PLACEMENT_3D('',#5268,#3407,#3408);
#2800=AXIS2_PLACEMENT_3D('',#5270,#3410,#3411);
#2801=AXIS2_PLACEMENT_3D('',#5272,#3413,#3414);
#2802=AXIS2_PLACEMENT_3D('',#5274,#3416,#3417);
#2803=AXIS2_PLACEMENT_3D('',#5275,#3418,#3419);
#2804=DIRECTION('axis',(0.,0.,1.));
#2805=DIRECTION('refdir',(1.,0.,0.));
#2806=DIRECTION('center_axis',(-1.,0.,0.));
#2807=DIRECTION('ref_axis',(0.,0.,1.));
#2808=DIRECTION('',(0.,0.,-1.));
#2809=DIRECTION('',(0.,1.,0.));
#2810=DIRECTION('',(0.,0.,1.));
#2811=DIRECTION('',(0.,1.,0.));
#2812=DIRECTION('center_axis',(0.,0.,-1.));
#2813=DIRECTION('ref_axis',(-1.,0.,0.));
#2814=DIRECTION('',(1.,0.,0.));
#2815=DIRECTION('',(-1.,0.,0.));
#2816=DIRECTION('',(0.,1.,0.));
#2817=DIRECTION('center_axis',(1.,0.,0.));
#2818=DIRECTION('ref_axis',(0.,0.,-1.));
#2819=DIRECTION('',(0.,0.,1.));
#2820=DIRECTION('',(0.,0.,-1.));
#2821=DIRECTION('',(0.,1.,0.));
#2822=DIRECTION('center_axis',(0.,0.,1.));
#2823=DIRECTION('ref_axis',(1.,0.,0.));
#2824=DIRECTION('',(-1.,0.,0.));
#2825=DIRECTION('',(1.,0.,0.));
#2826=DIRECTION('center_axis',(0.,1.,0.));
#2827=DIRECTION('ref_axis',(0.,0.,1.));
#2828=DIRECTION('center_axis',(-1.,0.,0.));
#2829=DIRECTION('ref_axis',(0.,0.,1.));
#2830=DIRECTION('',(0.,0.,-1.));
#2831=DIRECTION('',(0.,1.,0.));
#2832=DIRECTION('',(0.,0.,1.));
#2833=DIRECTION('',(0.,1.,0.));
#2834=DIRECTION('center_axis',(0.,0.,-1.));
#2835=DIRECTION('ref_axis',(-1.,0.,0.));
#2836=DIRECTION('',(1.,0.,0.));
#2837=DIRECTION('',(-1.,0.,0.));
#2838=DIRECTION('',(0.,1.,0.));
#2839=DIRECTION('center_axis',(1.,0.,0.));
#2840=DIRECTION('ref_axis',(0.,0.,-1.));
#2841=DIRECTION('',(0.,0.,1.));
#2842=DIRECTION('',(0.,0.,-1.));
#2843=DIRECTION('',(0.,1.,0.));
#2844=DIRECTION('center_axis',(0.,0.,1.));
#2845=DIRECTION('ref_axis',(1.,0.,0.));
#2846=DIRECTION('',(-1.,0.,0.));
#2847=DIRECTION('',(1.,0.,0.));
#2848=DIRECTION('center_axis',(0.,1.,0.));
#2849=DIRECTION('ref_axis',(0.,0.,1.));
#2850=DIRECTION('center_axis',(0.,0.,1.));
#2851=DIRECTION('ref_axis',(1.,0.,0.));
#2852=DIRECTION('',(-1.,0.,0.));
#2853=DIRECTION('',(0.,1.,0.));
#2854=DIRECTION('',(1.,0.,0.));
#2855=DIRECTION('',(0.,1.,0.));
#2856=DIRECTION('',(0.,1.,0.));
#2857=DIRECTION('',(0.,1.,0.));
#2858=DIRECTION('',(0.,1.,0.));
#2859=DIRECTION('',(0.,1.,0.));
#2860=DIRECTION('center_axis',(0.,0.,-1.));
#2861=DIRECTION('ref_axis',(-1.,0.,0.));
#2862=DIRECTION('',(1.,0.,0.));
#2863=DIRECTION('',(-1.,0.,0.));
#2864=DIRECTION('',(0.,1.,0.));
#2865=DIRECTION('',(0.,1.,0.));
#2866=DIRECTION('',(0.,1.,0.));
#2867=DIRECTION('',(0.,1.,0.));
#2868=DIRECTION('center_axis',(0.,1.,0.));
#2869=DIRECTION('ref_axis',(-1.,0.,0.));
#2870=DIRECTION('center_axis',(0.,0.707106781186547,0.707106781186548));
#2871=DIRECTION('ref_axis',(1.,0.,0.));
#2872=DIRECTION('',(0.,0.707106781186548,-0.707106781186547));
#2873=DIRECTION('',(-1.,0.,0.));
#2874=DIRECTION('',(0.,-0.707106781186548,0.707106781186547));
#2875=DIRECTION('',(1.,0.,0.));
#2876=DIRECTION('center_axis',(0.,1.,0.));
#2877=DIRECTION('ref_axis',(0.707106781186548,0.,-0.707106781186547));
#2878=DIRECTION('center_axis',(0.,-1.,0.));
#2879=DIRECTION('ref_axis',(0.707106781186548,0.,-0.707106781186547));
#2880=DIRECTION('',(0.707106781186547,0.707106781186547,0.));
#2881=DIRECTION('center_axis',(0.,1.,0.));
#2882=DIRECTION('ref_axis',(0.707106781186548,0.,-0.707106781186547));
#2883=DIRECTION('center_axis',(-0.707106781186548,0.707106781186548,0.));
#2884=DIRECTION('ref_axis',(0.,0.,1.));
#2885=DIRECTION('',(0.707106781186547,0.707106781186547,0.));
#2886=DIRECTION('',(0.,0.,-1.));
#2887=DIRECTION('',(0.,0.,1.));
#2888=DIRECTION('center_axis',(0.,1.,0.));
#2889=DIRECTION('ref_axis',(0.707106781186547,0.,0.707106781186547));
#2890=DIRECTION('',(0.106214469542593,0.707106781186525,0.699084033904235));
#2891=DIRECTION('center_axis',(0.,1.,0.));
#2892=DIRECTION('ref_axis',(0.707106781186548,0.,0.707106781186548));
#2893=DIRECTION('center_axis',(0.,-1.,0.));
#2894=DIRECTION('ref_axis',(0.707106781186548,0.,0.707106781186548));
#2895=DIRECTION('center_axis',(0.,1.,0.));
#2896=DIRECTION('ref_axis',(-0.707106781186547,0.,0.707106781186548));
#2897=DIRECTION('',(0.302019325188545,-0.707106781186548,-0.639362438068312));
#2898=DIRECTION('center_axis',(0.,-1.,0.));
#2899=DIRECTION('ref_axis',(-0.707106781186547,0.,0.707106781186548));
#2900=DIRECTION('',(-0.707106781186547,0.707106781186547,0.));
#2901=DIRECTION('center_axis',(0.,1.,0.));
#2902=DIRECTION('ref_axis',(-0.707106781186547,0.,0.707106781186548));
#2903=DIRECTION('center_axis',(0.707106781186548,0.707106781186548,0.));
#2904=DIRECTION('ref_axis',(0.,0.,-1.));
#2905=DIRECTION('',(-0.707106781186547,0.707106781186547,-7.85046229341887E-16));
#2906=DIRECTION('',(0.,0.,1.));
#2907=DIRECTION('',(0.,0.,-1.));
#2908=DIRECTION('center_axis',(0.,1.,0.));
#2909=DIRECTION('ref_axis',(-0.707106781186548,0.,-0.707106781186548));
#2910=DIRECTION('center_axis',(0.,-1.,0.));
#2911=DIRECTION('ref_axis',(-0.707106781186548,0.,-0.707106781186548));
#2912=DIRECTION('center_axis',(0.,1.,0.));
#2913=DIRECTION('ref_axis',(-0.707106781186548,0.,-0.707106781186548));
#2914=DIRECTION('',(0.,0.707106781186548,0.707106781186547));
#2915=DIRECTION('',(-7.85046229341887E-16,-0.707106781186548,-0.707106781186547));
#2916=DIRECTION('center_axis',(0.,0.707106781186547,-0.707106781186548));
#2917=DIRECTION('ref_axis',(-1.,0.,0.));
#2918=DIRECTION('',(-1.,0.,0.));
#2919=DIRECTION('',(1.,0.,0.));
#2920=DIRECTION('',(0.,-1.,0.));
#2921=DIRECTION('',(0.,1.,0.));
#2922=DIRECTION('center_axis',(0.,0.,1.));
#2923=DIRECTION('ref_axis',(1.,0.,0.));
#2924=DIRECTION('',(1.,0.,0.));
#2925=DIRECTION('',(0.,1.,0.));
#2926=DIRECTION('',(1.,0.,0.));
#2927=DIRECTION('center_axis',(0.,1.,0.));
#2928=DIRECTION('ref_axis',(0.707106781186548,0.,-0.707106781186547));
#2929=DIRECTION('',(0.,-1.,0.));
#2930=DIRECTION('center_axis',(0.,-1.,0.));
#2931=DIRECTION('ref_axis',(0.707106781186548,0.,-0.707106781186547));
#2932=DIRECTION('',(0.,1.,0.));
#2933=DIRECTION('center_axis',(0.,0.,1.));
#2934=DIRECTION('ref_axis',(1.,0.,0.));
#2935=DIRECTION('',(0.,1.,0.));
#2936=DIRECTION('',(1.,0.,0.));
#2937=DIRECTION('center_axis',(0.,1.,0.));
#2938=DIRECTION('ref_axis',(-0.707106781186548,0.,-0.707106781186548));
#2939=DIRECTION('',(0.,-1.,0.));
#2940=DIRECTION('center_axis',(0.,-1.,0.));
#2941=DIRECTION('ref_axis',(-0.707106781186548,0.,-0.707106781186548));
#2942=DIRECTION('center_axis',(1.,0.,0.));
#2943=DIRECTION('ref_axis',(0.,0.,-1.));
#2944=DIRECTION('',(0.,1.,0.));
#2945=DIRECTION('',(0.,0.,-1.));
#2946=DIRECTION('',(4.51401581871585E-15,-0.707106781186548,-0.707106781186547));
#2947=DIRECTION('',(0.707106781186547,0.707106781186548,1.96261557335472E-16));
#2948=DIRECTION('center_axis',(2.60812700778036E-17,0.707106781186547,-0.707106781186548));
#2949=DIRECTION('ref_axis',(-1.,0.,-3.68844858679454E-17));
#2950=DIRECTION('',(1.,0.,3.68844858679454E-17));
#2951=DIRECTION('',(0.,-0.707106781186548,-0.707106781186547));
#2952=DIRECTION('',(-1.,0.,-3.68844858679454E-17));
#2953=DIRECTION('',(0.707106781186546,-0.707106781186549,4.21962348271265E-15));
#2954=DIRECTION('center_axis',(0.707106781186549,0.707106781186546,0.));
#2955=DIRECTION('ref_axis',(0.,0.,-1.));
#2956=DIRECTION('',(0.,0.,1.));
#2957=DIRECTION('',(0.707106781186546,-0.707106781186549,0.));
#2958=DIRECTION('',(0.,0.,-1.));
#2959=DIRECTION('',(-6.28036983473511E-15,-0.707106781186549,0.707106781186546));
#2960=DIRECTION('center_axis',(0.,0.707106781186546,0.707106781186549));
#2961=DIRECTION('ref_axis',(1.,0.,0.));
#2962=DIRECTION('',(-1.,0.,0.));
#2963=DIRECTION('',(-7.85046229341889E-16,-0.707106781186549,0.707106781186546));
#2964=DIRECTION('',(1.,0.,0.));
#2965=DIRECTION('',(-0.707106781186547,-0.707106781186548,-6.2803698347351E-15));
#2966=DIRECTION('center_axis',(-0.707106781186548,0.707106781186548,0.));
#2967=DIRECTION('ref_axis',(0.,0.,1.));
#2968=DIRECTION('',(0.,0.,-1.));
#2969=DIRECTION('',(0.,0.,1.));
#2970=DIRECTION('center_axis',(0.,0.,1.));
#2971=DIRECTION('ref_axis',(1.,0.,0.));
#2972=DIRECTION('',(0.,1.,0.));
#2973=DIRECTION('',(1.,0.,0.));
#2974=DIRECTION('',(0.,-1.,0.));
#2975=DIRECTION('',(0.,-1.,0.));
#2976=DIRECTION('center_axis',(-1.,0.,0.));
#2977=DIRECTION('ref_axis',(0.,0.,1.));
#2978=DIRECTION('',(0.,1.,0.));
#2979=DIRECTION('',(0.,0.,1.));
#2980=DIRECTION('',(0.,-1.,0.));
#2981=DIRECTION('center_axis',(0.,1.,0.));
#2982=DIRECTION('ref_axis',(-1.,0.,0.));
#2983=DIRECTION('center_axis',(3.6134698947966E-47,-1.,-2.46519032881567E-32));
#2984=DIRECTION('ref_axis',(-1.2362182164215E-94,-2.46519032881567E-32,
1.));
#2985=DIRECTION('',(-1.,9.48150126467563E-34,0.));
#2986=DIRECTION('center_axis',(9.36023583591982E-46,-1.,4.68386162474975E-31));
#2987=DIRECTION('ref_axis',(-1.,-5.09612839955629E-45,-8.88178419700128E-15));
#2988=DIRECTION('',(6.83214169000096E-16,3.72338838362689E-48,-1.));
#2989=DIRECTION('center_axis',(-2.6842919218489E-46,-1.,-1.04686848164891E-45));
#2990=DIRECTION('ref_axis',(0.,1.04686848164891E-45,-1.));
#2991=DIRECTION('',(1.,0.,3.41607084500048E-16));
#2992=DIRECTION('center_axis',(9.90761804854659E-46,-1.,4.68386162474975E-31));
#2993=DIRECTION('ref_axis',(1.,9.90761804854659E-46,0.));
#2994=DIRECTION('',(0.,-1.32741017705459E-31,1.));
#2995=DIRECTION('center_axis',(-1.23845225606834E-46,-1.,-2.46519032881567E-32));
#2996=DIRECTION('ref_axis',(1.,-5.61750995708349E-46,1.77635683940029E-14));
#2997=DIRECTION('',(0.,-2.08593027822864E-31,1.));
#2998=DIRECTION('center_axis',(-1.15631036633498E-45,-1.,4.68386162474978E-31));
#2999=DIRECTION('ref_axis',(-1.77635683940029E-14,4.68386162474978E-31,
1.));
#3000=DIRECTION('',(-1.,-1.80148524028836E-32,-6.83214169000096E-16));
#3001=DIRECTION('center_axis',(1.25897908904183E-45,-1.,9.86076131526265E-32));
#3002=DIRECTION('ref_axis',(-1.,-1.25897908904183E-45,0.));
#3003=DIRECTION('',(0.,2.08593027822864E-31,-1.));
#3004=DIRECTION('center_axis',(-1.15631036633491E-45,-1.,-1.72425396977465E-45));
#3005=DIRECTION('ref_axis',(0.,1.72425396977465E-45,-1.));
#3006=DIRECTION('',(1.,9.48150126467564E-34,6.83214169000096E-16));
#3007=DIRECTION('',(0.,0.,-1.));
#3008=DIRECTION('',(1.,0.,0.));
#3009=DIRECTION('',(0.,0.,1.));
#3010=DIRECTION('',(-1.,0.,0.));
#3011=DIRECTION('center_axis',(7.1638992655938E-45,-1.,-5.82962056447618E-45));
#3012=DIRECTION('ref_axis',(1.77635683940026E-14,5.82962056447631E-45,-1.));
#3013=DIRECTION('',(1.,0.,0.));
#3014=DIRECTION('center_axis',(5.9719399397593E-45,-1.,4.68386162474975E-31));
#3015=DIRECTION('ref_axis',(1.,5.9719399397593E-45,0.));
#3016=DIRECTION('',(0.,-2.08593027822864E-31,1.));
#3017=DIRECTION('center_axis',(-1.15631036633491E-45,-1.,4.68386162474974E-31));
#3018=DIRECTION('ref_axis',(0.,4.68386162474974E-31,1.));
#3019=DIRECTION('',(-1.,-1.80148524028836E-32,-6.83214169000096E-16));
#3020=DIRECTION('center_axis',(1.75162308040605E-45,-1.,4.68386162474975E-31));
#3021=DIRECTION('ref_axis',(-1.,-1.00718327123347E-44,-1.77635683940026E-14));
#3022=DIRECTION('',(0.,2.08593027822864E-31,-1.));
#3023=DIRECTION('center_axis',(0.,-1.,0.));
#3024=DIRECTION('ref_axis',(0.,0.,-1.));
#3025=DIRECTION('',(1.,0.,0.));
#3026=DIRECTION('center_axis',(0.,-1.,0.));
#3027=DIRECTION('ref_axis',(1.,0.,0.));
#3028=DIRECTION('',(0.,0.,1.));
#3029=DIRECTION('center_axis',(0.,-1.,0.));
#3030=DIRECTION('ref_axis',(0.,0.,1.));
#3031=DIRECTION('',(-1.,0.,0.));
#3032=DIRECTION('center_axis',(0.,-1.,0.));
#3033=DIRECTION('ref_axis',(-1.,0.,0.));
#3034=DIRECTION('',(0.,0.,-1.));
#3035=DIRECTION('center_axis',(3.6134698947966E-47,-1.,2.61717120412231E-46));
#3036=DIRECTION('ref_axis',(0.,2.61717120412231E-46,1.));
#3037=DIRECTION('',(-1.,0.,0.));
#3038=DIRECTION('center_axis',(2.05268329735081E-46,-1.,9.86076131526265E-32));
#3039=DIRECTION('ref_axis',(-1.,-2.05268329735081E-46,0.));
#3040=DIRECTION('',(0.,1.32741017705459E-31,-1.));
#3041=DIRECTION('center_axis',(-2.6842919218489E-46,-1.,-1.710569414459E-46));
#3042=DIRECTION('ref_axis',(0.,1.710569414459E-46,-1.));
#3043=DIRECTION('',(1.,0.,0.));
#3044=DIRECTION('center_axis',(-5.47382212626881E-47,-1.,-2.46519032881567E-32));
#3045=DIRECTION('ref_axis',(1.,-2.73691106313442E-46,8.88178419700128E-15));
#3046=DIRECTION('',(-6.83214169000096E-16,-3.13039620624933E-49,1.));
#3047=DIRECTION('center_axis',(0.,-1.,0.));
#3048=DIRECTION('ref_axis',(0.,0.,-1.));
#3049=DIRECTION('',(1.,0.,0.));
#3050=DIRECTION('center_axis',(0.,-1.,0.));
#3051=DIRECTION('ref_axis',(1.,0.,0.));
#3052=DIRECTION('',(0.,0.,1.));
#3053=DIRECTION('center_axis',(0.,-1.,0.));
#3054=DIRECTION('ref_axis',(0.,0.,1.));
#3055=DIRECTION('',(-1.,0.,0.));
#3056=DIRECTION('center_axis',(0.,-1.,0.));
#3057=DIRECTION('ref_axis',(-1.,0.,0.));
#3058=DIRECTION('',(0.,0.,-1.));
#3059=DIRECTION('center_axis',(5.94673902686522E-45,-1.,4.68386162474985E-31));
#3060=DIRECTION('ref_axis',(3.55271367880051E-14,-4.68386162474985E-31,
-1.));
#3061=DIRECTION('',(1.,1.80148524028836E-32,-6.83214169000096E-16));
#3062=DIRECTION('center_axis',(-5.03044253404115E-45,-1.,4.68386162474982E-31));
#3063=DIRECTION('ref_axis',(1.,-5.03044253404115E-45,0.));
#3064=DIRECTION('',(0.,-1.25132488357383E-46,1.));
#3065=DIRECTION('center_axis',(2.25871582907228E-44,-1.,9.22339028276396E-45));
#3066=DIRECTION('ref_axis',(-3.55271367880058E-14,9.22339028276315E-45,
1.));
#3067=DIRECTION('',(-1.,1.80148524028833E-32,0.));
#3068=DIRECTION('center_axis',(-5.03591635616742E-45,-1.,4.68386162474982E-31));
#3069=DIRECTION('ref_axis',(-1.,5.03591635616742E-45,0.));
#3070=DIRECTION('',(0.,1.24921956737142E-46,-1.));
#3071=DIRECTION('center_axis',(0.,-1.,0.));
#3072=DIRECTION('ref_axis',(-1.,0.,0.));
#3073=DIRECTION('center_axis',(0.,-1.,0.));
#3074=DIRECTION('ref_axis',(-1.,0.,0.));
#3075=DIRECTION('center_axis',(0.,-1.,0.));
#3076=DIRECTION('ref_axis',(-1.,0.,0.));
#3077=DIRECTION('center_axis',(0.,-1.,0.));
#3078=DIRECTION('ref_axis',(-1.,0.,0.));
#3079=DIRECTION('',(0.,0.,1.));
#3080=DIRECTION('',(-0.600175793330345,0.,0.799868124818267));
#3081=DIRECTION('',(-1.,0.,0.));
#3082=DIRECTION('',(0.,0.,-1.));
#3083=DIRECTION('',(0.,1.,0.));
#3084=DIRECTION('',(0.,-1.,0.));
#3085=DIRECTION('center_axis',(-0.799868124818267,0.,-0.600175793330345));
#3086=DIRECTION('ref_axis',(-0.600175793330345,0.,0.799868124818267));
#3087=DIRECTION('',(-0.600175793330345,0.,0.799868124818267));
#3088=DIRECTION('',(0.,-1.,0.));
#3089=DIRECTION('',(0.,1.,0.));
#3090=DIRECTION('center_axis',(0.,0.,-1.));
#3091=DIRECTION('ref_axis',(-1.,0.,0.));
#3092=DIRECTION('',(-1.,0.,0.));
#3093=DIRECTION('',(0.,-1.,0.));
#3094=DIRECTION('',(0.,1.,0.));
#3095=DIRECTION('center_axis',(1.,0.,0.));
#3096=DIRECTION('ref_axis',(0.,0.,-1.));
#3097=DIRECTION('',(0.,0.,-1.));
#3098=DIRECTION('',(0.,-1.,0.));
#3099=DIRECTION('center_axis',(-1.,0.,0.));
#3100=DIRECTION('ref_axis',(0.,0.,1.));
#3101=DIRECTION('',(0.,0.,1.));
#3102=DIRECTION('',(0.,1.,0.));
#3103=DIRECTION('',(0.,-1.,0.));
#3104=DIRECTION('center_axis',(1.,0.,0.));
#3105=DIRECTION('ref_axis',(0.,0.,-1.));
#3106=DIRECTION('',(0.,0.,-1.));
#3107=DIRECTION('',(0.,-1.,0.));
#3108=DIRECTION('',(0.,1.,0.));
#3109=DIRECTION('center_axis',(0.,0.,1.));
#3110=DIRECTION('ref_axis',(1.,0.,0.));
#3111=DIRECTION('',(1.,0.,0.));
#3112=DIRECTION('',(0.,1.,0.));
#3113=DIRECTION('center_axis',(0.,1.,0.));
#3114=DIRECTION('ref_axis',(0.707106781186548,0.,0.707106781186548));
#3115=DIRECTION('',(0.,-1.,0.));
#3116=DIRECTION('center_axis',(0.,-1.,0.));
#3117=DIRECTION('ref_axis',(0.707106781186548,0.,0.707106781186548));
#3118=DIRECTION('',(0.,1.,0.));
#3119=DIRECTION('center_axis',(0.,0.,-1.));
#3120=DIRECTION('ref_axis',(-1.,0.,0.));
#3121=DIRECTION('',(-1.,0.,0.));
#3122=DIRECTION('',(0.,-1.,0.));
#3123=DIRECTION('center_axis',(0.,1.,0.));
#3124=DIRECTION('ref_axis',(-0.707106781186547,0.,0.707106781186548));
#3125=DIRECTION('center_axis',(0.,-1.,0.));
#3126=DIRECTION('ref_axis',(-0.707106781186547,0.,0.707106781186548));
#3127=DIRECTION('center_axis',(-1.,0.,0.));
#3128=DIRECTION('ref_axis',(0.,0.,1.));
#3129=DIRECTION('',(0.,0.,1.));
#3130=DIRECTION('center_axis',(0.,1.,0.));
#3131=DIRECTION('ref_axis',(-1.,0.,0.));
#3132=DIRECTION('',(-1.,0.,-3.68844858679454E-17));
#3133=DIRECTION('',(0.,0.,-1.));
#3134=DIRECTION('center_axis',(3.6134698947966E-47,-1.,-2.46519032881567E-32));
#3135=DIRECTION('ref_axis',(-1.2362182164215E-94,-2.46519032881567E-32,
1.));
#3136=DIRECTION('',(0.,-1.32741017705459E-31,1.));
#3137=DIRECTION('center_axis',(9.90761804854659E-46,-1.,4.68386162474975E-31));
#3138=DIRECTION('ref_axis',(1.,9.90761804854659E-46,0.));
#3139=DIRECTION('',(1.,0.,3.41607084500048E-16));
#3140=DIRECTION('center_axis',(-2.6842919218489E-46,-1.,-1.04686848164891E-45));
#3141=DIRECTION('ref_axis',(0.,1.04686848164891E-45,-1.));
#3142=DIRECTION('',(6.83214169000096E-16,3.72338838362689E-48,-1.));
#3143=DIRECTION('center_axis',(9.36023583591982E-46,-1.,4.68386162474975E-31));
#3144=DIRECTION('ref_axis',(-1.,-5.09612839955629E-45,-8.88178419700128E-15));
#3145=DIRECTION('',(-1.,9.48150126467563E-34,0.));
#3146=DIRECTION('center_axis',(-1.23845225606834E-46,-1.,-2.46519032881567E-32));
#3147=DIRECTION('ref_axis',(1.,-5.61750995708349E-46,1.77635683940029E-14));
#3148=DIRECTION('',(1.,9.48150126467564E-34,6.83214169000096E-16));
#3149=DIRECTION('center_axis',(-1.15631036633491E-45,-1.,-1.72425396977465E-45));
#3150=DIRECTION('ref_axis',(0.,1.72425396977465E-45,-1.));
#3151=DIRECTION('',(0.,2.08593027822864E-31,-1.));
#3152=DIRECTION('center_axis',(1.25897908904183E-45,-1.,9.86076131526265E-32));
#3153=DIRECTION('ref_axis',(-1.,-1.25897908904183E-45,0.));
#3154=DIRECTION('',(-1.,-1.80148524028836E-32,-6.83214169000096E-16));
#3155=DIRECTION('center_axis',(-1.15631036633498E-45,-1.,4.68386162474978E-31));
#3156=DIRECTION('ref_axis',(-1.77635683940029E-14,4.68386162474978E-31,
1.));
#3157=DIRECTION('',(0.,-2.08593027822864E-31,1.));
#3158=DIRECTION('',(-1.,0.,0.));
#3159=DIRECTION('',(0.,0.,1.));
#3160=DIRECTION('center_axis',(7.1638992655938E-45,-1.,-5.82962056447618E-45));
#3161=DIRECTION('ref_axis',(1.77635683940026E-14,5.82962056447631E-45,-1.));
#3162=DIRECTION('',(0.,2.08593027822864E-31,-1.));
#3163=DIRECTION('center_axis',(1.75162308040605E-45,-1.,4.68386162474975E-31));
#3164=DIRECTION('ref_axis',(-1.,-1.00718327123347E-44,-1.77635683940026E-14));
#3165=DIRECTION('',(-1.,-1.80148524028836E-32,-6.83214169000096E-16));
#3166=DIRECTION('center_axis',(-1.15631036633491E-45,-1.,4.68386162474974E-31));
#3167=DIRECTION('ref_axis',(0.,4.68386162474974E-31,1.));
#3168=DIRECTION('',(0.,-2.08593027822864E-31,1.));
#3169=DIRECTION('center_axis',(5.9719399397593E-45,-1.,4.68386162474975E-31));
#3170=DIRECTION('ref_axis',(1.,5.9719399397593E-45,0.));
#3171=DIRECTION('',(1.,0.,0.));
#3172=DIRECTION('center_axis',(0.,-1.,0.));
#3173=DIRECTION('ref_axis',(0.,0.,-1.));
#3174=DIRECTION('',(0.,0.,-1.));
#3175=DIRECTION('center_axis',(0.,-1.,0.));
#3176=DIRECTION('ref_axis',(-1.,0.,0.));
#3177=DIRECTION('',(-1.,0.,0.));
#3178=DIRECTION('center_axis',(0.,-1.,0.));
#3179=DIRECTION('ref_axis',(0.,0.,1.));
#3180=DIRECTION('',(0.,0.,1.));
#3181=DIRECTION('center_axis',(0.,-1.,0.));
#3182=DIRECTION('ref_axis',(1.,0.,0.));
#3183=DIRECTION('',(1.,0.,0.));
#3184=DIRECTION('center_axis',(3.6134698947966E-47,-1.,2.61717120412231E-46));
#3185=DIRECTION('ref_axis',(0.,2.61717120412231E-46,1.));
#3186=DIRECTION('',(-6.83214169000096E-16,-3.13039620624933E-49,1.));
#3187=DIRECTION('center_axis',(-5.47382212626881E-47,-1.,-2.46519032881567E-32));
#3188=DIRECTION('ref_axis',(1.,-2.73691106313442E-46,8.88178419700128E-15));
#3189=DIRECTION('',(1.,0.,0.));
#3190=DIRECTION('center_axis',(-2.6842919218489E-46,-1.,-1.710569414459E-46));
#3191=DIRECTION('ref_axis',(0.,1.710569414459E-46,-1.));
#3192=DIRECTION('',(0.,1.32741017705459E-31,-1.));
#3193=DIRECTION('center_axis',(2.05268329735081E-46,-1.,9.86076131526265E-32));
#3194=DIRECTION('ref_axis',(-1.,-2.05268329735081E-46,0.));
#3195=DIRECTION('',(-1.,0.,0.));
#3196=DIRECTION('center_axis',(0.,-1.,0.));
#3197=DIRECTION('ref_axis',(0.,0.,-1.));
#3198=DIRECTION('',(0.,0.,-1.));
#3199=DIRECTION('center_axis',(0.,-1.,0.));
#3200=DIRECTION('ref_axis',(-1.,0.,0.));
#3201=DIRECTION('',(-1.,0.,0.));
#3202=DIRECTION('center_axis',(0.,-1.,0.));
#3203=DIRECTION('ref_axis',(0.,0.,1.));
#3204=DIRECTION('',(0.,0.,1.));
#3205=DIRECTION('center_axis',(0.,-1.,0.));
#3206=DIRECTION('ref_axis',(1.,0.,0.));
#3207=DIRECTION('',(1.,0.,0.));
#3208=DIRECTION('center_axis',(5.94673902686522E-45,-1.,4.68386162474985E-31));
#3209=DIRECTION('ref_axis',(3.55271367880051E-14,-4.68386162474985E-31,
-1.));
#3210=DIRECTION('',(0.,1.24921956737142E-46,-1.));
#3211=DIRECTION('center_axis',(-5.03591635616742E-45,-1.,4.68386162474982E-31));
#3212=DIRECTION('ref_axis',(-1.,5.03591635616742E-45,0.));
#3213=DIRECTION('',(-1.,1.80148524028833E-32,0.));
#3214=DIRECTION('center_axis',(2.25871582907228E-44,-1.,9.22339028276396E-45));
#3215=DIRECTION('ref_axis',(-3.55271367880058E-14,9.22339028276315E-45,
1.));
#3216=DIRECTION('',(0.,-1.25132488357383E-46,1.));
#3217=DIRECTION('center_axis',(-5.03044253404115E-45,-1.,4.68386162474982E-31));
#3218=DIRECTION('ref_axis',(1.,-5.03044253404115E-45,0.));
#3219=DIRECTION('',(1.,1.80148524028836E-32,-6.83214169000096E-16));
#3220=DIRECTION('center_axis',(0.,-1.,0.));
#3221=DIRECTION('ref_axis',(-1.,0.,0.));
#3222=DIRECTION('center_axis',(0.,-1.,0.));
#3223=DIRECTION('ref_axis',(-1.,0.,0.));
#3224=DIRECTION('center_axis',(0.,-1.,0.));
#3225=DIRECTION('ref_axis',(-1.,0.,0.));
#3226=DIRECTION('center_axis',(0.,-1.,0.));
#3227=DIRECTION('ref_axis',(-1.,0.,0.));
#3228=DIRECTION('',(0.,-1.,0.));
#3229=DIRECTION('',(0.,1.,0.));
#3230=DIRECTION('center_axis',(1.,0.,0.));
#3231=DIRECTION('ref_axis',(0.,0.,-1.));
#3232=DIRECTION('',(0.,1.,0.));
#3233=DIRECTION('center_axis',(0.,1.,0.));
#3234=DIRECTION('ref_axis',(-1.,0.,0.));
#3235=DIRECTION('',(0.,-1.,0.));
#3236=DIRECTION('center_axis',(0.,1.,0.));
#3237=DIRECTION('ref_axis',(-1.,0.,0.));
#3238=DIRECTION('',(0.,-1.,0.));
#3239=DIRECTION('center_axis',(0.,1.,0.));
#3240=DIRECTION('ref_axis',(-1.,0.,0.));
#3241=DIRECTION('',(0.,-1.,0.));
#3242=DIRECTION('center_axis',(0.,1.,0.));
#3243=DIRECTION('ref_axis',(-1.,0.,0.));
#3244=DIRECTION('',(0.,-1.,0.));
#3245=DIRECTION('center_axis',(1.,0.,0.));
#3246=DIRECTION('ref_axis',(0.,1.24921956737142E-46,-1.));
#3247=DIRECTION('',(0.,1.,0.));
#3248=DIRECTION('',(0.,1.,0.));
#3249=DIRECTION('center_axis',(0.,1.,0.));
#3250=DIRECTION('ref_axis',(-1.,0.,0.));
#3251=DIRECTION('',(0.,1.,0.));
#3252=DIRECTION('center_axis',(0.,0.,-1.));
#3253=DIRECTION('ref_axis',(-1.,1.80148524028833E-32,0.));
#3254=DIRECTION('',(0.,1.,0.));
#3255=DIRECTION('center_axis',(0.,1.,0.));
#3256=DIRECTION('ref_axis',(-3.55271367880058E-14,0.,1.));
#3257=DIRECTION('',(0.,1.,0.));
#3258=DIRECTION('center_axis',(-1.,0.,0.));
#3259=DIRECTION('ref_axis',(0.,-1.25132488357383E-46,1.));
#3260=DIRECTION('',(0.,1.,0.));
#3261=DIRECTION('center_axis',(0.,1.,0.));
#3262=DIRECTION('ref_axis',(1.,0.,0.));
#3263=DIRECTION('',(0.,1.,0.));
#3264=DIRECTION('center_axis',(6.83214169000096E-16,0.,1.));
#3265=DIRECTION('ref_axis',(1.,1.80148524028836E-32,-6.83214169000096E-16));
#3266=DIRECTION('',(0.,1.,0.));
#3267=DIRECTION('center_axis',(0.,1.,0.));
#3268=DIRECTION('ref_axis',(3.55271367880051E-14,0.,-1.));
#3269=DIRECTION('center_axis',(1.,0.,0.));
#3270=DIRECTION('ref_axis',(0.,0.,-1.));
#3271=DIRECTION('',(0.,1.,0.));
#3272=DIRECTION('',(0.,1.,0.));
#3273=DIRECTION('center_axis',(0.,1.,0.));
#3274=DIRECTION('ref_axis',(-1.,0.,0.));
#3275=DIRECTION('',(0.,1.,0.));
#3276=DIRECTION('center_axis',(0.,0.,-1.));
#3277=DIRECTION('ref_axis',(-1.,0.,0.));
#3278=DIRECTION('',(0.,1.,0.));
#3279=DIRECTION('center_axis',(0.,1.,0.));
#3280=DIRECTION('ref_axis',(0.,0.,1.));
#3281=DIRECTION('',(0.,1.,0.));
#3282=DIRECTION('center_axis',(-1.,0.,0.));
#3283=DIRECTION('ref_axis',(0.,0.,1.));
#3284=DIRECTION('',(0.,1.,0.));
#3285=DIRECTION('center_axis',(0.,1.,0.));
#3286=DIRECTION('ref_axis',(1.,0.,0.));
#3287=DIRECTION('',(0.,1.,0.));
#3288=DIRECTION('center_axis',(0.,0.,1.));
#3289=DIRECTION('ref_axis',(1.,0.,0.));
#3290=DIRECTION('',(0.,1.,0.));
#3291=DIRECTION('center_axis',(0.,1.,0.));
#3292=DIRECTION('ref_axis',(0.,0.,-1.));
#3293=DIRECTION('center_axis',(-1.,0.,-6.83214169000096E-16));
#3294=DIRECTION('ref_axis',(-6.83214169000096E-16,-3.13039620624933E-49,
1.));
#3295=DIRECTION('',(0.,1.,0.));
#3296=DIRECTION('',(0.,1.,0.));
#3297=DIRECTION('center_axis',(0.,1.,0.));
#3298=DIRECTION('ref_axis',(1.,0.,8.88178419700128E-15));
#3299=DIRECTION('',(0.,1.,0.));
#3300=DIRECTION('center_axis',(0.,0.,1.));
#3301=DIRECTION('ref_axis',(1.,0.,0.));
#3302=DIRECTION('',(0.,1.,0.));
#3303=DIRECTION('center_axis',(0.,1.,0.));
#3304=DIRECTION('ref_axis',(0.,0.,-1.));
#3305=DIRECTION('',(0.,1.,0.));
#3306=DIRECTION('center_axis',(1.,0.,0.));
#3307=DIRECTION('ref_axis',(0.,1.32741017705459E-31,-1.));
#3308=DIRECTION('',(0.,1.,0.));
#3309=DIRECTION('center_axis',(0.,1.,0.));
#3310=DIRECTION('ref_axis',(-1.,0.,0.));
#3311=DIRECTION('',(0.,1.,0.));
#3312=DIRECTION('center_axis',(0.,0.,-1.));
#3313=DIRECTION('ref_axis',(-1.,0.,0.));
#3314=DIRECTION('',(0.,1.,0.));
#3315=DIRECTION('center_axis',(0.,1.,0.));
#3316=DIRECTION('ref_axis',(0.,0.,1.));
#3317=DIRECTION('center_axis',(1.,0.,0.));
#3318=DIRECTION('ref_axis',(0.,0.,-1.));
#3319=DIRECTION('',(0.,1.,0.));
#3320=DIRECTION('',(0.,1.,0.));
#3321=DIRECTION('center_axis',(0.,1.,0.));
#3322=DIRECTION('ref_axis',(-1.,0.,0.));
#3323=DIRECTION('',(0.,1.,0.));
#3324=DIRECTION('center_axis',(0.,0.,-1.));
#3325=DIRECTION('ref_axis',(-1.,0.,0.));
#3326=DIRECTION('',(0.,1.,0.));
#3327=DIRECTION('center_axis',(0.,1.,0.));
#3328=DIRECTION('ref_axis',(0.,0.,1.));
#3329=DIRECTION('',(0.,1.,0.));
#3330=DIRECTION('center_axis',(-1.,0.,0.));
#3331=DIRECTION('ref_axis',(0.,0.,1.));
#3332=DIRECTION('',(0.,1.,0.));
#3333=DIRECTION('center_axis',(0.,1.,0.));
#3334=DIRECTION('ref_axis',(1.,0.,0.));
#3335=DIRECTION('',(0.,1.,0.));
#3336=DIRECTION('center_axis',(0.,0.,1.));
#3337=DIRECTION('ref_axis',(1.,0.,0.));
#3338=DIRECTION('',(0.,1.,0.));
#3339=DIRECTION('center_axis',(0.,1.,0.));
#3340=DIRECTION('ref_axis',(0.,0.,-1.));
#3341=DIRECTION('center_axis',(1.,0.,0.));
#3342=DIRECTION('ref_axis',(0.,2.08593027822864E-31,-1.));
#3343=DIRECTION('',(0.,1.,0.));
#3344=DIRECTION('',(0.,1.,0.));
#3345=DIRECTION('center_axis',(0.,1.,0.));
#3346=DIRECTION('ref_axis',(-1.,0.,-1.77635683940026E-14));
#3347=DIRECTION('',(0.,1.,0.));
#3348=DIRECTION('center_axis',(6.83214169000096E-16,0.,-1.));
#3349=DIRECTION('ref_axis',(-1.,-1.80148524028836E-32,-6.83214169000096E-16));
#3350=DIRECTION('',(0.,1.,0.));
#3351=DIRECTION('center_axis',(0.,1.,0.));
#3352=DIRECTION('ref_axis',(0.,0.,1.));
#3353=DIRECTION('',(0.,1.,0.));
#3354=DIRECTION('center_axis',(-1.,0.,0.));
#3355=DIRECTION('ref_axis',(0.,-2.08593027822864E-31,1.));
#3356=DIRECTION('',(0.,1.,0.));
#3357=DIRECTION('center_axis',(0.,1.,0.));
#3358=DIRECTION('ref_axis',(1.,0.,0.));
#3359=DIRECTION('',(0.,1.,0.));
#3360=DIRECTION('center_axis',(0.,0.,1.));
#3361=DIRECTION('ref_axis',(1.,0.,0.));
#3362=DIRECTION('',(0.,1.,0.));
#3363=DIRECTION('center_axis',(0.,1.,0.));
#3364=DIRECTION('ref_axis',(1.77635683940026E-14,0.,-1.));
#3365=DIRECTION('center_axis',(0.,0.,-1.));
#3366=DIRECTION('ref_axis',(-1.,0.,0.));
#3367=DIRECTION('',(0.,1.,0.));
#3368=DIRECTION('center_axis',(-1.,0.,0.));
#3369=DIRECTION('ref_axis',(0.,0.,1.));
#3370=DIRECTION('center_axis',(-6.83214169000096E-16,0.,1.));
#3371=DIRECTION('ref_axis',(1.,9.48150126467564E-34,6.83214169000096E-16));
#3372=DIRECTION('',(0.,1.,0.));
#3373=DIRECTION('',(0.,1.,0.));
#3374=DIRECTION('center_axis',(0.,1.,0.));
#3375=DIRECTION('ref_axis',(0.,0.,-1.));
#3376=DIRECTION('',(0.,1.,0.));
#3377=DIRECTION('center_axis',(1.,0.,0.));
#3378=DIRECTION('ref_axis',(0.,2.08593027822864E-31,-1.));
#3379=DIRECTION('',(0.,1.,0.));
#3380=DIRECTION('center_axis',(0.,1.,0.));
#3381=DIRECTION('ref_axis',(-1.,0.,0.));
#3382=DIRECTION('',(0.,1.,0.));
#3383=DIRECTION('center_axis',(6.83214169000096E-16,0.,-1.));
#3384=DIRECTION('ref_axis',(-1.,-1.80148524028836E-32,-6.83214169000096E-16));
#3385=DIRECTION('',(0.,1.,0.));
#3386=DIRECTION('center_axis',(0.,1.,0.));
#3387=DIRECTION('ref_axis',(-1.77635683940029E-14,0.,1.));
#3388=DIRECTION('',(0.,1.,0.));
#3389=DIRECTION('center_axis',(-1.,0.,0.));
#3390=DIRECTION('ref_axis',(0.,-2.08593027822864E-31,1.));
#3391=DIRECTION('',(0.,1.,0.));
#3392=DIRECTION('center_axis',(0.,1.,0.));
#3393=DIRECTION('ref_axis',(1.,0.,1.77635683940029E-14));
#3394=DIRECTION('center_axis',(-1.,0.,0.));
#3395=DIRECTION('ref_axis',(0.,-1.32741017705459E-31,1.));
#3396=DIRECTION('',(0.,1.,0.));
#3397=DIRECTION('',(0.,1.,0.));
#3398=DIRECTION('center_axis',(0.,1.,0.));
#3399=DIRECTION('ref_axis',(1.,0.,0.));
#3400=DIRECTION('',(0.,1.,0.));
#3401=DIRECTION('center_axis',(-3.41607084500048E-16,0.,1.));
#3402=DIRECTION('ref_axis',(1.,0.,3.41607084500048E-16));
#3403=DIRECTION('',(0.,1.,0.));
#3404=DIRECTION('center_axis',(0.,1.,0.));
#3405=DIRECTION('ref_axis',(0.,0.,-1.));
#3406=DIRECTION('',(0.,1.,0.));
#3407=DIRECTION('center_axis',(1.,0.,6.83214169000096E-16));
#3408=DIRECTION('ref_axis',(6.83214169000096E-16,3.72338838362689E-48,-1.));
#3409=DIRECTION('',(0.,1.,0.));
#3410=DIRECTION('center_axis',(0.,1.,0.));
#3411=DIRECTION('ref_axis',(-1.,0.,-8.88178419700128E-15));
#3412=DIRECTION('',(0.,1.,0.));
#3413=DIRECTION('center_axis',(0.,0.,-1.));
#3414=DIRECTION('ref_axis',(-1.,9.48150126467563E-34,0.));
#3415=DIRECTION('',(0.,1.,0.));
#3416=DIRECTION('center_axis',(0.,1.,0.));
#3417=DIRECTION('ref_axis',(-1.2362182164215E-94,0.,1.));
#3418=DIRECTION('center_axis',(3.68844858679454E-17,0.,-1.));
#3419=DIRECTION('ref_axis',(-1.,0.,-3.68844858679454E-17));
#3420=CARTESIAN_POINT('',(0.,0.,0.));
#3421=CARTESIAN_POINT('Origin',(87.4490590898455,33.,27.6410941037289));
#3422=CARTESIAN_POINT('',(87.4490590898455,33.,29.0394572171322));
#3423=CARTESIAN_POINT('',(87.4490590898455,33.,27.6410941037289));
#3424=CARTESIAN_POINT('',(87.4490590898455,33.,33.9200955997837));
#3425=CARTESIAN_POINT('',(87.4490590898455,35.,29.0394572171322));
#3426=CARTESIAN_POINT('',(87.4490590898455,33.,29.0394572171322));
#3427=CARTESIAN_POINT('',(87.4490590898455,35.,27.6410941037289));
#3428=CARTESIAN_POINT('',(87.4490590898455,35.,29.0394572171322));
#3429=CARTESIAN_POINT('',(87.4490590898455,33.,27.6410941037289));
#3430=CARTESIAN_POINT('Origin',(88.8474216072023,33.,27.6410941037289));
#3431=CARTESIAN_POINT('',(88.8474216072023,33.,27.6410941037289));
#3432=CARTESIAN_POINT('',(69.5198222563251,33.,27.6410941037289));
#3433=CARTESIAN_POINT('',(88.8474216072023,35.,27.6410941037289));
#3434=CARTESIAN_POINT('',(87.4490590898455,35.,27.6410941037289));
#3435=CARTESIAN_POINT('',(88.8474216072023,33.,27.6410941037289));
#3436=CARTESIAN_POINT('Origin',(88.8474216072023,33.,29.0394572171322));
#3437=CARTESIAN_POINT('',(88.8474216072023,33.,29.0394572171322));
#3438=CARTESIAN_POINT('',(88.8474216072023,33.,34.6192771564854));
#3439=CARTESIAN_POINT('',(88.8474216072023,35.,29.0394572171322));
#3440=CARTESIAN_POINT('',(88.8474216072023,35.,27.6410941037289));
#3441=CARTESIAN_POINT('',(88.8474216072023,33.,29.0394572171322));
#3442=CARTESIAN_POINT('Origin',(87.4490590898455,33.,29.0394572171322));
#3443=CARTESIAN_POINT('',(68.8206409976466,33.,29.0394572171322));
#3444=CARTESIAN_POINT('',(88.8474216072023,35.,29.0394572171322));
#3445=CARTESIAN_POINT('Origin',(91.1407374350489,35.,31.2700162085644));
#3446=CARTESIAN_POINT('Origin',(87.4490590898455,33.,33.4869328889004));
#3447=CARTESIAN_POINT('',(87.4490590898455,33.,34.8852960023037));
#3448=CARTESIAN_POINT('',(87.4490590898455,33.,33.4869328889004));
#3449=CARTESIAN_POINT('',(87.4490590898455,33.,36.8430149923695));
#3450=CARTESIAN_POINT('',(87.4490590898455,35.,34.8852960023037));
#3451=CARTESIAN_POINT('',(87.4490590898455,33.,34.8852960023037));
#3452=CARTESIAN_POINT('',(87.4490590898455,35.,33.4869328889004));
#3453=CARTESIAN_POINT('',(87.4490590898455,35.,34.8852960023037));
#3454=CARTESIAN_POINT('',(87.4490590898455,33.,33.4869328889004));
#3455=CARTESIAN_POINT('Origin',(88.8474216072023,33.,33.4869328889004));
#3456=CARTESIAN_POINT('',(88.8474216072023,33.,33.4869328889004));
#3457=CARTESIAN_POINT('',(69.5198222563251,33.,33.4869328889004));
#3458=CARTESIAN_POINT('',(88.8474216072023,35.,33.4869328889004));
#3459=CARTESIAN_POINT('',(87.4490590898455,35.,33.4869328889004));
#3460=CARTESIAN_POINT('',(88.8474216072023,33.,33.4869328889004));
#3461=CARTESIAN_POINT('Origin',(88.8474216072023,33.,34.8852960023037));
#3462=CARTESIAN_POINT('',(88.8474216072023,33.,34.8852960023037));
#3463=CARTESIAN_POINT('',(88.8474216072023,33.,37.5421965490712));
#3464=CARTESIAN_POINT('',(88.8474216072023,35.,34.8852960023037));
#3465=CARTESIAN_POINT('',(88.8474216072023,35.,33.4869328889004));
#3466=CARTESIAN_POINT('',(88.8474216072023,33.,34.8852960023037));
#3467=CARTESIAN_POINT('Origin',(87.4490590898455,33.,34.8852960023037));
#3468=CARTESIAN_POINT('',(68.8206409976466,33.,34.8852960023037));
#3469=CARTESIAN_POINT('',(88.8474216072023,35.,34.8852960023037));
#3470=CARTESIAN_POINT('Origin',(91.1407374350489,35.,31.2700162085644));
#3471=CARTESIAN_POINT('Origin',(91.5309145061434,33.,37.8252688798061));
#3472=CARTESIAN_POINT('',(92.4108602611483,33.,37.8252688798061));
#3473=CARTESIAN_POINT('',(91.5309145061434,33.,37.8252688798061));
#3474=CARTESIAN_POINT('',(70.8615687057956,33.,37.8252688798061));
#3475=CARTESIAN_POINT('',(92.4108602611483,35.,37.8252688798061));
#3476=CARTESIAN_POINT('',(92.4108602611483,33.,37.8252688798061));
#3477=CARTESIAN_POINT('',(91.5309145061434,35.,37.8252688798061));
#3478=CARTESIAN_POINT('',(92.4108602611483,35.,37.8252688798061));
#3479=CARTESIAN_POINT('',(91.5309145061434,33.,37.8252688798061));
#3480=CARTESIAN_POINT('Ctrl Pts',(93.5704781619966,33.,31.2700168046108));
#3481=CARTESIAN_POINT('Ctrl Pts',(93.5704781619966,35.,31.2700168046108));
#3482=CARTESIAN_POINT('Ctrl Pts',(93.4718453372844,33.,32.3848452388196));
#3483=CARTESIAN_POINT('Ctrl Pts',(93.4718453372844,35.,32.3848452388196));
#3484=CARTESIAN_POINT('Ctrl Pts',(93.2657609795065,33.,34.7141783240978));
#3485=CARTESIAN_POINT('Ctrl Pts',(93.2657609795065,35.,34.7141783240978));
#3486=CARTESIAN_POINT('Ctrl Pts',(92.125461792883,33.,36.75907052906));
#3487=CARTESIAN_POINT('Ctrl Pts',(92.125461792883,35.,36.75907052906));
#3488=CARTESIAN_POINT('Ctrl Pts',(91.5309145061434,33.,37.8252688798061));
#3489=CARTESIAN_POINT('Ctrl Pts',(91.5309145061434,35.,37.8252688798061));
#3490=CARTESIAN_POINT('',(93.5704781619966,33.,31.2700168046108));
#3491=CARTESIAN_POINT('Ctrl Pts',(91.5309145061434,33.,37.8252688798061));
#3492=CARTESIAN_POINT('Ctrl Pts',(92.125461792883,33.,36.75907052906));
#3493=CARTESIAN_POINT('Ctrl Pts',(93.2657609795065,33.,34.7141783240978));
#3494=CARTESIAN_POINT('Ctrl Pts',(93.4718453372844,33.,32.3848452388196));
#3495=CARTESIAN_POINT('Ctrl Pts',(93.5704781619966,33.,31.2700168046108));
#3496=CARTESIAN_POINT('',(93.5704781619966,35.,31.2700168046108));
#3497=CARTESIAN_POINT('Ctrl Pts',(93.5704781619966,35.,31.2700168046108));
#3498=CARTESIAN_POINT('Ctrl Pts',(93.4718453372844,35.,32.3848452388196));
#3499=CARTESIAN_POINT('Ctrl Pts',(93.2657609795065,35.,34.7141783240978));
#3500=CARTESIAN_POINT('Ctrl Pts',(92.125461792883,35.,36.75907052906));
#3501=CARTESIAN_POINT('Ctrl Pts',(91.5309145061434,35.,37.8252688798061));
#3502=CARTESIAN_POINT('',(93.5704781619966,33.,31.2700168046108));
#3503=CARTESIAN_POINT('Ctrl Pts',(93.2771637050569,33.,28.7256781014553));
#3504=CARTESIAN_POINT('Ctrl Pts',(93.2771637050569,35.,28.7256781014553));
#3505=CARTESIAN_POINT('Ctrl Pts',(93.3627138903865,33.,29.1466220019867));
#3506=CARTESIAN_POINT('Ctrl Pts',(93.3627138903865,35.,29.1466220019867));
#3507=CARTESIAN_POINT('Ctrl Pts',(93.5333739231588,33.,29.9863431502601));
#3508=CARTESIAN_POINT('Ctrl Pts',(93.5333739231588,35.,29.9863431502601));
#3509=CARTESIAN_POINT('Ctrl Pts',(93.5581313754856,33.,30.8428622514783));
#3510=CARTESIAN_POINT('Ctrl Pts',(93.5581313754856,35.,30.8428622514783));
#3511=CARTESIAN_POINT('Ctrl Pts',(93.5704781619966,33.,31.2700168046108));
#3512=CARTESIAN_POINT('Ctrl Pts',(93.5704781619966,35.,31.2700168046108));
#3513=CARTESIAN_POINT('',(93.2771637050569,33.,28.7256781014553));
#3514=CARTESIAN_POINT('Ctrl Pts',(93.5704781619966,33.,31.2700168046108));
#3515=CARTESIAN_POINT('Ctrl Pts',(93.5581313754856,33.,30.8428622514783));
#3516=CARTESIAN_POINT('Ctrl Pts',(93.5333739231588,33.,29.9863431502601));
#3517=CARTESIAN_POINT('Ctrl Pts',(93.3627138903865,33.,29.1466220019867));
#3518=CARTESIAN_POINT('Ctrl Pts',(93.2771637050569,33.,28.7256781014553));
#3519=CARTESIAN_POINT('',(93.2771637050569,35.,28.7256781014553));
#3520=CARTESIAN_POINT('Ctrl Pts',(93.2771637050569,35.,28.7256781014553));
#3521=CARTESIAN_POINT('Ctrl Pts',(93.3627138903865,35.,29.1466220019867));
#3522=CARTESIAN_POINT('Ctrl Pts',(93.5333739231588,35.,29.9863431502601));
#3523=CARTESIAN_POINT('Ctrl Pts',(93.5581313754856,35.,30.8428622514783));
#3524=CARTESIAN_POINT('Ctrl Pts',(93.5704781619966,35.,31.2700168046108));
#3525=CARTESIAN_POINT('',(93.2771637050569,33.,28.7256781014553));
#3526=CARTESIAN_POINT('Ctrl Pts',(92.629140814966,33.,26.761148348724));
#3527=CARTESIAN_POINT('Ctrl Pts',(92.629140814966,35.,26.761148348724));
#3528=CARTESIAN_POINT('Ctrl Pts',(92.7603506962545,33.,27.0791543723027));
#3529=CARTESIAN_POINT('Ctrl Pts',(92.7603506962545,35.,27.0791543723027));
#3530=CARTESIAN_POINT('Ctrl Pts',(93.0240449200671,33.,27.7182552596131));
#3531=CARTESIAN_POINT('Ctrl Pts',(93.0240449200671,35.,27.7182552596131));
#3532=CARTESIAN_POINT('Ctrl Pts',(93.1925193586453,33.,28.3887902327364));
#3533=CARTESIAN_POINT('Ctrl Pts',(93.1925193586453,35.,28.3887902327364));
#3534=CARTESIAN_POINT('Ctrl Pts',(93.2771637050569,33.,28.7256781014553));
#3535=CARTESIAN_POINT('Ctrl Pts',(93.2771637050569,35.,28.7256781014553));
#3536=CARTESIAN_POINT('',(92.629140814966,33.,26.761148348724));
#3537=CARTESIAN_POINT('Ctrl Pts',(93.2771637050569,33.,28.7256781014553));
#3538=CARTESIAN_POINT('Ctrl Pts',(93.1925193586453,33.,28.3887902327364));
#3539=CARTESIAN_POINT('Ctrl Pts',(93.0240449200671,33.,27.7182552596131));
#3540=CARTESIAN_POINT('Ctrl Pts',(92.7603506962545,33.,27.0791543723027));
#3541=CARTESIAN_POINT('Ctrl Pts',(92.629140814966,33.,26.761148348724));
#3542=CARTESIAN_POINT('',(92.629140814966,35.,26.761148348724));
#3543=CARTESIAN_POINT('Ctrl Pts',(92.629140814966,35.,26.761148348724));
#3544=CARTESIAN_POINT('Ctrl Pts',(92.7603506962545,35.,27.0791543723027));
#3545=CARTESIAN_POINT('Ctrl Pts',(93.0240449200671,35.,27.7182552596131));
#3546=CARTESIAN_POINT('Ctrl Pts',(93.1925193586453,35.,28.3887902327364));
#3547=CARTESIAN_POINT('Ctrl Pts',(93.2771637050569,35.,28.7256781014553));
#3548=CARTESIAN_POINT('',(92.629140814966,33.,26.761148348724));
#3549=CARTESIAN_POINT('Ctrl Pts',(91.5309145061434,33.,24.7147635373226));
#3550=CARTESIAN_POINT('Ctrl Pts',(91.5309145061434,35.,24.7147635373226));
#3551=CARTESIAN_POINT('Ctrl Pts',(91.7674740567284,33.,25.1206811020996));
#3552=CARTESIAN_POINT('Ctrl Pts',(91.7674740567284,35.,25.1206811020996));
#3553=CARTESIAN_POINT('Ctrl Pts',(92.1575828381264,33.,25.7900770582196));
#3554=CARTESIAN_POINT('Ctrl Pts',(92.1575828381264,35.,25.7900770582196));
#3555=CARTESIAN_POINT('Ctrl Pts',(92.4959553141527,33.,26.4868817208578));
#3556=CARTESIAN_POINT('Ctrl Pts',(92.4959553141527,35.,26.4868817208578));
#3557=CARTESIAN_POINT('Ctrl Pts',(92.629140814966,33.,26.761148348724));
#3558=CARTESIAN_POINT('Ctrl Pts',(92.629140814966,35.,26.761148348724));
#3559=CARTESIAN_POINT('',(91.5309145061434,33.,24.7147635373226));
#3560=CARTESIAN_POINT('Ctrl Pts',(92.629140814966,33.,26.761148348724));
#3561=CARTESIAN_POINT('Ctrl Pts',(92.4959553141527,33.,26.4868817208578));
#3562=CARTESIAN_POINT('Ctrl Pts',(92.1575828381264,33.,25.7900770582196));
#3563=CARTESIAN_POINT('Ctrl Pts',(91.7674740567284,33.,25.1206811020996));
#3564=CARTESIAN_POINT('Ctrl Pts',(91.5309145061434,33.,24.7147635373226));
#3565=CARTESIAN_POINT('',(91.5309145061434,35.,24.7147635373226));
#3566=CARTESIAN_POINT('Ctrl Pts',(91.5309145061434,35.,24.7147635373226));
#3567=CARTESIAN_POINT('Ctrl Pts',(91.7674740567284,35.,25.1206811020996));
#3568=CARTESIAN_POINT('Ctrl Pts',(92.1575828381264,35.,25.7900770582196));
#3569=CARTESIAN_POINT('Ctrl Pts',(92.4959553141527,35.,26.4868817208578));
#3570=CARTESIAN_POINT('Ctrl Pts',(92.629140814966,35.,26.761148348724));
#3571=CARTESIAN_POINT('',(91.5309145061434,33.,24.7147635373226));
#3572=CARTESIAN_POINT('Origin',(92.4108602611483,33.,24.7147635373226));
#3573=CARTESIAN_POINT('',(92.4108602611483,33.,24.7147635373226));
#3574=CARTESIAN_POINT('',(71.301541583298,33.,24.7147635373226));
#3575=CARTESIAN_POINT('',(92.4108602611483,35.,24.7147635373226));
#3576=CARTESIAN_POINT('',(91.5309145061434,35.,24.7147635373226));
#3577=CARTESIAN_POINT('',(92.4108602611483,33.,24.7147635373226));
#3578=CARTESIAN_POINT('Ctrl Pts',(94.3071772663057,33.,28.1526903065792));
#3579=CARTESIAN_POINT('Ctrl Pts',(94.3071772663057,35.,28.1526903065792));
#3580=CARTESIAN_POINT('Ctrl Pts',(94.0668242550659,33.,27.567615190947));
#3581=CARTESIAN_POINT('Ctrl Pts',(94.0668242550659,35.,27.567615190947));
#3582=CARTESIAN_POINT('Ctrl Pts',(93.5664165250001,33.,26.3495064224265));
#3583=CARTESIAN_POINT('Ctrl Pts',(93.5664165250001,35.,26.3495064224265));
#3584=CARTESIAN_POINT('Ctrl Pts',(92.8060248872538,33.,25.2737952185818));
#3585=CARTESIAN_POINT('Ctrl Pts',(92.8060248872538,35.,25.2737952185818));
#3586=CARTESIAN_POINT('Ctrl Pts',(92.4108602611483,33.,24.7147635373226));
#3587=CARTESIAN_POINT('Ctrl Pts',(92.4108602611483,35.,24.7147635373226));
#3588=CARTESIAN_POINT('',(94.3071772663057,33.,28.1526903065792));
#3589=CARTESIAN_POINT('Ctrl Pts',(92.4108602611483,33.,24.7147635373226));
#3590=CARTESIAN_POINT('Ctrl Pts',(92.8060248872538,33.,25.2737952185818));
#3591=CARTESIAN_POINT('Ctrl Pts',(93.5664165250001,33.,26.3495064224265));
#3592=CARTESIAN_POINT('Ctrl Pts',(94.0668242550659,33.,27.567615190947));
#3593=CARTESIAN_POINT('Ctrl Pts',(94.3071772663057,33.,28.1526903065792));
#3594=CARTESIAN_POINT('',(94.3071772663057,35.,28.1526903065792));
#3595=CARTESIAN_POINT('Ctrl Pts',(94.3071772663057,35.,28.1526903065792));
#3596=CARTESIAN_POINT('Ctrl Pts',(94.0668242550659,35.,27.567615190947));
#3597=CARTESIAN_POINT('Ctrl Pts',(93.5664165250001,35.,26.3495064224265));
#3598=CARTESIAN_POINT('Ctrl Pts',(92.8060248872538,35.,25.2737952185818));
#3599=CARTESIAN_POINT('Ctrl Pts',(92.4108602611483,35.,24.7147635373226));
#3600=CARTESIAN_POINT('',(94.3071772663057,33.,28.1526903065792));
#3601=CARTESIAN_POINT('Ctrl Pts',(94.8324157802523,33.,31.2631956490627));
#3602=CARTESIAN_POINT('Ctrl Pts',(94.8324157802523,35.,31.2631956490627));
#3603=CARTESIAN_POINT('Ctrl Pts',(94.8111867043018,33.,30.7295883903359));
#3604=CARTESIAN_POINT('Ctrl Pts',(94.8111867043018,35.,30.7295883903359));
#3605=CARTESIAN_POINT('Ctrl Pts',(94.7690406798785,33.,29.6702194092632));
#3606=CARTESIAN_POINT('Ctrl Pts',(94.7690406798785,35.,29.6702194092632));
#3607=CARTESIAN_POINT('Ctrl Pts',(94.4603697464494,33.,28.6560296924206));
#3608=CARTESIAN_POINT('Ctrl Pts',(94.4603697464494,35.,28.6560296924206));
#3609=CARTESIAN_POINT('Ctrl Pts',(94.3071772663057,33.,28.1526903065792));
#3610=CARTESIAN_POINT('Ctrl Pts',(94.3071772663057,35.,28.1526903065792));
#3611=CARTESIAN_POINT('',(94.8324157802523,33.,31.2631956490627));
#3612=CARTESIAN_POINT('Ctrl Pts',(94.3071772663057,33.,28.1526903065792));
#3613=CARTESIAN_POINT('Ctrl Pts',(94.4603697464494,33.,28.6560296924206));
#3614=CARTESIAN_POINT('Ctrl Pts',(94.7690406798785,33.,29.6702194092632));
#3615=CARTESIAN_POINT('Ctrl Pts',(94.8111867043018,33.,30.7295883903359));
#3616=CARTESIAN_POINT('Ctrl Pts',(94.8324157802523,33.,31.2631956490627));
#3617=CARTESIAN_POINT('',(94.8324157802523,35.,31.2631956490627));
#3618=CARTESIAN_POINT('Ctrl Pts',(94.8324157802523,35.,31.2631956490627));
#3619=CARTESIAN_POINT('Ctrl Pts',(94.8111867043018,35.,30.7295883903359));
#3620=CARTESIAN_POINT('Ctrl Pts',(94.7690406798785,35.,29.6702194092632));
#3621=CARTESIAN_POINT('Ctrl Pts',(94.4603697464494,35.,28.6560296924206));
#3622=CARTESIAN_POINT('Ctrl Pts',(94.3071772663057,35.,28.1526903065792));
#3623=CARTESIAN_POINT('',(94.8324157802523,33.,31.2631956490627));
#3624=CARTESIAN_POINT('Ctrl Pts',(94.1264130680025,33.,34.8239044102779));
#3625=CARTESIAN_POINT('Ctrl Pts',(94.1264130680025,35.,34.8239044102779));
#3626=CARTESIAN_POINT('Ctrl Pts',(94.3323299149238,33.,34.2465104958859));
#3627=CARTESIAN_POINT('Ctrl Pts',(94.3323299149238,35.,34.2465104958859));
#3628=CARTESIAN_POINT('Ctrl Pts',(94.7432179767988,33.,33.0943742332628));
#3629=CARTESIAN_POINT('Ctrl Pts',(94.7432179767988,35.,33.0943742332628));
#3630=CARTESIAN_POINT('Ctrl Pts',(94.8027288325469,33.,31.872651271999));
#3631=CARTESIAN_POINT('Ctrl Pts',(94.8027288325469,35.,31.872651271999));
#3632=CARTESIAN_POINT('Ctrl Pts',(94.8324157802523,33.,31.2631956490627));
#3633=CARTESIAN_POINT('Ctrl Pts',(94.8324157802523,35.,31.2631956490627));
#3634=CARTESIAN_POINT('',(94.1264130680025,33.,34.8239044102779));
#3635=CARTESIAN_POINT('Ctrl Pts',(94.8324157802523,33.,31.2631956490627));
#3636=CARTESIAN_POINT('Ctrl Pts',(94.8027288325469,33.,31.872651271999));
#3637=CARTESIAN_POINT('Ctrl Pts',(94.7432179767988,33.,33.0943742332628));
#3638=CARTESIAN_POINT('Ctrl Pts',(94.3323299149238,33.,34.2465104958859));
#3639=CARTESIAN_POINT('Ctrl Pts',(94.1264130680025,33.,34.8239044102779));
#3640=CARTESIAN_POINT('',(94.1264130680025,35.,34.8239044102779));
#3641=CARTESIAN_POINT('Ctrl Pts',(94.1264130680025,35.,34.8239044102779));
#3642=CARTESIAN_POINT('Ctrl Pts',(94.3323299149238,35.,34.2465104958859));
#3643=CARTESIAN_POINT('Ctrl Pts',(94.7432179767988,35.,33.0943742332628));
#3644=CARTESIAN_POINT('Ctrl Pts',(94.8027288325469,35.,31.872651271999));
#3645=CARTESIAN_POINT('Ctrl Pts',(94.8324157802523,35.,31.2631956490627));
#3646=CARTESIAN_POINT('',(94.1264130680025,33.,34.8239044102779));
#3647=CARTESIAN_POINT('Ctrl Pts',(92.4108602611483,33.,37.8252688798061));
#3648=CARTESIAN_POINT('Ctrl Pts',(92.4108602611483,35.,37.8252688798061));
#3649=CARTESIAN_POINT('Ctrl Pts',(92.738324742749,33.,37.3707553420387));
#3650=CARTESIAN_POINT('Ctrl Pts',(92.738324742749,35.,37.3707553420387));
#3651=CARTESIAN_POINT('Ctrl Pts',(93.4155143570952,33.,36.4308309696266));
#3652=CARTESIAN_POINT('Ctrl Pts',(93.4155143570952,35.,36.4308309696266));
#3653=CARTESIAN_POINT('Ctrl Pts',(93.8843100631087,33.,35.3711578272456));
#3654=CARTESIAN_POINT('Ctrl Pts',(93.8843100631087,35.,35.3711578272456));
#3655=CARTESIAN_POINT('Ctrl Pts',(94.1264130680025,33.,34.8239044102779));
#3656=CARTESIAN_POINT('Ctrl Pts',(94.1264130680025,35.,34.8239044102779));
#3657=CARTESIAN_POINT('Ctrl Pts',(94.1264130680025,33.,34.8239044102779));
#3658=CARTESIAN_POINT('Ctrl Pts',(93.8843100631087,33.,35.3711578272456));
#3659=CARTESIAN_POINT('Ctrl Pts',(93.4155143570952,33.,36.4308309696266));
#3660=CARTESIAN_POINT('Ctrl Pts',(92.738324742749,33.,37.3707553420387));
#3661=CARTESIAN_POINT('Ctrl Pts',(92.4108602611483,33.,37.8252688798061));
#3662=CARTESIAN_POINT('Ctrl Pts',(92.4108602611483,35.,37.8252688798061));
#3663=CARTESIAN_POINT('Ctrl Pts',(92.738324742749,35.,37.3707553420387));
#3664=CARTESIAN_POINT('Ctrl Pts',(93.4155143570952,35.,36.4308309696266));
#3665=CARTESIAN_POINT('Ctrl Pts',(93.8843100631087,35.,35.3711578272456));
#3666=CARTESIAN_POINT('Ctrl Pts',(94.1264130680025,35.,34.8239044102779));
#3667=CARTESIAN_POINT('Origin',(91.1407374350489,35.,31.2700162085644));
#3668=CARTESIAN_POINT('Origin',(28.8798326459337,32.,2.02066299025055));
#3669=CARTESIAN_POINT('',(36.0476643117629,31.,3.02066299025055));
#3670=CARTESIAN_POINT('',(36.0476643117629,33.,1.02066299025055));
#3671=CARTESIAN_POINT('',(36.0476643117629,31.,3.02066299025055));
#3672=CARTESIAN_POINT('',(9.56744238641962,33.,1.02066299025055));
#3673=CARTESIAN_POINT('',(28.8798326459337,33.,1.02066299025055));
#3674=CARTESIAN_POINT('',(9.56744238641962,31.,3.02066299025055));
#3675=CARTESIAN_POINT('',(9.56744238641962,33.,1.02066299025055));
#3676=CARTESIAN_POINT('',(28.8798326459337,31.,3.02066299025055));
#3677=CARTESIAN_POINT('Origin',(36.0476643117629,32.,5.02066299025055));
#3678=CARTESIAN_POINT('',(38.0476643117629,31.,5.02066299025055));
#3679=CARTESIAN_POINT('Origin',(36.0476643117629,31.,5.02066299025055));
#3680=CARTESIAN_POINT('',(40.0476643117629,33.,5.02066299025055));
#3681=CARTESIAN_POINT('',(38.0476643117629,31.,5.02066299025055));
#3682=CARTESIAN_POINT('Origin',(36.0476643117629,33.,5.02066299025055));
#3683=CARTESIAN_POINT('Origin',(39.0476643117629,32.,21.6098800430446));
#3684=CARTESIAN_POINT('',(38.0476643117629,31.,12.8177261301369));
#3685=CARTESIAN_POINT('',(40.0476643117629,33.,12.8177261301369));
#3686=CARTESIAN_POINT('',(38.0476643117629,31.,12.8177261301369));
#3687=CARTESIAN_POINT('',(40.0476643117629,33.,21.6098800430446));
#3688=CARTESIAN_POINT('',(38.0476643117629,31.,21.6098800430446));
#3689=CARTESIAN_POINT('Origin',(36.0476643117629,32.,12.8177261301369));
#3690=CARTESIAN_POINT('',(36.3480841984577,31.,14.7950343741086));
#3691=CARTESIAN_POINT('',(36.6485040851525,33.,16.7723426180804));
#3692=CARTESIAN_POINT('',(36.3480841984577,31.,14.7950343741086));
#3693=CARTESIAN_POINT('Origin',(36.0476643117629,33.,12.8177261301369));
#3694=CARTESIAN_POINT('Origin',(36.0476643117629,31.,12.8177261301369));
#3695=CARTESIAN_POINT('Origin',(9.56744238641962,32.,12.8177261301369));
#3696=CARTESIAN_POINT('',(7.85896308329798,33.,16.4345062548895));
#3697=CARTESIAN_POINT('',(8.7132027348588,31.,14.6261161925132));
#3698=CARTESIAN_POINT('',(7.85896308329798,33.,16.4345062548895));
#3699=CARTESIAN_POINT('',(7.56744238641962,31.,12.8177261301369));
#3700=CARTESIAN_POINT('Origin',(9.56744238641962,31.,12.8177261301369));
#3701=CARTESIAN_POINT('',(5.56744238641962,33.,12.8177261301369));
#3702=CARTESIAN_POINT('',(7.56744238641962,31.,12.8177261301369));
#3703=CARTESIAN_POINT('Origin',(9.56744238641962,33.,12.8177261301369));
#3704=CARTESIAN_POINT('Origin',(6.56744238641962,32.,27.5084116129878));
#3705=CARTESIAN_POINT('',(7.56744238641962,31.,5.02066299025055));
#3706=CARTESIAN_POINT('',(5.56744238641962,33.,5.02066299025055));
#3707=CARTESIAN_POINT('',(7.56744238641962,31.,5.02066299025055));
#3708=CARTESIAN_POINT('',(5.56744238641962,33.,27.5084116129878));
#3709=CARTESIAN_POINT('',(7.56744238641962,31.,27.5084116129878));
#3710=CARTESIAN_POINT('Origin',(9.56744238641962,32.,5.02066299025055));
#3711=CARTESIAN_POINT('Origin',(9.56744238641962,31.,5.02066299025055));
#3712=CARTESIAN_POINT('Origin',(9.56744238641962,33.,5.02066299025055));
#3713=CARTESIAN_POINT('Ctrl Pts',(36.6485040851525,33.,16.7723426180803));
#3714=CARTESIAN_POINT('Ctrl Pts',(36.4497442405081,33.,16.8025409496705));
#3715=CARTESIAN_POINT('Ctrl Pts',(36.2487051411332,33.,16.8177261301369));
#3716=CARTESIAN_POINT('Ctrl Pts',(36.0476643117629,33.,16.8177261301369));
#3717=CARTESIAN_POINT('Ctrl Pts',(36.5483641229209,32.3333333333333,16.1132398700897));
#3718=CARTESIAN_POINT('Ctrl Pts',(36.3827309190506,32.3333333333333,16.1384051464149));
#3719=CARTESIAN_POINT('Ctrl Pts',(36.2151983362382,32.3333333333333,16.1510594634703));
#3720=CARTESIAN_POINT('Ctrl Pts',(36.0476643117629,32.3333333333333,16.1510594634703));
#3721=CARTESIAN_POINT('Ctrl Pts',(36.4482241606893,31.6666666666667,15.4541371220992));
#3722=CARTESIAN_POINT('Ctrl Pts',(36.3157175975931,31.6666666666667,15.4742693431593));
#3723=CARTESIAN_POINT('Ctrl Pts',(36.1816915313431,31.6666666666667,15.4843927968036));
#3724=CARTESIAN_POINT('Ctrl Pts',(36.0476643117629,31.6666666666667,15.4843927968036));
#3725=CARTESIAN_POINT('Ctrl Pts',(36.3480841984577,31.,14.7950343741086));
#3726=CARTESIAN_POINT('Ctrl Pts',(36.2487042761355,31.,14.8101335399037));
#3727=CARTESIAN_POINT('Ctrl Pts',(36.1481847264481,31.,14.8177261301369));
#3728=CARTESIAN_POINT('Ctrl Pts',(36.0476643117629,31.,14.8177261301369));
#3729=CARTESIAN_POINT('',(36.0476643117629,32.7122411432379,16.5299672733749));
#3730=CARTESIAN_POINT('Ctrl Pts',(36.0510234930183,32.712241143238,16.5345904064579));
#3731=CARTESIAN_POINT('Ctrl Pts',(36.1048828592473,32.7261369860089,16.5480995350748));
#3732=CARTESIAN_POINT('Ctrl Pts',(36.1575241494917,32.7428037528105,16.563137978603));
#3733=CARTESIAN_POINT('Ctrl Pts',(36.2091224614528,32.7620299976434,16.5797892067566));
#3734=CARTESIAN_POINT('Ctrl Pts',(36.249281518253,32.7769938177561,16.5927488868663));
#3735=CARTESIAN_POINT('Ctrl Pts',(36.2885622538004,32.7934163921616,16.6066077320362));
#3736=CARTESIAN_POINT('Ctrl Pts',(36.3269869785411,32.8111071539192,16.6213405031115));
#3737=CARTESIAN_POINT('Ctrl Pts',(36.3776140283332,32.8344158720012,16.6407518779446));
#3738=CARTESIAN_POINT('Ctrl Pts',(36.4267528671864,32.8599261328586,16.6616751840269));
#3739=CARTESIAN_POINT('Ctrl Pts',(36.4743786273673,32.8872020603194,16.6838033917876));
#3740=CARTESIAN_POINT('Ctrl Pts',(36.5238194724134,32.9155175118304,16.7067749367433));
#3741=CARTESIAN_POINT('Ctrl Pts',(36.5716299503931,32.9457357786267,16.7310450338518));
#3742=CARTESIAN_POINT('Ctrl Pts',(36.6178121893047,32.9773692255381,16.7563174174781));
#3743=CARTESIAN_POINT('Ctrl Pts',(36.6287132219918,32.9848361055966,16.7622828077771));
#3744=CARTESIAN_POINT('Ctrl Pts',(36.6395236523021,32.9923818348085,16.7683042397855));
#3745=CARTESIAN_POINT('Ctrl Pts',(36.650243716651,33.,16.7743781751924));
#3746=CARTESIAN_POINT('',(36.0476643117629,31.,14.8177261301369));
#3747=CARTESIAN_POINT('Ctrl Pts',(36.3480841984577,31.,14.7950343741086));
#3748=CARTESIAN_POINT('Ctrl Pts',(36.2487042761355,31.,14.8101335399037));
#3749=CARTESIAN_POINT('Ctrl Pts',(36.1481847264481,31.,14.8177261301369));
#3750=CARTESIAN_POINT('Ctrl Pts',(36.0476643117629,31.,14.8177261301369));
#3751=CARTESIAN_POINT('',(36.0476643117629,31.,14.8177261301369));
#3752=CARTESIAN_POINT('Ctrl Pts',(9.56744238641963,33.,16.8177261301369));
#3753=CARTESIAN_POINT('Ctrl Pts',(8.9790356860998,33.,16.8177261301369));
#3754=CARTESIAN_POINT('Ctrl Pts',(8.39099749804497,33.,16.6858264222181));
#3755=CARTESIAN_POINT('Ctrl Pts',(7.85896308329798,33.,16.4345062548895));
#3756=CARTESIAN_POINT('Ctrl Pts',(9.56744238641963,32.3333333333333,16.1510594634703));
#3757=CARTESIAN_POINT('Ctrl Pts',(9.07710346948644,32.3333333333333,16.1510594634703));
#3758=CARTESIAN_POINT('Ctrl Pts',(8.58707164610742,32.3333333333333,16.0411430402046));
#3759=CARTESIAN_POINT('Ctrl Pts',(8.14370963381826,32.3333333333333,15.8317095674307));
#3760=CARTESIAN_POINT('Ctrl Pts',(9.56744238641962,31.6666666666667,15.4843927968036));
#3761=CARTESIAN_POINT('Ctrl Pts',(9.17517125287308,31.6666666666667,15.4843927968036));
#3762=CARTESIAN_POINT('Ctrl Pts',(8.78314579416986,31.6666666666667,15.3964596581911));
#3763=CARTESIAN_POINT('Ctrl Pts',(8.42845618433853,31.6666666666667,15.228912879972));
#3764=CARTESIAN_POINT('Ctrl Pts',(9.56744238641962,31.,14.8177261301369));
#3765=CARTESIAN_POINT('Ctrl Pts',(9.27323903625971,31.,14.8177261301369));
#3766=CARTESIAN_POINT('Ctrl Pts',(8.9792199422323,31.,14.7517762761775));
#3767=CARTESIAN_POINT('Ctrl Pts',(8.7132027348588,31.,14.6261161925132));
#3768=CARTESIAN_POINT('',(9.56744238641963,32.6167801247525,16.4345062548895));
#3769=CARTESIAN_POINT('Ctrl Pts',(7.85896308329798,33.,16.4345062548895));
#3770=CARTESIAN_POINT('Ctrl Pts',(8.1208977220948,32.8881225227112,16.4345062548895));
#3771=CARTESIAN_POINT('Ctrl Pts',(8.39121335910182,32.793700299331,16.4345062548895));
#3772=CARTESIAN_POINT('Ctrl Pts',(8.84476542097409,32.6843074479407,16.4345062548895));
#3773=CARTESIAN_POINT('Ctrl Pts',(9.02262326466724,32.6531780996355,16.4345062548877));
#3774=CARTESIAN_POINT('Ctrl Pts',(9.27245992179003,32.628131717803,16.4345062548877));
#3775=CARTESIAN_POINT('Ctrl Pts',(9.34200106658621,32.6231298471763,16.4345062548895));
#3776=CARTESIAN_POINT('Ctrl Pts',(9.45773620709868,32.618151566954,16.4345062548895));
#3777=CARTESIAN_POINT('Ctrl Pts',(9.50375641071616,32.6170476196238,16.4345062548895));
#3778=CARTESIAN_POINT('Ctrl Pts',(9.55568789606624,32.616794449669,16.4345062548895));
#3779=CARTESIAN_POINT('Ctrl Pts',(9.56156530823905,32.6167801247525,16.4345062548895));
#3780=CARTESIAN_POINT('Ctrl Pts',(9.56744238641963,32.6167801247525,16.4345062548895));
#3781=CARTESIAN_POINT('',(9.56744238641962,31.,14.8177261301369));
#3782=CARTESIAN_POINT('',(9.56744238641963,33.,16.8177261301369));
#3783=CARTESIAN_POINT('Ctrl Pts',(9.56744238641962,31.,14.8177261301369));
#3784=CARTESIAN_POINT('Ctrl Pts',(9.27323903625971,31.,14.8177261301369));
#3785=CARTESIAN_POINT('Ctrl Pts',(8.9792199422323,31.,14.7517762761775));
#3786=CARTESIAN_POINT('Ctrl Pts',(8.7132027348588,31.,14.6261161925132));
#3787=CARTESIAN_POINT('Origin',(44.1199436086054,32.,15.8177261301369));
#3788=CARTESIAN_POINT('',(35.0000005662441,32.6167801247525,16.4345062548895));
#3789=CARTESIAN_POINT('Ctrl Pts',(35.0000005662441,32.6167801247525,16.4345062548895));
#3790=CARTESIAN_POINT('Ctrl Pts',(35.3132294427141,32.6167801247525,16.4345062548895));
#3791=CARTESIAN_POINT('Ctrl Pts',(35.641965625137,32.6167801247525,16.4345062548895));
#3792=CARTESIAN_POINT('Ctrl Pts',(36.010100375032,32.7028086978059,16.5205348279429));
#3793=CARTESIAN_POINT('Ctrl Pts',(36.0286470169767,32.7073469322542,16.5250730623912));
#3794=CARTESIAN_POINT('Ctrl Pts',(36.0476643117629,32.712241143238,16.5299672733749));
#3795=CARTESIAN_POINT('',(44.1199436086054,31.,14.8177261301369));
#3796=CARTESIAN_POINT('',(22.5869789650673,32.6167801247525,16.4345062548895));
#3797=CARTESIAN_POINT('Ctrl Pts',(35.0000005662441,30.,16.4345062548895));
#3798=CARTESIAN_POINT('Ctrl Pts',(35.0000005662441,31.,16.4345062548895));
#3799=CARTESIAN_POINT('Ctrl Pts',(35.0000005662441,32.,16.4345062548895));
#3800=CARTESIAN_POINT('Ctrl Pts',(35.0000005662441,33.,16.4345062548895));
#3801=CARTESIAN_POINT('Ctrl Pts',(35.448799516757,30.,16.4345062548895));
#3802=CARTESIAN_POINT('Ctrl Pts',(35.448799516757,31.,16.4345062548895));
#3803=CARTESIAN_POINT('Ctrl Pts',(35.448799516757,32.,16.4345062548895));
#3804=CARTESIAN_POINT('Ctrl Pts',(35.448799516757,33.,16.4345062548895));
#3805=CARTESIAN_POINT('Ctrl Pts',(36.1222628395009,30.,16.4679055975497));
#3806=CARTESIAN_POINT('Ctrl Pts',(36.1222628395009,31.,16.4679055975497));
#3807=CARTESIAN_POINT('Ctrl Pts',(36.1222628395009,32.,16.4679055975497));
#3808=CARTESIAN_POINT('Ctrl Pts',(36.1222628395009,33.,16.4679055975497));
#3809=CARTESIAN_POINT('Ctrl Pts',(36.9609230308696,30.,16.9393434284551));
#3810=CARTESIAN_POINT('Ctrl Pts',(36.9609230308696,31.,16.9393434284551));
#3811=CARTESIAN_POINT('Ctrl Pts',(36.9609230308696,32.,16.9393434284551));
#3812=CARTESIAN_POINT('Ctrl Pts',(36.9609230308696,33.,16.9393434284551));
#3813=CARTESIAN_POINT('Ctrl Pts',(37.6832581141096,30.,17.6568983822921));
#3814=CARTESIAN_POINT('Ctrl Pts',(37.6832581141096,31.,17.6568983822921));
#3815=CARTESIAN_POINT('Ctrl Pts',(37.6832581141096,32.,17.6568983822921));
#3816=CARTESIAN_POINT('Ctrl Pts',(37.6832581141096,33.,17.6568983822921));
#3817=CARTESIAN_POINT('Ctrl Pts',(38.0050330688232,30.,18.5484023444716));
#3818=CARTESIAN_POINT('Ctrl Pts',(38.0050330688232,31.,18.5484023444716));
#3819=CARTESIAN_POINT('Ctrl Pts',(38.0050330688232,32.,18.5484023444716));
#3820=CARTESIAN_POINT('Ctrl Pts',(38.0050330688232,33.,18.5484023444716));
#3821=CARTESIAN_POINT('Ctrl Pts',(38.0000005662441,30.,19.2101067796331));
#3822=CARTESIAN_POINT('Ctrl Pts',(38.0000005662441,31.,19.2101067796331));
#3823=CARTESIAN_POINT('Ctrl Pts',(38.0000005662441,32.,19.2101067796331));
#3824=CARTESIAN_POINT('Ctrl Pts',(38.0000005662441,33.,19.2101067796331));
#3825=CARTESIAN_POINT('Ctrl Pts',(38.0000005662441,30.,19.4345062548895));
#3826=CARTESIAN_POINT('Ctrl Pts',(38.0000005662441,31.,19.4345062548895));
#3827=CARTESIAN_POINT('Ctrl Pts',(38.0000005662441,32.,19.4345062548895));
#3828=CARTESIAN_POINT('Ctrl Pts',(38.0000005662441,33.,19.4345062548895));
#3829=CARTESIAN_POINT('',(35.0000005662441,30.,16.4345062548895));
#3830=CARTESIAN_POINT('',(35.0000005662441,30.,16.4345062548895));
#3831=CARTESIAN_POINT('',(38.0000005662441,30.,19.4345062548895));
#3832=CARTESIAN_POINT('Ctrl Pts',(35.0000005662441,30.,16.4345062548895));
#3833=CARTESIAN_POINT('Ctrl Pts',(35.448799516757,30.,16.4345062548895));
#3834=CARTESIAN_POINT('Ctrl Pts',(35.8977750652529,30.,16.4567724833297));
#3835=CARTESIAN_POINT('Ctrl Pts',(36.3269869785411,30.,16.6213405031115));
#3836=CARTESIAN_POINT('Ctrl Pts',(36.5415929351852,30.,16.7036245130024));
#3837=CARTESIAN_POINT('Ctrl Pts',(36.7512579830274,30.,16.8214839707288));
#3838=CARTESIAN_POINT('Ctrl Pts',(36.9463823923535,30.,16.9701080688216));
#3839=CARTESIAN_POINT('Ctrl Pts',(37.1415068016796,30.,17.1187321669144));
#3840=CARTESIAN_POINT('Ctrl Pts',(37.3220905724896,30.,17.2981209053736));
#3841=CARTESIAN_POINT('Ctrl Pts',(37.4692943325891,30.,17.4920053945281));
#3842=CARTESIAN_POINT('Ctrl Pts',(37.763701852788,30.,17.879774372837));
#3843=CARTESIAN_POINT('Ctrl Pts',(37.9245893301448,30.,18.3255263539268));
#3844=CARTESIAN_POINT('Ctrl Pts',(37.9759818214508,30.,18.7682012076951));
#3845=CARTESIAN_POINT('Ctrl Pts',(38.0016780671038,30.,18.9895386345793));
#3846=CARTESIAN_POINT('Ctrl Pts',(38.0000005662441,30.,19.2101067796331));
#3847=CARTESIAN_POINT('Ctrl Pts',(38.0000005662441,30.,19.4345062548895));
#3848=CARTESIAN_POINT('',(38.0000005662441,33.,19.4345062548895));
#3849=CARTESIAN_POINT('',(38.0000005662441,30.,19.4345062548895));
#3850=CARTESIAN_POINT('Ctrl Pts',(38.0000005662441,33.,19.4345062548895));
#3851=CARTESIAN_POINT('Ctrl Pts',(38.0000005662441,33.,19.2101067796331));
#3852=CARTESIAN_POINT('Ctrl Pts',(38.0016780671038,33.,18.9895386345793));
#3853=CARTESIAN_POINT('Ctrl Pts',(37.9759818214508,33.,18.7682012076951));
#3854=CARTESIAN_POINT('Ctrl Pts',(37.9245893301448,33.,18.3255263539268));
#3855=CARTESIAN_POINT('Ctrl Pts',(37.763701852788,33.,17.879774372837));
#3856=CARTESIAN_POINT('Ctrl Pts',(37.4692943325891,33.,17.4920053945281));
#3857=CARTESIAN_POINT('Ctrl Pts',(37.3220905724896,33.,17.2981209053736));
#3858=CARTESIAN_POINT('Ctrl Pts',(37.1415068016796,33.,17.1187321669144));
#3859=CARTESIAN_POINT('Ctrl Pts',(36.9463823923535,33.,16.9701080688216));
#3860=CARTESIAN_POINT('Ctrl Pts',(36.8507835026638,33.,16.8972914550116));
#3861=CARTESIAN_POINT('Ctrl Pts',(36.7516942871403,33.,16.8318595663578));
#3862=CARTESIAN_POINT('Ctrl Pts',(36.6502437166786,33.,16.774378175208));
#3863=CARTESIAN_POINT('Origin',(1.05401432152922,30.,16.4345062548895));
#3864=CARTESIAN_POINT('',(4.05401432152922,33.,16.4345062548895));
#3865=CARTESIAN_POINT('',(1.05401432152922,33.,16.4345062548895));
#3866=CARTESIAN_POINT('',(4.05401432152922,30.,16.4345062548895));
#3867=CARTESIAN_POINT('',(4.05401432152922,30.,16.4345062548895));
#3868=CARTESIAN_POINT('',(1.05401432152922,30.,16.4345062548895));
#3869=CARTESIAN_POINT('Origin',(36.0476643117629,30.,5.02066299025055));
#3870=CARTESIAN_POINT('',(36.0476643117629,30.,3.02066299025055));
#3871=CARTESIAN_POINT('',(36.0476643117629,30.,3.02066299025055));
#3872=CARTESIAN_POINT('',(38.0476643117629,30.,5.02066299025055));
#3873=CARTESIAN_POINT('Origin',(36.0476643117629,30.,5.02066299025055));
#3874=CARTESIAN_POINT('',(38.0476643117629,30.,5.02066299025055));
#3875=CARTESIAN_POINT('Origin',(7.56744238641962,30.,3.02066299025055));
#3876=CARTESIAN_POINT('',(9.56744238641962,30.,3.02066299025055));
#3877=CARTESIAN_POINT('',(9.56744238641962,30.,3.02066299025055));
#3878=CARTESIAN_POINT('',(7.56744238641962,30.,3.02066299025055));
#3879=CARTESIAN_POINT('Origin',(9.56744238641962,30.,5.02066299025055));
#3880=CARTESIAN_POINT('',(7.56744238641962,30.,5.02066299025055));
#3881=CARTESIAN_POINT('',(7.56744238641962,30.,5.02066299025055));
#3882=CARTESIAN_POINT('Origin',(9.56744238641962,30.,5.02066299025055));
#3883=CARTESIAN_POINT('Origin',(7.56744238641962,30.,14.8177261301369));
#3884=CARTESIAN_POINT('',(7.56744238641962,30.,12.8177261301369));
#3885=CARTESIAN_POINT('',(7.56744238641962,30.,12.8177261301369));
#3886=CARTESIAN_POINT('',(7.56744238641962,30.,14.8177261301369));
#3887=CARTESIAN_POINT('Ctrl Pts',(-10.0077770945521,31.,-2.0009029041614));
#3888=CARTESIAN_POINT('Ctrl Pts',(-10.0077770945521,31.,-2.59180461434871));
#3889=CARTESIAN_POINT('Ctrl Pts',(-10.0175178458324,31.,-3.80862942391764));
#3890=CARTESIAN_POINT('Ctrl Pts',(-9.64040166029154,31.,-5.35169427183539));
#3891=CARTESIAN_POINT('Ctrl Pts',(-9.17055565082556,31.,-6.29906517851622));
#3892=CARTESIAN_POINT('Ctrl Pts',(-8.8055400930395,31.,-6.90830614588236));
#3893=CARTESIAN_POINT('Ctrl Pts',(-8.05586818188223,31.,-7.90226382121656));
#3894=CARTESIAN_POINT('Ctrl Pts',(-6.74025148885811,31.,-9.01709790962494));
#3895=CARTESIAN_POINT('Ctrl Pts',(-5.13356427429617,31.,-9.69218849631877));
#3896=CARTESIAN_POINT('Ctrl Pts',(-4.45464111624991,31.,-9.8321779300075));
#3897=CARTESIAN_POINT('Ctrl Pts',(-3.38501487021366,31.,-10.0028527551283));
#3898=CARTESIAN_POINT('Ctrl Pts',(-2.68637008178187,31.,-10.0009029041614));
#3899=CARTESIAN_POINT('Ctrl Pts',(-2.00777709455214,31.,-10.0009029041614));
#3900=CARTESIAN_POINT('Ctrl Pts',(-9.34111042788547,31.6666666666667,-2.0009029041614));
#3901=CARTESIAN_POINT('Ctrl Pts',(-9.34293406467225,31.6666666666667,-2.59143999045331));
#3902=CARTESIAN_POINT('Ctrl Pts',(-9.34496808921516,31.6666666666667,-3.75039163049454));
#3903=CARTESIAN_POINT('Ctrl Pts',(-9.00603890177232,31.6666666666667,-5.12812588466959));
#3904=CARTESIAN_POINT('Ctrl Pts',(-8.58455960549309,31.6666666666667,-5.98002544189139));
#3905=CARTESIAN_POINT('Ctrl Pts',(-8.25546152954,31.6666666666666,-6.52897633106084));
#3906=CARTESIAN_POINT('Ctrl Pts',(-7.5745577673002,31.6666666666667,-7.4330780660176));
#3907=CARTESIAN_POINT('Ctrl Pts',(-6.37372547774745,31.6666666666667,-8.4483026495586));
#3908=CARTESIAN_POINT('Ctrl Pts',(-4.93605631798965,31.6666666666667,-9.05052493390409));
#3909=CARTESIAN_POINT('Ctrl Pts',(-4.32239798558247,31.6666666666667,-9.17858090804003));
#3910=CARTESIAN_POINT('Ctrl Pts',(-3.34666275576282,31.6666666666667,-9.33370142865145));
#3911=CARTESIAN_POINT('Ctrl Pts',(-2.68630915735839,31.6666666666667,-9.33514831930044));
#3912=CARTESIAN_POINT('Ctrl Pts',(-2.00777709455214,31.6666666666667,-9.33423623749469));
#3913=CARTESIAN_POINT('Ctrl Pts',(-8.67444376121881,32.3333333333333,-2.0009029041614));
#3914=CARTESIAN_POINT('Ctrl Pts',(-8.67262012443203,32.3333333333333,-2.5921692382441));
#3915=CARTESIAN_POINT('Ctrl Pts',(-8.67573797606766,32.3333333333333,-3.69053708919079));
#3916=CARTESIAN_POINT('Ctrl Pts',(-8.37070040398844,32.3333333333333,-4.90569833648601));
#3917=CARTESIAN_POINT('Ctrl Pts',(-7.99688575582948,32.3333333333333,-5.66199322037701));
#3918=CARTESIAN_POINT('Ctrl Pts',(-7.70339760254084,32.3333333333333,-6.15154418958931));
#3919=CARTESIAN_POINT('Ctrl Pts',(-7.09293792627809,32.3333333333333,-6.96366364989538));
#3920=CARTESIAN_POINT('Ctrl Pts',(-6.0094504605956,32.3333333333333,-7.87724814022956));
#3921=CARTESIAN_POINT('Ctrl Pts',(-4.73664126184181,32.3333333333333,-8.41018873951342));
#3922=CARTESIAN_POINT('Ctrl Pts',(-4.19164288592556,32.3333333333333,-8.52348987153888));
#3923=CARTESIAN_POINT('Ctrl Pts',(-3.30655008491292,32.3333333333333,-8.66555463062818));
#3924=CARTESIAN_POINT('Ctrl Pts',(-2.6864310062054,32.3333333333333,-8.66665748902228));
#3925=CARTESIAN_POINT('Ctrl Pts',(-2.00777709455215,32.3333333333333,-8.66756957082802));
#3926=CARTESIAN_POINT('Ctrl Pts',(-8.00777709455214,33.,-2.0009029041614));
#3927=CARTESIAN_POINT('Ctrl Pts',(-8.00777709455214,33.,-2.5918046143487));
#3928=CARTESIAN_POINT('Ctrl Pts',(-8.00318821945039,33.,-3.63229929576769));
#3929=CARTESIAN_POINT('Ctrl Pts',(-7.73633764546922,33.,-4.68212994932021));
#3930=CARTESIAN_POINT('Ctrl Pts',(-7.41088971049701,33.,-5.34295348375218));
#3931=CARTESIAN_POINT('Ctrl Pts',(-7.15331903904135,33.,-5.77221437476779));
#3932=CARTESIAN_POINT('Ctrl Pts',(-6.61162751169606,33.,-6.49447789469641));
#3933=CARTESIAN_POINT('Ctrl Pts',(-5.64292444948494,33.,-7.30845288016323));
#3934=CARTESIAN_POINT('Ctrl Pts',(-4.53913330553528,33.,-7.76852517709874));
#3935=CARTESIAN_POINT('Ctrl Pts',(-4.05939975525812,33.,-7.86989284957141));
#3936=CARTESIAN_POINT('Ctrl Pts',(-3.26819797046209,33.,-7.99640330415128));
#3937=CARTESIAN_POINT('Ctrl Pts',(-2.68637008178192,33.,-8.00090290416136));
#3938=CARTESIAN_POINT('Ctrl Pts',(-2.00777709455215,33.,-8.00090290416135));
#3939=CARTESIAN_POINT('',(-2.00777709455215,33.,-8.00090290416135));
#3940=CARTESIAN_POINT('',(-2.00777709455214,31.,-10.0009029041614));
#3941=CARTESIAN_POINT('',(-2.00777709455215,33.,-8.00090290416135));
#3942=CARTESIAN_POINT('',(-10.0077770945521,31.,-2.0009029041614));
#3943=CARTESIAN_POINT('Ctrl Pts',(-2.00777709455214,31.,-10.0009029041614));
#3944=CARTESIAN_POINT('Ctrl Pts',(-2.68637008178187,31.,-10.0009029041614));
#3945=CARTESIAN_POINT('Ctrl Pts',(-3.38501487021366,31.,-10.0028527551283));
#3946=CARTESIAN_POINT('Ctrl Pts',(-4.45464111624991,31.,-9.8321779300075));
#3947=CARTESIAN_POINT('Ctrl Pts',(-5.13356427429617,31.,-9.69218849631877));
#3948=CARTESIAN_POINT('Ctrl Pts',(-6.74025148885811,31.,-9.01709790962494));
#3949=CARTESIAN_POINT('Ctrl Pts',(-8.05586818188223,31.,-7.90226382121656));
#3950=CARTESIAN_POINT('Ctrl Pts',(-8.8055400930395,31.,-6.90830614588236));
#3951=CARTESIAN_POINT('Ctrl Pts',(-9.17055565082556,31.,-6.29906517851622));
#3952=CARTESIAN_POINT('Ctrl Pts',(-9.64040166029154,31.,-5.35169427183539));
#3953=CARTESIAN_POINT('Ctrl Pts',(-10.0175178458324,31.,-3.80862942391764));
#3954=CARTESIAN_POINT('Ctrl Pts',(-10.0077770945521,31.,-2.59180461434871));
#3955=CARTESIAN_POINT('Ctrl Pts',(-10.0077770945521,31.,-2.0009029041614));
#3956=CARTESIAN_POINT('',(-8.00777709455214,33.,-2.0009029041614));
#3957=CARTESIAN_POINT('',(-10.0077770945521,31.,-2.0009029041614));
#3958=CARTESIAN_POINT('Ctrl Pts',(-8.00777709455214,33.,-2.0009029041614));
#3959=CARTESIAN_POINT('Ctrl Pts',(-8.00777709455214,33.,-2.5918046143487));
#3960=CARTESIAN_POINT('Ctrl Pts',(-8.00318821945039,33.,-3.63229929576769));
#3961=CARTESIAN_POINT('Ctrl Pts',(-7.73633764546922,33.,-4.68212994932021));
#3962=CARTESIAN_POINT('Ctrl Pts',(-7.41088971049701,33.,-5.34295348375218));
#3963=CARTESIAN_POINT('Ctrl Pts',(-7.15331903904135,33.,-5.77221437476779));
#3964=CARTESIAN_POINT('Ctrl Pts',(-6.61162751169606,33.,-6.49447789469641));
#3965=CARTESIAN_POINT('Ctrl Pts',(-5.64292444948494,33.,-7.30845288016323));
#3966=CARTESIAN_POINT('Ctrl Pts',(-4.53913330553528,33.,-7.76852517709874));
#3967=CARTESIAN_POINT('Ctrl Pts',(-4.05939975525812,33.,-7.86989284957141));
#3968=CARTESIAN_POINT('Ctrl Pts',(-3.26819797046209,33.,-7.99640330415128));
#3969=CARTESIAN_POINT('Ctrl Pts',(-2.68637008178192,33.,-8.00090290416136));
#3970=CARTESIAN_POINT('Ctrl Pts',(-2.00777709455215,33.,-8.00090290416135));
#3971=CARTESIAN_POINT('Origin',(80.2922229054479,32.,-9.00090290416139));
#3972=CARTESIAN_POINT('',(102.392222905448,33.,-8.00090290416139));
#3973=CARTESIAN_POINT('',(80.2922229054479,33.,-8.0009029041614));
#3974=CARTESIAN_POINT('',(102.392222905448,31.,-10.0009029041614));
#3975=CARTESIAN_POINT('',(102.392222905448,33.,-8.00090290416139));
#3976=CARTESIAN_POINT('',(80.2922229054479,31.,-10.0009029041614));
#3977=CARTESIAN_POINT('Ctrl Pts',(102.392222905448,31.,-10.0009029041614));
#3978=CARTESIAN_POINT('Ctrl Pts',(102.91029390132,31.,-10.0009029041614));
#3979=CARTESIAN_POINT('Ctrl Pts',(103.975887389909,31.,-10.0039529568096));
#3980=CARTESIAN_POINT('Ctrl Pts',(105.442815986014,31.,-9.72915782522538));
#3981=CARTESIAN_POINT('Ctrl Pts',(106.588569149566,31.,-9.23030831119349));
#3982=CARTESIAN_POINT('Ctrl Pts',(107.634175556877,31.,-8.58794042602053));
#3983=CARTESIAN_POINT('Ctrl Pts',(108.629506791175,31.,-7.68730784565722));
#3984=CARTESIAN_POINT('Ctrl Pts',(109.499254457463,31.,-6.4480302412448));
#3985=CARTESIAN_POINT('Ctrl Pts',(110.134865007182,31.,-5.04569046155858));
#3986=CARTESIAN_POINT('Ctrl Pts',(110.38452429029,31.,-3.59769522198451));
#3987=CARTESIAN_POINT('Ctrl Pts',(110.392222905448,31.,-2.52406570598164));
#3988=CARTESIAN_POINT('Ctrl Pts',(110.392222905448,31.,-2.00090290416139));
#3989=CARTESIAN_POINT('Ctrl Pts',(102.392222905448,31.6666666666667,-9.33423623749472));
#3990=CARTESIAN_POINT('Ctrl Pts',(102.91029390132,31.6666666666667,-9.33423623749472));
#3991=CARTESIAN_POINT('Ctrl Pts',(103.931167039658,31.6666666666667,-9.33459531364812));
#3992=CARTESIAN_POINT('Ctrl Pts',(105.251720352933,31.6666666666667,-9.08433260366109));
#3993=CARTESIAN_POINT('Ctrl Pts',(106.279314046764,31.6666666666667,-8.63727406667934));
#3994=CARTESIAN_POINT('Ctrl Pts',(107.22276358649,31.6666666666667,-8.05836324278246));
#3995=CARTESIAN_POINT('Ctrl Pts',(108.131746110795,31.6666666666667,-7.23581913633175));
#3996=CARTESIAN_POINT('Ctrl Pts',(108.919070022616,31.6666666666667,-6.1128628030109));
#3997=CARTESIAN_POINT('Ctrl Pts',(109.488303697644,31.6666666666667,-4.85537952814677));
#3998=CARTESIAN_POINT('Ctrl Pts',(109.716360649651,31.6666666666667,-3.55149786503156));
#3999=CARTESIAN_POINT('Ctrl Pts',(109.725556238781,31.6666666666667,-2.52406570598168));
#4000=CARTESIAN_POINT('Ctrl Pts',(109.725556238781,31.6666666666667,-2.0009029041614));
#4001=CARTESIAN_POINT('Ctrl Pts',(102.392222905448,32.3333333333333,-8.66756957082806));
#4002=CARTESIAN_POINT('Ctrl Pts',(102.91029390132,32.3333333333333,-8.66756957082806));
#4003=CARTESIAN_POINT('Ctrl Pts',(103.886446689407,32.3333333333333,-8.66523767048663));
#4004=CARTESIAN_POINT('Ctrl Pts',(105.060624719852,32.3333333333333,-8.4395073820968));
#4005=CARTESIAN_POINT('Ctrl Pts',(105.970058943963,32.3333333333333,-8.04423982216518));
#4006=CARTESIAN_POINT('Ctrl Pts',(106.811351616103,32.3333333333333,-7.5287860595444));
#4007=CARTESIAN_POINT('Ctrl Pts',(107.633985430415,32.3333333333333,-6.78433042700629));
#4008=CARTESIAN_POINT('Ctrl Pts',(108.338885587769,32.3333333333333,-5.77769536477699));
#4009=CARTESIAN_POINT('Ctrl Pts',(108.841742388106,32.3333333333333,-4.66506859473496));
#4010=CARTESIAN_POINT('Ctrl Pts',(109.048197009011,32.3333333333333,-3.5053005080786));
#4011=CARTESIAN_POINT('Ctrl Pts',(109.058889572114,32.3333333333333,-2.52406570598172));
#4012=CARTESIAN_POINT('Ctrl Pts',(109.058889572114,32.3333333333333,-2.0009029041614));
#4013=CARTESIAN_POINT('Ctrl Pts',(102.392222905448,33.,-8.00090290416139));
#4014=CARTESIAN_POINT('Ctrl Pts',(102.91029390132,33.,-8.00090290416139));
#4015=CARTESIAN_POINT('Ctrl Pts',(103.841726339156,33.,-7.99588002732514));
#4016=CARTESIAN_POINT('Ctrl Pts',(104.869529086771,33.,-7.7946821605325));
#4017=CARTESIAN_POINT('Ctrl Pts',(105.660803841161,33.,-7.45120557765102));
#4018=CARTESIAN_POINT('Ctrl Pts',(106.399939645716,33.,-6.99920887630634));
#4019=CARTESIAN_POINT('Ctrl Pts',(107.136224750035,33.,-6.33284171768083));
#4020=CARTESIAN_POINT('Ctrl Pts',(107.758701152922,33.,-5.44252792654309));
#4021=CARTESIAN_POINT('Ctrl Pts',(108.195181078568,33.,-4.47475766132315));
#4022=CARTESIAN_POINT('Ctrl Pts',(108.380033368372,33.,-3.45910315112565));
#4023=CARTESIAN_POINT('Ctrl Pts',(108.392222905448,33.,-2.52406570598177));
#4024=CARTESIAN_POINT('Ctrl Pts',(108.392222905448,33.,-2.00090290416141));
#4025=CARTESIAN_POINT('',(108.392222905448,33.,-2.00090290416141));
#4026=CARTESIAN_POINT('',(110.392222905448,31.,-2.00090290416139));
#4027=CARTESIAN_POINT('',(108.392222905448,33.,-2.00090290416141));
#4028=CARTESIAN_POINT('Ctrl Pts',(110.392222905448,31.,-2.00090290416139));
#4029=CARTESIAN_POINT('Ctrl Pts',(110.392222905448,31.,-2.52406570598164));
#4030=CARTESIAN_POINT('Ctrl Pts',(110.38452429029,31.,-3.59769522198451));
#4031=CARTESIAN_POINT('Ctrl Pts',(110.134865007182,31.,-5.04569046155858));
#4032=CARTESIAN_POINT('Ctrl Pts',(109.499254457463,31.,-6.4480302412448));
#4033=CARTESIAN_POINT('Ctrl Pts',(108.629506791175,31.,-7.68730784565722));
#4034=CARTESIAN_POINT('Ctrl Pts',(107.634175556877,31.,-8.58794042602053));
#4035=CARTESIAN_POINT('Ctrl Pts',(106.588569149566,31.,-9.23030831119349));
#4036=CARTESIAN_POINT('Ctrl Pts',(105.442815986014,31.,-9.72915782522538));
#4037=CARTESIAN_POINT('Ctrl Pts',(103.975887389909,31.,-10.0039529568096));
#4038=CARTESIAN_POINT('Ctrl Pts',(102.91029390132,31.,-10.0009029041614));
#4039=CARTESIAN_POINT('Ctrl Pts',(102.392222905448,31.,-10.0009029041614));
#4040=CARTESIAN_POINT('Ctrl Pts',(102.392222905448,33.,-8.00090290416139));
#4041=CARTESIAN_POINT('Ctrl Pts',(102.91029390132,33.,-8.00090290416139));
#4042=CARTESIAN_POINT('Ctrl Pts',(103.841726339156,33.,-7.99588002732514));
#4043=CARTESIAN_POINT('Ctrl Pts',(104.869529086771,33.,-7.7946821605325));
#4044=CARTESIAN_POINT('Ctrl Pts',(105.660803841161,33.,-7.45120557765102));
#4045=CARTESIAN_POINT('Ctrl Pts',(106.399939645716,33.,-6.99920887630634));
#4046=CARTESIAN_POINT('Ctrl Pts',(107.136224750035,33.,-6.33284171768083));
#4047=CARTESIAN_POINT('Ctrl Pts',(107.758701152922,33.,-5.44252792654309));
#4048=CARTESIAN_POINT('Ctrl Pts',(108.195181078568,33.,-4.47475766132315));
#4049=CARTESIAN_POINT('Ctrl Pts',(108.380033368372,33.,-3.45910315112565));
#4050=CARTESIAN_POINT('Ctrl Pts',(108.392222905448,33.,-2.52406570598177));
#4051=CARTESIAN_POINT('Ctrl Pts',(108.392222905448,33.,-2.00090290416141));
#4052=CARTESIAN_POINT('Origin',(109.392222905448,32.,65.2990970958386));
#4053=CARTESIAN_POINT('',(108.392222905448,33.,82.3990970958386));
#4054=CARTESIAN_POINT('',(108.392222905448,33.,65.2990970958386));
#4055=CARTESIAN_POINT('',(110.392222905448,31.,82.3990970958386));
#4056=CARTESIAN_POINT('',(108.392222905448,33.,82.3990970958386));
#4057=CARTESIAN_POINT('',(110.392222905448,31.,65.2990970958386));
#4058=CARTESIAN_POINT('Ctrl Pts',(110.392222905448,31.,82.3990970958386));
#4059=CARTESIAN_POINT('Ctrl Pts',(110.392222905448,31.,83.3711180425883));
#4060=CARTESIAN_POINT('Ctrl Pts',(110.393971649704,31.,84.4083666663984));
#4061=CARTESIAN_POINT('Ctrl Pts',(109.782362432654,31.,86.3440969098849));
#4062=CARTESIAN_POINT('Ctrl Pts',(109.006476845839,31.,87.7928651876529));
#4063=CARTESIAN_POINT('Ctrl Pts',(107.528122771077,31.,89.1152733321005));
#4064=CARTESIAN_POINT('Ctrl Pts',(105.832677015799,31.,89.9994660383755));
#4065=CARTESIAN_POINT('Ctrl Pts',(105.129531561783,31.,90.1842880208764));
#4066=CARTESIAN_POINT('Ctrl Pts',(103.773522570448,31.,90.3984098833339));
#4067=CARTESIAN_POINT('Ctrl Pts',(103.070815892677,31.,90.3990970958386));
#4068=CARTESIAN_POINT('Ctrl Pts',(102.392222905448,31.,90.3990970958386));
#4069=CARTESIAN_POINT('Ctrl Pts',(109.725556238781,31.6666666666667,82.3990970958386));
#4070=CARTESIAN_POINT('Ctrl Pts',(109.72689021753,31.6666666666667,83.3725087314642));
#4071=CARTESIAN_POINT('Ctrl Pts',(109.721656186148,31.6666666666667,84.324697527413));
#4072=CARTESIAN_POINT('Ctrl Pts',(109.172973351262,31.6666666666667,86.059606652476));
#4073=CARTESIAN_POINT('Ctrl Pts',(108.478133841465,31.6666666666667,87.3641849988189));
#4074=CARTESIAN_POINT('Ctrl Pts',(107.124623769556,31.6666666666667,88.5757834737106));
#4075=CARTESIAN_POINT('Ctrl Pts',(105.600869240226,31.6666666666667,89.3674595117744));
#4076=CARTESIAN_POINT('Ctrl Pts',(104.972616961624,31.6666666666667,89.5344022706126));
#4077=CARTESIAN_POINT('Ctrl Pts',(103.734483522673,31.6666666666667,89.7295750363946));
#4078=CARTESIAN_POINT('Ctrl Pts',(103.07119674414,31.6666666666667,89.7331640589478));
#4079=CARTESIAN_POINT('Ctrl Pts',(102.392222905448,31.6666666666667,89.7324304291719));
#4080=CARTESIAN_POINT('Ctrl Pts',(109.058889572115,32.3333333333333,82.3990970958386));
#4081=CARTESIAN_POINT('Ctrl Pts',(109.057555593366,32.3333333333333,83.3697273537124));
#4082=CARTESIAN_POINT('Ctrl Pts',(109.050891430702,32.3333333333333,84.2371990427193));
#4083=CARTESIAN_POINT('Ctrl Pts',(108.562287453589,32.3333333333334,85.7755047358229));
#4084=CARTESIAN_POINT('Ctrl Pts',(107.948798363844,32.3333333333334,86.9354585310077));
#4085=CARTESIAN_POINT('Ctrl Pts',(106.722133134443,32.3333333333334,88.0328595893861));
#4086=CARTESIAN_POINT('Ctrl Pts',(105.36644718152,32.3333333333334,88.7393153757881));
#4087=CARTESIAN_POINT('Ctrl Pts',(104.815518783548,32.3333333333334,88.8839174274098));
#4088=CARTESIAN_POINT('Ctrl Pts',(103.694102006914,32.3333333333334,89.0622075390779));
#4089=CARTESIAN_POINT('Ctrl Pts',(103.070435041215,32.3333333333333,89.0650301327293));
#4090=CARTESIAN_POINT('Ctrl Pts',(102.392222905448,32.3333333333333,89.0657637625052));
#4091=CARTESIAN_POINT('Ctrl Pts',(108.392222905448,33.,82.3990970958386));
#4092=CARTESIAN_POINT('Ctrl Pts',(108.392222905448,33.,83.3711180425883));
#4093=CARTESIAN_POINT('Ctrl Pts',(108.378575967145,33.,84.1535299037339));
#4094=CARTESIAN_POINT('Ctrl Pts',(107.952898372196,33.,85.491014478414));
#4095=CARTESIAN_POINT('Ctrl Pts',(107.42045535947,33.,86.5067783421738));
#4096=CARTESIAN_POINT('Ctrl Pts',(106.318634132921,33.,87.4933697309962));
#4097=CARTESIAN_POINT('Ctrl Pts',(105.134639405947,33.0000000000001,88.107308849187));
#4098=CARTESIAN_POINT('Ctrl Pts',(104.658604183389,33.,88.2340316771459));
#4099=CARTESIAN_POINT('Ctrl Pts',(103.655062959139,33.,88.3933726921386));
#4100=CARTESIAN_POINT('Ctrl Pts',(103.070815892678,33.,88.3990970958386));
#4101=CARTESIAN_POINT('Ctrl Pts',(102.392222905448,33.,88.3990970958386));
#4102=CARTESIAN_POINT('',(102.392222905448,33.,88.3990970958386));
#4103=CARTESIAN_POINT('',(102.392222905448,31.,90.3990970958386));
#4104=CARTESIAN_POINT('',(102.392222905448,33.,88.3990970958386));
#4105=CARTESIAN_POINT('Ctrl Pts',(102.392222905448,31.,90.3990970958386));
#4106=CARTESIAN_POINT('Ctrl Pts',(103.070815892677,31.,90.3990970958386));
#4107=CARTESIAN_POINT('Ctrl Pts',(103.773522570448,31.,90.3984098833339));
#4108=CARTESIAN_POINT('Ctrl Pts',(105.129531561783,31.,90.1842880208764));
#4109=CARTESIAN_POINT('Ctrl Pts',(105.832677015799,31.,89.9994660383755));
#4110=CARTESIAN_POINT('Ctrl Pts',(107.528122771077,31.,89.1152733321005));
#4111=CARTESIAN_POINT('Ctrl Pts',(109.006476845839,31.,87.7928651876529));
#4112=CARTESIAN_POINT('Ctrl Pts',(109.782362432654,31.,86.3440969098849));
#4113=CARTESIAN_POINT('Ctrl Pts',(110.393971649704,31.,84.4083666663984));
#4114=CARTESIAN_POINT('Ctrl Pts',(110.392222905448,31.,83.3711180425883));
#4115=CARTESIAN_POINT('Ctrl Pts',(110.392222905448,31.,82.3990970958386));
#4116=CARTESIAN_POINT('Ctrl Pts',(108.392222905448,33.,82.3990970958386));
#4117=CARTESIAN_POINT('Ctrl Pts',(108.392222905448,33.,83.3711180425883));
#4118=CARTESIAN_POINT('Ctrl Pts',(108.378575967145,33.,84.1535299037339));
#4119=CARTESIAN_POINT('Ctrl Pts',(107.952898372196,33.,85.491014478414));
#4120=CARTESIAN_POINT('Ctrl Pts',(107.42045535947,33.,86.5067783421738));
#4121=CARTESIAN_POINT('Ctrl Pts',(106.318634132921,33.,87.4933697309962));
#4122=CARTESIAN_POINT('Ctrl Pts',(105.134639405947,33.0000000000001,88.107308849187));
#4123=CARTESIAN_POINT('Ctrl Pts',(104.658604183389,33.,88.2340316771459));
#4124=CARTESIAN_POINT('Ctrl Pts',(103.655062959139,33.,88.3933726921386));
#4125=CARTESIAN_POINT('Ctrl Pts',(103.070815892678,33.,88.3990970958386));
#4126=CARTESIAN_POINT('Ctrl Pts',(102.392222905448,33.,88.3990970958386));
#4127=CARTESIAN_POINT('Origin',(20.0922229054479,32.,89.3990970958386));
#4128=CARTESIAN_POINT('',(-2.00777709455214,33.,88.3990970958386));
#4129=CARTESIAN_POINT('',(20.0922229054479,33.,88.3990970958386));
#4130=CARTESIAN_POINT('',(-2.00777709455214,31.,90.3990970958386));
#4131=CARTESIAN_POINT('',(-2.00777709455214,33.,88.3990970958386));
#4132=CARTESIAN_POINT('',(20.0922229054479,31.,90.3990970958386));
#4133=CARTESIAN_POINT('Ctrl Pts',(-2.00777709455214,31.,90.3990970958386));
#4134=CARTESIAN_POINT('Ctrl Pts',(-2.52584809042424,31.,90.3990970958386));
#4135=CARTESIAN_POINT('Ctrl Pts',(-3.59158067184466,31.,90.4021734299396));
#4136=CARTESIAN_POINT('Ctrl Pts',(-5.05857739814419,31.,90.127378038919));
#4137=CARTESIAN_POINT('Ctrl Pts',(-6.20437793386628,31.,89.6285310652541));
#4138=CARTESIAN_POINT('Ctrl Pts',(-7.24997102739956,31.,88.9861841868957));
#4139=CARTESIAN_POINT('Ctrl Pts',(-8.24526220144549,31.,88.0855862889611));
#4140=CARTESIAN_POINT('Ctrl Pts',(-9.11500672675895,31.,86.8463096968545));
#4141=CARTESIAN_POINT('Ctrl Pts',(-9.7505732528996,31.,85.4439413780035));
#4142=CARTESIAN_POINT('Ctrl Pts',(-10.0002094448091,31.,83.9959115963072));
#4143=CARTESIAN_POINT('Ctrl Pts',(-10.0077770945521,31.,82.9222598976586));
#4144=CARTESIAN_POINT('Ctrl Pts',(-10.0077770945521,31.,82.3990970958386));
#4145=CARTESIAN_POINT('Ctrl Pts',(-2.00777709455214,31.6666666666667,89.7324304291719));
#4146=CARTESIAN_POINT('Ctrl Pts',(-2.52584809042424,31.6666666666667,89.7324304291719));
#4147=CARTESIAN_POINT('Ctrl Pts',(-3.54685085552006,31.6666666666667,89.7328182189942));
#4148=CARTESIAN_POINT('Ctrl Pts',(-4.86746533197877,31.6666666666666,89.4825576022386));
#4149=CARTESIAN_POINT('Ctrl Pts',(-5.89510230279935,31.6666666666666,89.0355030360399));
#4150=CARTESIAN_POINT('Ctrl Pts',(-6.83853977451385,31.6666666666666,88.4566119810049));
#4151=CARTESIAN_POINT('Ctrl Pts',(-7.74748578778122,31.6666666666666,87.634100543534));
#4152=CARTESIAN_POINT('Ctrl Pts',(-8.5348072077331,31.6666666666666,86.5111446426418));
#4153=CARTESIAN_POINT('Ctrl Pts',(-9.10400015270192,31.6666666666667,85.2536333959167));
#4154=CARTESIAN_POINT('Ctrl Pts',(-9.33203569104334,31.6666666666666,83.9497201302632));
#4155=CARTESIAN_POINT('Ctrl Pts',(-9.34111042788545,31.6666666666667,82.9222598976586));
#4156=CARTESIAN_POINT('Ctrl Pts',(-9.34111042788545,31.6666666666667,82.3990970958386));
#4157=CARTESIAN_POINT('Ctrl Pts',(-2.00777709455214,32.3333333333333,89.0657637625053));
#4158=CARTESIAN_POINT('Ctrl Pts',(-2.52584809042424,32.3333333333333,89.0657637625053));
#4159=CARTESIAN_POINT('Ctrl Pts',(-3.50212103919545,32.3333333333333,89.0634630080487));
#4160=CARTESIAN_POINT('Ctrl Pts',(-4.67635326581336,32.3333333333333,88.8377371655581));
#4161=CARTESIAN_POINT('Ctrl Pts',(-5.58582667173244,32.3333333333333,88.4424750068257));
#4162=CARTESIAN_POINT('Ctrl Pts',(-6.42710852162816,32.3333333333333,87.9270397751141));
#4163=CARTESIAN_POINT('Ctrl Pts',(-7.24970937411696,32.3333333333333,87.1826147981069));
#4164=CARTESIAN_POINT('Ctrl Pts',(-7.95460768870725,32.3333333333333,86.1759795884292));
#4165=CARTESIAN_POINT('Ctrl Pts',(-8.45742705250425,32.3333333333333,85.0633254138299));
#4166=CARTESIAN_POINT('Ctrl Pts',(-8.66386193727757,32.3333333333333,83.9035286642192));
#4167=CARTESIAN_POINT('Ctrl Pts',(-8.67444376121879,32.3333333333333,82.9222598976586));
#4168=CARTESIAN_POINT('Ctrl Pts',(-8.67444376121878,32.3333333333333,82.3990970958386));
#4169=CARTESIAN_POINT('Ctrl Pts',(-2.00777709455214,33.,88.3990970958386));
#4170=CARTESIAN_POINT('Ctrl Pts',(-2.52584809042424,33.,88.3990970958386));
#4171=CARTESIAN_POINT('Ctrl Pts',(-3.45739122287084,33.,88.3941077971032));
#4172=CARTESIAN_POINT('Ctrl Pts',(-4.48524119964795,33.,88.1929167288776));
#4173=CARTESIAN_POINT('Ctrl Pts',(-5.27655104066552,33.,87.8494469776115));
#4174=CARTESIAN_POINT('Ctrl Pts',(-6.01567726874246,33.,87.3974675692232));
#4175=CARTESIAN_POINT('Ctrl Pts',(-6.75193296045269,33.,86.7311290526798));
#4176=CARTESIAN_POINT('Ctrl Pts',(-7.37440816968139,33.,85.8408145342165));
#4177=CARTESIAN_POINT('Ctrl Pts',(-7.81085395230656,33.,84.8730174317432));
#4178=CARTESIAN_POINT('Ctrl Pts',(-7.99568818351179,33.,83.8573371981751));
#4179=CARTESIAN_POINT('Ctrl Pts',(-8.00777709455212,33.,82.9222598976586));
#4180=CARTESIAN_POINT('Ctrl Pts',(-8.00777709455211,33.,82.3990970958386));
#4181=CARTESIAN_POINT('',(-8.00777709455211,33.,82.3990970958386));
#4182=CARTESIAN_POINT('',(-10.0077770945521,31.,82.3990970958386));
#4183=CARTESIAN_POINT('',(-8.00777709455211,33.,82.3990970958386));
#4184=CARTESIAN_POINT('Ctrl Pts',(-10.0077770945521,31.,82.3990970958386));
#4185=CARTESIAN_POINT('Ctrl Pts',(-10.0077770945521,31.,82.9222598976586));
#4186=CARTESIAN_POINT('Ctrl Pts',(-10.0002094448091,31.,83.9959115963072));
#4187=CARTESIAN_POINT('Ctrl Pts',(-9.7505732528996,31.,85.4439413780035));
#4188=CARTESIAN_POINT('Ctrl Pts',(-9.11500672675895,31.,86.8463096968545));
#4189=CARTESIAN_POINT('Ctrl Pts',(-8.24526220144549,31.,88.0855862889611));
#4190=CARTESIAN_POINT('Ctrl Pts',(-7.24997102739956,31.,88.9861841868957));
#4191=CARTESIAN_POINT('Ctrl Pts',(-6.20437793386628,31.,89.6285310652541));
#4192=CARTESIAN_POINT('Ctrl Pts',(-5.05857739814419,31.,90.127378038919));
#4193=CARTESIAN_POINT('Ctrl Pts',(-3.59158067184466,31.,90.4021734299396));
#4194=CARTESIAN_POINT('Ctrl Pts',(-2.52584809042424,31.,90.3990970958386));
#4195=CARTESIAN_POINT('Ctrl Pts',(-2.00777709455214,31.,90.3990970958386));
#4196=CARTESIAN_POINT('Ctrl Pts',(-2.00777709455214,33.,88.3990970958386));
#4197=CARTESIAN_POINT('Ctrl Pts',(-2.52584809042424,33.,88.3990970958386));
#4198=CARTESIAN_POINT('Ctrl Pts',(-3.45739122287084,33.,88.3941077971032));
#4199=CARTESIAN_POINT('Ctrl Pts',(-4.48524119964795,33.,88.1929167288776));
#4200=CARTESIAN_POINT('Ctrl Pts',(-5.27655104066552,33.,87.8494469776115));
#4201=CARTESIAN_POINT('Ctrl Pts',(-6.01567726874246,33.,87.3974675692232));
#4202=CARTESIAN_POINT('Ctrl Pts',(-6.75193296045269,33.,86.7311290526798));
#4203=CARTESIAN_POINT('Ctrl Pts',(-7.37440816968139,33.,85.8408145342165));
#4204=CARTESIAN_POINT('Ctrl Pts',(-7.81085395230656,33.,84.8730174317432));
#4205=CARTESIAN_POINT('Ctrl Pts',(-7.99568818351179,33.,83.8573371981751));
#4206=CARTESIAN_POINT('Ctrl Pts',(-8.00777709455212,33.,82.9222598976586));
#4207=CARTESIAN_POINT('Ctrl Pts',(-8.00777709455211,33.,82.3990970958386));
#4208=CARTESIAN_POINT('Origin',(-9.00777709455214,32.,15.0990970958386));
#4209=CARTESIAN_POINT('',(-8.00777709455214,33.,15.0990970958386));
#4210=CARTESIAN_POINT('',(-10.0077770945521,31.,15.0990970958386));
#4211=CARTESIAN_POINT('Origin',(-10.0077770945521,30.,90.3990970958386));
#4212=CARTESIAN_POINT('',(-2.00777709455214,30.,90.3990970958386));
#4213=CARTESIAN_POINT('',(-2.00777709455214,30.,90.3990970958386));
#4214=CARTESIAN_POINT('',(102.392222905448,30.,90.3990970958386));
#4215=CARTESIAN_POINT('',(-10.0077770945521,30.,90.3990970958386));
#4216=CARTESIAN_POINT('',(102.392222905448,30.,90.3990970958386));
#4217=CARTESIAN_POINT('Ctrl Pts',(-2.00777709455214,30.,90.3990970958386));
#4218=CARTESIAN_POINT('Ctrl Pts',(-2.00777709455214,30.3333333333333,90.3990970958386));
#4219=CARTESIAN_POINT('Ctrl Pts',(-2.00777709455214,30.6666666666667,90.3990970958386));
#4220=CARTESIAN_POINT('Ctrl Pts',(-2.00777709455214,31.,90.3990970958386));
#4221=CARTESIAN_POINT('Ctrl Pts',(-2.60617569523591,30.,90.3990970958386));
#4222=CARTESIAN_POINT('Ctrl Pts',(-2.60617569523591,30.3333333333333,90.3990970958386));
#4223=CARTESIAN_POINT('Ctrl Pts',(-2.60617569523591,30.6666666666667,90.3990970958386));
#4224=CARTESIAN_POINT('Ctrl Pts',(-2.60617569523591,31.,90.3990970958386));
#4225=CARTESIAN_POINT('Ctrl Pts',(-3.79033838387735,30.,90.3930300226382));
#4226=CARTESIAN_POINT('Ctrl Pts',(-3.79033838387735,30.3333333333333,90.3930300226382));
#4227=CARTESIAN_POINT('Ctrl Pts',(-3.79033838387735,30.6666666666667,90.3930300226382));
#4228=CARTESIAN_POINT('Ctrl Pts',(-3.79033838387735,31.,90.3930300226382));
#4229=CARTESIAN_POINT('Ctrl Pts',(-5.55299597332013,30.,89.9996315447828));
#4230=CARTESIAN_POINT('Ctrl Pts',(-5.55299597332013,30.3333333333333,89.9996315447828));
#4231=CARTESIAN_POINT('Ctrl Pts',(-5.55299597332013,30.6666666666667,89.9996315447828));
#4232=CARTESIAN_POINT('Ctrl Pts',(-5.55299597332013,31.,89.9996315447828));
#4233=CARTESIAN_POINT('Ctrl Pts',(-7.23518048992231,30.,89.0583411747349));
#4234=CARTESIAN_POINT('Ctrl Pts',(-7.23518048992231,30.3333333333333,89.0583411747349));
#4235=CARTESIAN_POINT('Ctrl Pts',(-7.23518048992231,30.6666666666667,89.0583411747349));
#4236=CARTESIAN_POINT('Ctrl Pts',(-7.23518048992231,31.,89.0583411747349));
#4237=CARTESIAN_POINT('Ctrl Pts',(-8.66741231230182,30.,87.626529141741));
#4238=CARTESIAN_POINT('Ctrl Pts',(-8.66741231230182,30.3333333333333,87.626529141741));
#4239=CARTESIAN_POINT('Ctrl Pts',(-8.66741231230182,30.6666666666667,87.626529141741));
#4240=CARTESIAN_POINT('Ctrl Pts',(-8.66741231230182,31.,87.626529141741));
#4241=CARTESIAN_POINT('Ctrl Pts',(-9.60737472646255,30.,85.9447252911277));
#4242=CARTESIAN_POINT('Ctrl Pts',(-9.60737472646255,30.3333333333333,85.9447252911277));
#4243=CARTESIAN_POINT('Ctrl Pts',(-9.60737472646255,30.6666666666667,85.9447252911277));
#4244=CARTESIAN_POINT('Ctrl Pts',(-9.60737472646255,31.,85.9447252911277));
#4245=CARTESIAN_POINT('Ctrl Pts',(-10.0020381789585,30.,84.1816078636084));
#4246=CARTESIAN_POINT('Ctrl Pts',(-10.0020381789585,30.3333333333333,84.1816078636084));
#4247=CARTESIAN_POINT('Ctrl Pts',(-10.0020381789585,30.6666666666667,84.1816078636084));
#4248=CARTESIAN_POINT('Ctrl Pts',(-10.0020381789585,31.,84.1816078636084));
#4249=CARTESIAN_POINT('Ctrl Pts',(-10.0077770945521,30.,82.9974956965224));
#4250=CARTESIAN_POINT('Ctrl Pts',(-10.0077770945521,30.3333333333333,82.9974956965224));
#4251=CARTESIAN_POINT('Ctrl Pts',(-10.0077770945521,30.6666666666667,82.9974956965224));
#4252=CARTESIAN_POINT('Ctrl Pts',(-10.0077770945521,31.,82.9974956965224));
#4253=CARTESIAN_POINT('Ctrl Pts',(-10.0077770945521,30.,82.3990970958386));
#4254=CARTESIAN_POINT('Ctrl Pts',(-10.0077770945521,30.3333333333333,82.3990970958386));
#4255=CARTESIAN_POINT('Ctrl Pts',(-10.0077770945521,30.6666666666667,82.3990970958386));
#4256=CARTESIAN_POINT('Ctrl Pts',(-10.0077770945521,31.,82.3990970958386));
#4257=CARTESIAN_POINT('',(-10.0077770945521,30.,82.3990970958386));
#4258=CARTESIAN_POINT('',(-10.0077770945521,30.,82.3990970958386));
#4259=CARTESIAN_POINT('Ctrl Pts',(-10.0077770945521,30.,82.3990970958386));
#4260=CARTESIAN_POINT('Ctrl Pts',(-10.0077770945521,30.,82.9974956965224));
#4261=CARTESIAN_POINT('Ctrl Pts',(-10.0049076367553,30.,83.5895517800654));
#4262=CARTESIAN_POINT('Ctrl Pts',(-9.93769566577424,30.,84.1794327264235));
#4263=CARTESIAN_POINT('Ctrl Pts',(-9.87048369479317,30.,84.7693136727815));
#4264=CARTESIAN_POINT('Ctrl Pts',(-9.73892921062786,30.,85.3570194819546));
#4265=CARTESIAN_POINT('Ctrl Pts',(-9.51649156618508,30.,85.9311730283101));
#4266=CARTESIAN_POINT('Ctrl Pts',(-9.29405392174231,30.,86.5053265746655));
#4267=CARTESIAN_POINT('Ctrl Pts',(-8.98073311702206,30.,87.0659278582032));
#4268=CARTESIAN_POINT('Ctrl Pts',(-8.58536741093202,30.,87.5848638388044));
#4269=CARTESIAN_POINT('Ctrl Pts',(-8.19000170484198,30.,88.1037998194056));
#4270=CARTESIAN_POINT('Ctrl Pts',(-7.71259109738215,30.,88.5810704970702));
#4271=CARTESIAN_POINT('Ctrl Pts',(-7.19352170755187,30.,88.9765875642439));
#4272=CARTESIAN_POINT('Ctrl Pts',(-6.67445231772159,30.,89.3721046314175));
#4273=CARTESIAN_POINT('Ctrl Pts',(-6.11372414552086,30.,89.6858680881001));
#4274=CARTESIAN_POINT('Ctrl Pts',(-5.53958379451336,30.,89.9083162294174));
#4275=CARTESIAN_POINT('Ctrl Pts',(-4.96544344350587,30.,90.1307643707346));
#4276=CARTESIAN_POINT('Ctrl Pts',(-4.37789091369161,30.,90.2618971966864));
#4277=CARTESIAN_POINT('Ctrl Pts',(-3.78807397662412,30.,90.3289803779624));
#4278=CARTESIAN_POINT('Ctrl Pts',(-3.19825703955663,30.,90.3960635592384));
#4279=CARTESIAN_POINT('Ctrl Pts',(-2.60617569523591,30.,90.3990970958386));
#4280=CARTESIAN_POINT('Ctrl Pts',(-2.00777709455214,30.,90.3990970958386));
#4281=CARTESIAN_POINT('Origin',(-10.0077770945521,30.,-10.0009029041614));
#4282=CARTESIAN_POINT('',(-10.0077770945521,30.,-2.0009029041614));
#4283=CARTESIAN_POINT('',(-10.0077770945521,30.,-2.0009029041614));
#4284=CARTESIAN_POINT('',(-10.0077770945521,30.,-10.0009029041614));
#4285=CARTESIAN_POINT('Ctrl Pts',(-10.0077770945521,30.,-2.0009029041614));
#4286=CARTESIAN_POINT('Ctrl Pts',(-10.0077770945521,30.3333333333333,-2.0009029041614));
#4287=CARTESIAN_POINT('Ctrl Pts',(-10.0077770945521,30.6666666666667,-2.0009029041614));
#4288=CARTESIAN_POINT('Ctrl Pts',(-10.0077770945521,31.,-2.0009029041614));
#4289=CARTESIAN_POINT('Ctrl Pts',(-10.0077770945521,30.,-2.59930150484517));
#4290=CARTESIAN_POINT('Ctrl Pts',(-10.0077770945521,30.3333333333333,-2.59930150484517));
#4291=CARTESIAN_POINT('Ctrl Pts',(-10.0077770945521,30.6666666666667,-2.59930150484517));
#4292=CARTESIAN_POINT('Ctrl Pts',(-10.0077770945521,31.,-2.59930150484517));
#4293=CARTESIAN_POINT('Ctrl Pts',(-10.0017302750231,30.,-3.78346911446434));
#4294=CARTESIAN_POINT('Ctrl Pts',(-10.0017302750231,30.3333333333333,-3.78346911446434));
#4295=CARTESIAN_POINT('Ctrl Pts',(-10.0017302750231,30.6666666666667,-3.78346911446434));
#4296=CARTESIAN_POINT('Ctrl Pts',(-10.0017302750231,31.,-3.78346911446434));
#4297=CARTESIAN_POINT('Ctrl Pts',(-9.6083047734846,30.,-5.54614387124817));
#4298=CARTESIAN_POINT('Ctrl Pts',(-9.6083047734846,30.3333333333333,-5.54614387124817));
#4299=CARTESIAN_POINT('Ctrl Pts',(-9.6083047734846,30.6666666666667,-5.54614387124817));
#4300=CARTESIAN_POINT('Ctrl Pts',(-9.6083047734846,31.,-5.54614387124817));
#4301=CARTESIAN_POINT('Ctrl Pts',(-8.6670336345438,30.,-7.22833169724498));
#4302=CARTESIAN_POINT('Ctrl Pts',(-8.6670336345438,30.3333333333333,-7.22833169724498));
#4303=CARTESIAN_POINT('Ctrl Pts',(-8.6670336345438,30.6666666666667,-7.22833169724498));
#4304=CARTESIAN_POINT('Ctrl Pts',(-8.6670336345438,31.,-7.22833169724498));
#4305=CARTESIAN_POINT('Ctrl Pts',(-7.23520271189248,30.,-8.66057476529715));
#4306=CARTESIAN_POINT('Ctrl Pts',(-7.23520271189248,30.3333333333333,-8.66057476529715));
#4307=CARTESIAN_POINT('Ctrl Pts',(-7.23520271189248,30.6666666666667,-8.66057476529715));
#4308=CARTESIAN_POINT('Ctrl Pts',(-7.23520271189248,31.,-8.66057476529715));
#4309=CARTESIAN_POINT('Ctrl Pts',(-5.55338844989568,30.,-9.60054673927105));
#4310=CARTESIAN_POINT('Ctrl Pts',(-5.55338844989568,30.3333333333333,-9.60054673927105));
#4311=CARTESIAN_POINT('Ctrl Pts',(-5.55338844989568,30.6666666666667,-9.60054673927105));
#4312=CARTESIAN_POINT('Ctrl Pts',(-5.55338844989568,31.,-9.60054673927105));
#4313=CARTESIAN_POINT('Ctrl Pts',(-3.79027099606514,30.,-9.99520439143251));
#4314=CARTESIAN_POINT('Ctrl Pts',(-3.79027099606514,30.3333333333333,-9.99520439143251));
#4315=CARTESIAN_POINT('Ctrl Pts',(-3.79027099606514,30.6666666666667,-9.99520439143251));
#4316=CARTESIAN_POINT('Ctrl Pts',(-3.79027099606514,31.,-9.99520439143251));
#4317=CARTESIAN_POINT('Ctrl Pts',(-2.60617569523591,30.,-10.0009029041614));
#4318=CARTESIAN_POINT('Ctrl Pts',(-2.60617569523591,30.3333333333333,-10.0009029041614));
#4319=CARTESIAN_POINT('Ctrl Pts',(-2.60617569523591,30.6666666666667,-10.0009029041614));
#4320=CARTESIAN_POINT('Ctrl Pts',(-2.60617569523591,31.,-10.0009029041614));
#4321=CARTESIAN_POINT('Ctrl Pts',(-2.00777709455214,30.,-10.0009029041614));
#4322=CARTESIAN_POINT('Ctrl Pts',(-2.00777709455214,30.3333333333333,-10.0009029041614));
#4323=CARTESIAN_POINT('Ctrl Pts',(-2.00777709455214,30.6666666666667,-10.0009029041614));
#4324=CARTESIAN_POINT('Ctrl Pts',(-2.00777709455214,31.,-10.0009029041614));
#4325=CARTESIAN_POINT('',(-2.00777709455213,30.,-10.0009029041614));
#4326=CARTESIAN_POINT('',(-2.00777709455214,30.,-10.0009029041614));
#4327=CARTESIAN_POINT('Ctrl Pts',(-2.00777709455214,30.,-10.0009029041614));
#4328=CARTESIAN_POINT('Ctrl Pts',(-2.60617569523591,30.,-10.0009029041614));
#4329=CARTESIAN_POINT('Ctrl Pts',(-3.19822334565052,30.,-9.99805364779693));
#4330=CARTESIAN_POINT('Ctrl Pts',(-3.78810007982959,30.,-9.93085274425447));
#4331=CARTESIAN_POINT('Ctrl Pts',(-4.37797681400865,30.,-9.86365184071202));
#4332=CARTESIAN_POINT('Ctrl Pts',(-4.96568263195216,30.,-9.73209928999153));
#4333=CARTESIAN_POINT('Ctrl Pts',(-5.53983791792338,30.,-9.50966101896898));
#4334=CARTESIAN_POINT('Ctrl Pts',(-6.11399320389461,30.,-9.28722274794642));
#4335=CARTESIAN_POINT('Ctrl Pts',(-6.67459795789354,30.,-8.97389875662179));
#4336=CARTESIAN_POINT('Ctrl Pts',(-7.19353882200156,30.,-8.57852958295078));
#4337=CARTESIAN_POINT('Ctrl Pts',(-7.71247968610958,30.,-8.18316040927976));
#4338=CARTESIAN_POINT('Ctrl Pts',(-8.18975666032669,30.,-7.70574605326237));
#4339=CARTESIAN_POINT('Ctrl Pts',(-8.58527367059205,30.,-7.18667423758754));
#4340=CARTESIAN_POINT('Ctrl Pts',(-8.9807906808574,30.,-6.66760242191271));
#4341=CARTESIAN_POINT('Ctrl Pts',(-9.294547727171,30.,-6.10687314658044));
#4342=CARTESIAN_POINT('Ctrl Pts',(-9.51699716725089,30.,-5.53272938278367));
#4343=CARTESIAN_POINT('Ctrl Pts',(-9.73944660733078,30.,-4.95858561898689));
#4344=CARTESIAN_POINT('Ctrl Pts',(-9.87058844117697,30.,-4.37102736672562));
#4345=CARTESIAN_POINT('Ctrl Pts',(-9.93767106298231,30.,-3.78120633819019));
#4346=CARTESIAN_POINT('Ctrl Pts',(-10.0047536847876,30.,-3.19138530965475));
#4347=CARTESIAN_POINT('Ctrl Pts',(-10.0077770945521,30.,-2.59930150484517));
#4348=CARTESIAN_POINT('Ctrl Pts',(-10.0077770945521,30.,-2.0009029041614));
#4349=CARTESIAN_POINT('Origin',(50.1922229054479,33.,40.1990970958386));
#4350=CARTESIAN_POINT('',(77.225,33.,37.645));
#4351=CARTESIAN_POINT('',(76.725,33.,38.145));
#4352=CARTESIAN_POINT('Origin',(76.725,33.,37.645));
#4353=CARTESIAN_POINT('',(63.725,33.,38.145));
#4354=CARTESIAN_POINT('',(76.725,33.,38.145));
#4355=CARTESIAN_POINT('',(63.225,33.,37.645));
#4356=CARTESIAN_POINT('Origin',(63.725,33.,37.645));
#4357=CARTESIAN_POINT('',(63.225,33.,24.645));
#4358=CARTESIAN_POINT('',(63.225,33.,37.645));
#4359=CARTESIAN_POINT('',(63.725,33.,24.145));
#4360=CARTESIAN_POINT('Origin',(63.725,33.,24.645));
#4361=CARTESIAN_POINT('',(76.725,33.,24.145));
#4362=CARTESIAN_POINT('',(63.725,33.,24.145));
#4363=CARTESIAN_POINT('',(77.225,33.,24.645));
#4364=CARTESIAN_POINT('Origin',(76.725,33.,24.645));
#4365=CARTESIAN_POINT('',(77.225,33.,24.645));
#4366=CARTESIAN_POINT('',(57.675,33.,43.195));
#4367=CARTESIAN_POINT('',(58.175,33.,43.695));
#4368=CARTESIAN_POINT('Origin',(57.675,33.,43.695));
#4369=CARTESIAN_POINT('',(58.175,33.,56.6950000000001));
#4370=CARTESIAN_POINT('',(58.175,33.,43.695));
#4371=CARTESIAN_POINT('',(57.675,33.,57.195));
#4372=CARTESIAN_POINT('Origin',(57.675,33.,56.6950000000001));
#4373=CARTESIAN_POINT('',(44.675,33.,57.195));
#4374=CARTESIAN_POINT('',(57.675,33.,57.195));
#4375=CARTESIAN_POINT('',(44.175,33.,56.6950000000001));
#4376=CARTESIAN_POINT('Origin',(44.675,33.,56.6950000000001));
#4377=CARTESIAN_POINT('',(44.175,33.,43.695));
#4378=CARTESIAN_POINT('',(44.175,33.,56.6950000000001));
#4379=CARTESIAN_POINT('',(44.675,33.,43.195));
#4380=CARTESIAN_POINT('Origin',(44.675,33.,43.695));
#4381=CARTESIAN_POINT('',(44.675,33.,43.195));
#4382=CARTESIAN_POINT('',(49.3073233164969,33.,77.2066676198389));
#4383=CARTESIAN_POINT('',(49.3073233164969,33.,63.0894734116342));
#4384=CARTESIAN_POINT('',(49.3073233164969,33.,60.0894734116342));
#4385=CARTESIAN_POINT('',(52.3073233164969,33.,60.0894734116342));
#4386=CARTESIAN_POINT('Ctrl Pts',(52.3073233164969,33.,60.0894734116342));
#4387=CARTESIAN_POINT('Ctrl Pts',(52.0829238412405,33.,60.0894734116342));
#4388=CARTESIAN_POINT('Ctrl Pts',(51.8623759178275,33.,60.0877767620907));
#4389=CARTESIAN_POINT('Ctrl Pts',(51.6410659174358,33.,60.1134489448969));
#4390=CARTESIAN_POINT('Ctrl Pts',(51.1984459166526,33.,60.1647933105091));
#4391=CARTESIAN_POINT('Ctrl Pts',(50.7527776079547,33.,60.3256130055198));
#4392=CARTESIAN_POINT('Ctrl Pts',(50.3650454093709,33.,60.6199880925327));
#4393=CARTESIAN_POINT('Ctrl Pts',(50.171179310079,33.,60.7671756360391));
#4394=CARTESIAN_POINT('Ctrl Pts',(49.9917972383156,33.,60.9477520275461));
#4395=CARTESIAN_POINT('Ctrl Pts',(49.843178811808,33.,61.1428726529693));
#4396=CARTESIAN_POINT('Ctrl Pts',(49.6945603853005,33.,61.3379932783925));
#4397=CARTESIAN_POINT('Ctrl Pts',(49.5767056040488,33.,61.5476581377319));
#4398=CARTESIAN_POINT('Ctrl Pts',(49.4943943359867,33.,61.7622887778149));
#4399=CARTESIAN_POINT('Ctrl Pts',(49.3297717998625,33.,62.1915500579809));
#4400=CARTESIAN_POINT('Ctrl Pts',(49.3073233164969,33.,62.6406744611213));
#4401=CARTESIAN_POINT('Ctrl Pts',(49.3073233164969,33.,63.0894734116342));
#4402=CARTESIAN_POINT('',(100.286595368218,33.,60.0894734116342));
#4403=CARTESIAN_POINT('',(100.286595368218,33.,60.0894734116342));
#4404=CARTESIAN_POINT('',(100.286595368218,33.,80.2066676198389));
#4405=CARTESIAN_POINT('',(100.286595368218,33.,80.2066676198389));
#4406=CARTESIAN_POINT('',(52.3073233164969,33.,80.2066676198389));
#4407=CARTESIAN_POINT('',(49.3073233164969,33.,80.2066676198389));
#4408=CARTESIAN_POINT('Ctrl Pts',(49.3073233164969,33.,77.2066676198389));
#4409=CARTESIAN_POINT('Ctrl Pts',(49.3073233164969,33.,77.4310670950953));
#4410=CARTESIAN_POINT('Ctrl Pts',(49.3056223359341,33.,77.6516103970566));
#4411=CARTESIAN_POINT('Ctrl Pts',(49.3312890860173,33.,77.8729141923894));
#4412=CARTESIAN_POINT('Ctrl Pts',(49.3826225861837,33.,78.3155217830552));
#4413=CARTESIAN_POINT('Ctrl Pts',(49.5434270089339,33.,78.7611713472074));
#4414=CARTESIAN_POINT('Ctrl Pts',(49.8377948267074,33.,79.1488952760752));
#4415=CARTESIAN_POINT('Ctrl Pts',(49.9849787355942,33.,79.3427572405091));
#4416=CARTESIAN_POINT('Ctrl Pts',(50.1655534932368,33.,79.5221377961219));
#4417=CARTESIAN_POINT('Ctrl Pts',(50.3606733431904,33.,79.6707550635561));
#4418=CARTESIAN_POINT('Ctrl Pts',(50.5557931931441,33.,79.8193723309904));
#4419=CARTESIAN_POINT('Ctrl Pts',(50.7654581354087,33.,79.937226310246));
#4420=CARTESIAN_POINT('Ctrl Pts',(50.9800943575903,33.,80.01954377987));
#4421=CARTESIAN_POINT('Ctrl Pts',(51.4093668019534,33.,80.1841787191179));
#4422=CARTESIAN_POINT('Ctrl Pts',(51.858524365984,33.,80.2066676198389));
#4423=CARTESIAN_POINT('Ctrl Pts',(52.3073233164969,33.,80.2066676198389));
#4424=CARTESIAN_POINT('',(63.225,33.,43.695));
#4425=CARTESIAN_POINT('',(63.725,33.,43.195));
#4426=CARTESIAN_POINT('Origin',(63.725,33.,43.695));
#4427=CARTESIAN_POINT('',(76.725,33.,43.195));
#4428=CARTESIAN_POINT('',(63.725,33.,43.195));
#4429=CARTESIAN_POINT('',(77.225,33.,43.695));
#4430=CARTESIAN_POINT('Origin',(76.725,33.,43.695));
#4431=CARTESIAN_POINT('',(77.225,33.,56.6950000000001));
#4432=CARTESIAN_POINT('',(77.225,33.,43.695));
#4433=CARTESIAN_POINT('',(76.725,33.,57.195));
#4434=CARTESIAN_POINT('Origin',(76.725,33.,56.6950000000001));
#4435=CARTESIAN_POINT('',(63.725,33.,57.1950000000001));
#4436=CARTESIAN_POINT('',(76.725,33.,57.195));
#4437=CARTESIAN_POINT('',(63.225,33.,56.6950000000001));
#4438=CARTESIAN_POINT('Origin',(63.725,33.,56.6950000000001));
#4439=CARTESIAN_POINT('',(63.225,33.,56.6950000000001));
#4440=CARTESIAN_POINT('',(32.225,33.,63.725));
#4441=CARTESIAN_POINT('',(32.725,33.,63.225));
#4442=CARTESIAN_POINT('Origin',(32.725,33.,63.725));
#4443=CARTESIAN_POINT('',(45.725,33.,63.225));
#4444=CARTESIAN_POINT('',(32.725,33.,63.225));
#4445=CARTESIAN_POINT('',(46.225,33.,63.725));
#4446=CARTESIAN_POINT('Origin',(45.725,33.,63.725));
#4447=CARTESIAN_POINT('',(46.225,33.,76.725));
#4448=CARTESIAN_POINT('',(46.225,33.,63.725));
#4449=CARTESIAN_POINT('',(45.725,33.,77.225));
#4450=CARTESIAN_POINT('Origin',(45.725,33.,76.725));
#4451=CARTESIAN_POINT('',(32.725,33.,77.225));
#4452=CARTESIAN_POINT('',(32.725,33.,77.225));
#4453=CARTESIAN_POINT('',(32.225,33.,76.725));
#4454=CARTESIAN_POINT('Origin',(32.725,33.,76.725));
#4455=CARTESIAN_POINT('',(32.225,33.,63.725));
#4456=CARTESIAN_POINT('',(58.175,33.,37.645));
#4457=CARTESIAN_POINT('',(57.675,33.,38.145));
#4458=CARTESIAN_POINT('Origin',(57.675,33.,37.645));
#4459=CARTESIAN_POINT('',(44.675,33.,38.145));
#4460=CARTESIAN_POINT('',(57.675,33.,38.145));
#4461=CARTESIAN_POINT('',(44.175,33.,37.645));
#4462=CARTESIAN_POINT('Origin',(44.675,33.,37.645));
#4463=CARTESIAN_POINT('',(44.175,33.,24.645));
#4464=CARTESIAN_POINT('',(44.175,33.,37.645));
#4465=CARTESIAN_POINT('',(44.675,33.,24.145));
#4466=CARTESIAN_POINT('Origin',(44.675,33.,24.645));
#4467=CARTESIAN_POINT('',(57.675,33.,24.145));
#4468=CARTESIAN_POINT('',(44.675,33.,24.145));
#4469=CARTESIAN_POINT('',(58.175,33.,24.645));
#4470=CARTESIAN_POINT('Origin',(57.675,33.,24.645));
#4471=CARTESIAN_POINT('',(58.175,33.,24.645));
#4472=CARTESIAN_POINT('',(13.175,33.,63.725));
#4473=CARTESIAN_POINT('',(13.675,33.,63.225));
#4474=CARTESIAN_POINT('Origin',(13.675,33.,63.725));
#4475=CARTESIAN_POINT('',(26.675,33.,63.225));
#4476=CARTESIAN_POINT('',(13.675,33.,63.225));
#4477=CARTESIAN_POINT('',(27.175,33.,63.725));
#4478=CARTESIAN_POINT('Origin',(26.675,33.,63.725));
#4479=CARTESIAN_POINT('',(27.175,33.,76.725));
#4480=CARTESIAN_POINT('',(27.175,33.,63.725));
#4481=CARTESIAN_POINT('',(26.675,33.,77.225));
#4482=CARTESIAN_POINT('Origin',(26.675,33.,76.725));
#4483=CARTESIAN_POINT('',(13.675,33.,77.225));
#4484=CARTESIAN_POINT('',(13.675,33.,77.225));
#4485=CARTESIAN_POINT('',(13.175,33.,76.725));
#4486=CARTESIAN_POINT('Origin',(13.675,33.,76.725));
#4487=CARTESIAN_POINT('',(13.175,33.,63.725));
#4488=CARTESIAN_POINT('',(82.275,33.,43.695));
#4489=CARTESIAN_POINT('',(82.775,33.,43.195));
#4490=CARTESIAN_POINT('Origin',(82.775,33.,43.695));
#4491=CARTESIAN_POINT('',(95.775,33.,43.1950000000001));
#4492=CARTESIAN_POINT('',(82.775,33.,43.195));
#4493=CARTESIAN_POINT('',(96.275,33.,43.695));
#4494=CARTESIAN_POINT('Origin',(95.775,33.,43.695));
#4495=CARTESIAN_POINT('',(96.275,33.,56.6950000000001));
#4496=CARTESIAN_POINT('',(96.275,33.,43.695));
#4497=CARTESIAN_POINT('',(95.775,33.,57.195));
#4498=CARTESIAN_POINT('Origin',(95.775,33.,56.6950000000001));
#4499=CARTESIAN_POINT('',(82.775,33.,57.195));
#4500=CARTESIAN_POINT('',(95.775,33.,57.195));
#4501=CARTESIAN_POINT('',(82.275,33.,56.6950000000001));
#4502=CARTESIAN_POINT('Origin',(82.775,33.,56.6950000000001));
#4503=CARTESIAN_POINT('',(82.275,33.,56.6950000000001));
#4504=CARTESIAN_POINT('',(-3.55777716905795,33.,-5.00090297866721));
#4505=CARTESIAN_POINT('Origin',(-5.00777716905795,33.,-5.0009029786672));
#4506=CARTESIAN_POINT('',(106.44222447007,33.,84.9990983624373));
#4507=CARTESIAN_POINT('Origin',(104.99222447007,33.,84.9990983624373));
#4508=CARTESIAN_POINT('',(-3.55777716905795,33.,84.9990983624373));
#4509=CARTESIAN_POINT('Origin',(-5.00777716905795,33.,84.9990983624373));
#4510=CARTESIAN_POINT('',(106.44222447007,33.,-5.00090297866721));
#4511=CARTESIAN_POINT('Origin',(104.99222447007,33.,-5.0009029786672));
#4512=CARTESIAN_POINT('',(38.0000005662441,33.,45.330526683953));
#4513=CARTESIAN_POINT('',(38.0000005662441,33.,16.4345062548895));
#4514=CARTESIAN_POINT('',(37.3996049406989,33.,47.131054063944));
#4515=CARTESIAN_POINT('Ctrl Pts',(37.3996049406989,33.,47.131054063944));
#4516=CARTESIAN_POINT('Ctrl Pts',(37.5651816619745,33.,46.9103861479233));
#4517=CARTESIAN_POINT('Ctrl Pts',(37.7254333604317,33.,46.6797285534955));
#4518=CARTESIAN_POINT('Ctrl Pts',(37.83165209093,33.,46.4216843180726));
#4519=CARTESIAN_POINT('Ctrl Pts',(37.9024645779288,33.,46.2496548277908));
#4520=CARTESIAN_POINT('Ctrl Pts',(37.9492624125015,33.,46.0654534970667));
#4521=CARTESIAN_POINT('Ctrl Pts',(37.9736464095803,33.,45.8816515231479));
#4522=CARTESIAN_POINT('Ctrl Pts',(37.9980304066591,33.,45.697849549229));
#4523=CARTESIAN_POINT('Ctrl Pts',(38.0000005662441,33.,45.5144469321154));
#4524=CARTESIAN_POINT('Ctrl Pts',(38.0000005662441,33.,45.330526683953));
#4525=CARTESIAN_POINT('',(30.8405746639857,33.,55.8724250195253));
#4526=CARTESIAN_POINT('',(29.9405582625877,33.,57.0718976395343));
#4527=CARTESIAN_POINT('',(28.4409702895309,33.,57.0718976395343));
#4528=CARTESIAN_POINT('Ctrl Pts',(28.4409702895309,33.,57.0718976395343));
#4529=CARTESIAN_POINT('Ctrl Pts',(28.6396293162937,33.,57.0718976395343));
#4530=CARTESIAN_POINT('Ctrl Pts',(28.8379368426739,33.,57.0706398782224));
#4531=CARTESIAN_POINT('Ctrl Pts',(29.0368969403509,33.,57.0468432065405));
#4532=CARTESIAN_POINT('Ctrl Pts',(29.2358570380278,33.,57.0230465348586));
#4533=CARTESIAN_POINT('Ctrl Pts',(29.4354697070016,33.,56.9767109528067));
#4534=CARTESIAN_POINT('Ctrl Pts',(29.6260423235617,33.,56.9022839048471));
#4535=CARTESIAN_POINT('Ctrl Pts',(29.8801391456418,33.,56.8030478409011));
#4536=CARTESIAN_POINT('Ctrl Pts',(30.118164763431,33.,56.6538713931193));
#4537=CARTESIAN_POINT('Ctrl Pts',(30.3185301966871,33.,56.4741826955137));
#4538=CARTESIAN_POINT('Ctrl Pts',(30.5188956299432,33.,56.2944939979081));
#4539=CARTESIAN_POINT('Ctrl Pts',(30.6816008786662,33.,56.0842930504787));
#4540=CARTESIAN_POINT('Ctrl Pts',(30.8405746639857,33.,55.8724250195253));
#4541=CARTESIAN_POINT('',(4.05401432152922,33.,57.0718976395343));
#4542=CARTESIAN_POINT('',(29.9405582625877,33.,57.0718976395343));
#4543=CARTESIAN_POINT('',(1.05401432152922,33.,54.0718976395343));
#4544=CARTESIAN_POINT('Ctrl Pts',(1.05401432152921,33.,54.0718976395343));
#4545=CARTESIAN_POINT('Ctrl Pts',(1.05401432152922,33.,54.2962971147907));
#4546=CARTESIAN_POINT('Ctrl Pts',(1.05233500828937,33.,54.5168633622672));
#4547=CARTESIAN_POINT('Ctrl Pts',(1.07802897328591,33.,54.7381981940915));
#4548=CARTESIAN_POINT('Ctrl Pts',(1.12941690327897,33.,55.1808678577401));
#4549=CARTESIAN_POINT('Ctrl Pts',(1.29029794621755,33.,55.6266118587796));
#4550=CARTESIAN_POINT('Ctrl Pts',(1.5847023743482,33.,56.01437733984));
#4551=CARTESIAN_POINT('Ctrl Pts',(1.73190458841353,33.,56.2082600803703));
#4552=CARTESIAN_POINT('Ctrl Pts',(1.91248764877688,33.,56.3876481909058));
#4553=CARTESIAN_POINT('Ctrl Pts',(2.10761167230185,33.,56.5362717096223));
#4554=CARTESIAN_POINT('Ctrl Pts',(2.30273569582683,33.,56.6848952283389));
#4555=CARTESIAN_POINT('Ctrl Pts',(2.51240068251343,33.,56.8027541552365));
#4556=CARTESIAN_POINT('Ctrl Pts',(2.72700897531892,33.,56.8850407321129));
#4557=CARTESIAN_POINT('Ctrl Pts',(3.15622556092989,33.,57.0496138858659));
#4558=CARTESIAN_POINT('Ctrl Pts',(3.60521537101639,33.,57.0718976395343));
#4559=CARTESIAN_POINT('Ctrl Pts',(4.05401432152922,33.,57.0718976395343));
#4560=CARTESIAN_POINT('',(1.05401432152922,33.,19.4345062548895));
#4561=CARTESIAN_POINT('',(1.05401432152922,33.,57.0718976395343));
#4562=CARTESIAN_POINT('Ctrl Pts',(4.05401432152923,33.,16.4345062548895));
#4563=CARTESIAN_POINT('Ctrl Pts',(3.82961484627281,33.,16.4345062548895));
#4564=CARTESIAN_POINT('Ctrl Pts',(3.60907735665177,33.,16.4327457013239));
#4565=CARTESIAN_POINT('Ctrl Pts',(3.38772947456693,33.,16.4584037913499));
#4566=CARTESIAN_POINT('Ctrl Pts',(2.94503371039724,33.,16.5097199714018));
#4567=CARTESIAN_POINT('Ctrl Pts',(2.49909637637236,33.,16.6707107258203));
#4568=CARTESIAN_POINT('Ctrl Pts',(2.11120362133856,33.,16.9652992321356));
#4569=CARTESIAN_POINT('Ctrl Pts',(1.91725724382166,33.,17.1125934852933));
#4570=CARTESIAN_POINT('Ctrl Pts',(1.73782201105253,33.,17.2932871764252));
#4571=CARTESIAN_POINT('Ctrl Pts',(1.58917900191905,33.,17.4884418443116));
#4572=CARTESIAN_POINT('Ctrl Pts',(1.44053599278558,33.,17.6835965121979));
#4573=CARTESIAN_POINT('Ctrl Pts',(1.32268520728776,33.,17.8932121568388));
#4574=CARTESIAN_POINT('Ctrl Pts',(1.24045475976,33.,18.1077630152945));
#4575=CARTESIAN_POINT('Ctrl Pts',(1.07599386470448,33.,18.5368647322059));
#4576=CARTESIAN_POINT('Ctrl Pts',(1.05401432152922,33.,18.9857073043767));
#4577=CARTESIAN_POINT('Ctrl Pts',(1.05401432152922,33.,19.4345062548895));
#4578=CARTESIAN_POINT('Ctrl Pts',(38.0000005662441,30.,45.330526683953));
#4579=CARTESIAN_POINT('Ctrl Pts',(38.0000005662441,31.,45.330526683953));
#4580=CARTESIAN_POINT('Ctrl Pts',(38.0000005662441,32.,45.330526683953));
#4581=CARTESIAN_POINT('Ctrl Pts',(38.0000005662441,33.,45.330526683953));
#4582=CARTESIAN_POINT('Ctrl Pts',(38.0000005662441,30.,45.5144469321154));
#4583=CARTESIAN_POINT('Ctrl Pts',(38.0000005662441,31.,45.5144469321154));
#4584=CARTESIAN_POINT('Ctrl Pts',(38.0000005662441,32.,45.5144469321154));
#4585=CARTESIAN_POINT('Ctrl Pts',(38.0000005662441,33.,45.5144469321154));
#4586=CARTESIAN_POINT('Ctrl Pts',(37.9960602470742,30.,45.8812521663427));
#4587=CARTESIAN_POINT('Ctrl Pts',(37.9960602470742,31.,45.8812521663427));
#4588=CARTESIAN_POINT('Ctrl Pts',(37.9960602470742,32.,45.8812521663427));
#4589=CARTESIAN_POINT('Ctrl Pts',(37.9960602470742,33.,45.8812521663427));
#4590=CARTESIAN_POINT('Ctrl Pts',(37.8322678260698,30.,46.5259568238769));
#4591=CARTESIAN_POINT('Ctrl Pts',(37.8322678260698,31.,46.5259568238769));
#4592=CARTESIAN_POINT('Ctrl Pts',(37.8322678260698,32.,46.5259568238769));
#4593=CARTESIAN_POINT('Ctrl Pts',(37.8322678260698,33.,46.5259568238769));
#4594=CARTESIAN_POINT('Ctrl Pts',(37.5651816619745,30.,46.9103861479233));
#4595=CARTESIAN_POINT('Ctrl Pts',(37.5651816619745,31.,46.9103861479233));
#4596=CARTESIAN_POINT('Ctrl Pts',(37.5651816619745,32.,46.9103861479233));
#4597=CARTESIAN_POINT('Ctrl Pts',(37.5651816619745,33.,46.9103861479233));
#4598=CARTESIAN_POINT('Ctrl Pts',(37.3996049406989,30.,47.131054063944));
#4599=CARTESIAN_POINT('Ctrl Pts',(37.3996049406989,31.,47.131054063944));
#4600=CARTESIAN_POINT('Ctrl Pts',(37.3996049406989,32.,47.131054063944));
#4601=CARTESIAN_POINT('Ctrl Pts',(37.3996049406989,33.,47.131054063944));
#4602=CARTESIAN_POINT('',(38.0000005662441,30.,45.330526683953));
#4603=CARTESIAN_POINT('',(37.3996049406989,30.,47.131054063944));
#4604=CARTESIAN_POINT('Ctrl Pts',(38.0000005662441,30.,45.330526683953));
#4605=CARTESIAN_POINT('Ctrl Pts',(38.0000005662441,30.,45.5144469321154));
#4606=CARTESIAN_POINT('Ctrl Pts',(37.9980304066591,30.,45.697849549229));
#4607=CARTESIAN_POINT('Ctrl Pts',(37.9736464095803,30.,45.8816515231479));
#4608=CARTESIAN_POINT('Ctrl Pts',(37.9492624125015,30.,46.0654534970667));
#4609=CARTESIAN_POINT('Ctrl Pts',(37.9024645779288,30.,46.2496548277908));
#4610=CARTESIAN_POINT('Ctrl Pts',(37.83165209093,30.,46.4216843180726));
#4611=CARTESIAN_POINT('Ctrl Pts',(37.7254333604317,30.,46.6797285534955));
#4612=CARTESIAN_POINT('Ctrl Pts',(37.5651816619745,30.,46.9103861479233));
#4613=CARTESIAN_POINT('Ctrl Pts',(37.3996049406989,30.,47.131054063944));
#4614=CARTESIAN_POINT('',(37.3996049406989,30.,47.131054063944));
#4615=CARTESIAN_POINT('',(38.0000005662441,30.,45.330526683953));
#4616=CARTESIAN_POINT('Origin',(38.0000005662441,30.,46.3308929636618));
#4617=CARTESIAN_POINT('',(30.8405746639857,30.,55.8724250195253));
#4618=CARTESIAN_POINT('',(29.9405582625877,30.,57.0718976395343));
#4619=CARTESIAN_POINT('',(30.8405746639857,30.,55.8724250195253));
#4620=CARTESIAN_POINT('Ctrl Pts',(30.8405746639857,30.,55.8724250195253));
#4621=CARTESIAN_POINT('Ctrl Pts',(30.8405746639857,31.,55.8724250195253));
#4622=CARTESIAN_POINT('Ctrl Pts',(30.8405746639857,32.,55.8724250195253));
#4623=CARTESIAN_POINT('Ctrl Pts',(30.8405746639857,33.,55.8724250195253));
#4624=CARTESIAN_POINT('Ctrl Pts',(30.6816008786662,30.,56.0842930504787));
#4625=CARTESIAN_POINT('Ctrl Pts',(30.6816008786662,31.,56.0842930504787));
#4626=CARTESIAN_POINT('Ctrl Pts',(30.6816008786662,32.,56.0842930504787));
#4627=CARTESIAN_POINT('Ctrl Pts',(30.6816008786662,33.,56.0842930504787));
#4628=CARTESIAN_POINT('Ctrl Pts',(30.3561903812202,30.,56.5046949453376));
#4629=CARTESIAN_POINT('Ctrl Pts',(30.3561903812202,31.,56.5046949453376));
#4630=CARTESIAN_POINT('Ctrl Pts',(30.3561903812202,32.,56.5046949453376));
#4631=CARTESIAN_POINT('Ctrl Pts',(30.3561903812202,33.,56.5046949453376));
#4632=CARTESIAN_POINT('Ctrl Pts',(29.7016199322999,30.,56.9149301767374));
#4633=CARTESIAN_POINT('Ctrl Pts',(29.7016199322999,31.,56.9149301767374));
#4634=CARTESIAN_POINT('Ctrl Pts',(29.7016199322999,32.,56.9149301767374));
#4635=CARTESIAN_POINT('Ctrl Pts',(29.7016199322999,33.,56.9149301767374));
#4636=CARTESIAN_POINT('Ctrl Pts',(29.0362443690541,30.,57.0693821169106));
#4637=CARTESIAN_POINT('Ctrl Pts',(29.0362443690541,31.,57.0693821169106));
#4638=CARTESIAN_POINT('Ctrl Pts',(29.0362443690541,32.,57.0693821169106));
#4639=CARTESIAN_POINT('Ctrl Pts',(29.0362443690541,33.,57.0693821169106));
#4640=CARTESIAN_POINT('Ctrl Pts',(28.6396293162937,30.,57.0718976395343));
#4641=CARTESIAN_POINT('Ctrl Pts',(28.6396293162937,31.,57.0718976395343));
#4642=CARTESIAN_POINT('Ctrl Pts',(28.6396293162937,32.,57.0718976395343));
#4643=CARTESIAN_POINT('Ctrl Pts',(28.6396293162937,33.,57.0718976395343));
#4644=CARTESIAN_POINT('Ctrl Pts',(28.4409702895309,30.,57.0718976395343));
#4645=CARTESIAN_POINT('Ctrl Pts',(28.4409702895309,31.,57.0718976395343));
#4646=CARTESIAN_POINT('Ctrl Pts',(28.4409702895309,32.,57.0718976395343));
#4647=CARTESIAN_POINT('Ctrl Pts',(28.4409702895309,33.,57.0718976395343));
#4648=CARTESIAN_POINT('',(28.4409702895309,30.,57.0718976395343));
#4649=CARTESIAN_POINT('Ctrl Pts',(30.8405746639857,30.,55.8724250195253));
#4650=CARTESIAN_POINT('Ctrl Pts',(30.6816008786662,30.,56.0842930504787));
#4651=CARTESIAN_POINT('Ctrl Pts',(30.5188956299432,30.,56.2944939979081));
#4652=CARTESIAN_POINT('Ctrl Pts',(30.3185301966871,30.,56.4741826955137));
#4653=CARTESIAN_POINT('Ctrl Pts',(30.118164763431,30.,56.6538713931193));
#4654=CARTESIAN_POINT('Ctrl Pts',(29.8801391456418,30.,56.8030478409011));
#4655=CARTESIAN_POINT('Ctrl Pts',(29.6260423235617,30.,56.9022839048472));
#4656=CARTESIAN_POINT('Ctrl Pts',(29.4354697070016,30.,56.9767109528067));
#4657=CARTESIAN_POINT('Ctrl Pts',(29.2358570380278,30.,57.0230465348586));
#4658=CARTESIAN_POINT('Ctrl Pts',(29.0368969403509,30.,57.0468432065405));
#4659=CARTESIAN_POINT('Ctrl Pts',(28.8379368426739,30.,57.0706398782224));
#4660=CARTESIAN_POINT('Ctrl Pts',(28.6396293162937,30.,57.0718976395343));
#4661=CARTESIAN_POINT('Ctrl Pts',(28.4409702895309,30.,57.0718976395343));
#4662=CARTESIAN_POINT('',(28.4409702895309,30.,57.0718976395343));
#4663=CARTESIAN_POINT('Origin',(29.9405582625877,30.,57.0718976395343));
#4664=CARTESIAN_POINT('',(4.05401432152922,30.,57.0718976395343));
#4665=CARTESIAN_POINT('',(29.9405582625877,30.,57.0718976395343));
#4666=CARTESIAN_POINT('',(4.05401432152922,30.,57.0718976395343));
#4667=CARTESIAN_POINT('Ctrl Pts',(4.05401432152922,30.,57.0718976395343));
#4668=CARTESIAN_POINT('Ctrl Pts',(4.05401432152922,31.,57.0718976395343));
#4669=CARTESIAN_POINT('Ctrl Pts',(4.05401432152922,32.,57.0718976395343));
#4670=CARTESIAN_POINT('Ctrl Pts',(4.05401432152922,33.,57.0718976395343));
#4671=CARTESIAN_POINT('Ctrl Pts',(3.60521537101639,30.,57.0718976395343));
#4672=CARTESIAN_POINT('Ctrl Pts',(3.60521537101639,31.,57.0718976395343));
#4673=CARTESIAN_POINT('Ctrl Pts',(3.60521537101639,32.,57.0718976395343));
#4674=CARTESIAN_POINT('Ctrl Pts',(3.60521537101639,33.,57.0718976395343));
#4675=CARTESIAN_POINT('Ctrl Pts',(2.93173065588664,30.,57.0384720090317));
#4676=CARTESIAN_POINT('Ctrl Pts',(2.93173065588664,31.,57.0384720090317));
#4677=CARTESIAN_POINT('Ctrl Pts',(2.93173065588664,32.,57.0384720090317));
#4678=CARTESIAN_POINT('Ctrl Pts',(2.93173065588664,33.,57.0384720090317));
#4679=CARTESIAN_POINT('Ctrl Pts',(2.09307070914022,30.,56.5670363014413));
#4680=CARTESIAN_POINT('Ctrl Pts',(2.09307070914022,31.,56.5670363014413));
#4681=CARTESIAN_POINT('Ctrl Pts',(2.09307070914022,32.,56.5670363014413));
#4682=CARTESIAN_POINT('Ctrl Pts',(2.09307070914022,33.,56.5670363014413));
#4683=CARTESIAN_POINT('Ctrl Pts',(1.37073846768684,30.,55.8494838592993));
#4684=CARTESIAN_POINT('Ctrl Pts',(1.37073846768684,31.,55.8494838592993));
#4685=CARTESIAN_POINT('Ctrl Pts',(1.37073846768684,32.,55.8494838592993));
#4686=CARTESIAN_POINT('Ctrl Pts',(1.37073846768684,33.,55.8494838592993));
#4687=CARTESIAN_POINT('Ctrl Pts',(1.04897638180968,30.,54.9579958572203));
#4688=CARTESIAN_POINT('Ctrl Pts',(1.04897638180968,31.,54.9579958572203));
#4689=CARTESIAN_POINT('Ctrl Pts',(1.04897638180968,32.,54.9579958572203));
#4690=CARTESIAN_POINT('Ctrl Pts',(1.04897638180968,33.,54.9579958572203));
#4691=CARTESIAN_POINT('Ctrl Pts',(1.05401432152922,30.,54.2962971147907));
#4692=CARTESIAN_POINT('Ctrl Pts',(1.05401432152922,31.,54.2962971147907));
#4693=CARTESIAN_POINT('Ctrl Pts',(1.05401432152922,32.,54.2962971147907));
#4694=CARTESIAN_POINT('Ctrl Pts',(1.05401432152922,33.,54.2962971147907));
#4695=CARTESIAN_POINT('Ctrl Pts',(1.05401432152921,30.,54.0718976395343));
#4696=CARTESIAN_POINT('Ctrl Pts',(1.05401432152921,31.,54.0718976395343));
#4697=CARTESIAN_POINT('Ctrl Pts',(1.05401432152921,32.,54.0718976395343));
#4698=CARTESIAN_POINT('Ctrl Pts',(1.05401432152921,33.,54.0718976395343));
#4699=CARTESIAN_POINT('',(1.05401432152922,30.,54.0718976395343));
#4700=CARTESIAN_POINT('Ctrl Pts',(4.05401432152922,30.,57.0718976395343));
#4701=CARTESIAN_POINT('Ctrl Pts',(3.60521537101639,30.,57.0718976395343));
#4702=CARTESIAN_POINT('Ctrl Pts',(3.15622556092989,30.,57.0496138858659));
#4703=CARTESIAN_POINT('Ctrl Pts',(2.72700897531892,30.,56.8850407321129));
#4704=CARTESIAN_POINT('Ctrl Pts',(2.51240068251343,30.,56.8027541552365));
#4705=CARTESIAN_POINT('Ctrl Pts',(2.30273569582683,30.,56.6848952283389));
#4706=CARTESIAN_POINT('Ctrl Pts',(2.10761167230185,30.,56.5362717096223));
#4707=CARTESIAN_POINT('Ctrl Pts',(1.91248764877688,30.,56.3876481909058));
#4708=CARTESIAN_POINT('Ctrl Pts',(1.73190458841353,30.,56.2082600803703));
#4709=CARTESIAN_POINT('Ctrl Pts',(1.5847023743482,30.,56.01437733984));
#4710=CARTESIAN_POINT('Ctrl Pts',(1.29029794621755,30.,55.6266118587796));
#4711=CARTESIAN_POINT('Ctrl Pts',(1.12941690327897,30.,55.1808678577401));
#4712=CARTESIAN_POINT('Ctrl Pts',(1.07802897328591,30.,54.7381981940915));
#4713=CARTESIAN_POINT('Ctrl Pts',(1.05233500828937,30.,54.5168633622672));
#4714=CARTESIAN_POINT('Ctrl Pts',(1.05401432152922,30.,54.2962971147907));
#4715=CARTESIAN_POINT('Ctrl Pts',(1.05401432152921,30.,54.0718976395343));
#4716=CARTESIAN_POINT('',(1.05401432152922,30.,54.0718976395343));
#4717=CARTESIAN_POINT('Origin',(1.05401432152922,30.,57.0718976395343));
#4718=CARTESIAN_POINT('',(1.05401432152922,30.,19.4345062548895));
#4719=CARTESIAN_POINT('',(1.05401432152922,30.,57.0718976395343));
#4720=CARTESIAN_POINT('',(1.05401432152922,30.,19.4345062548895));
#4721=CARTESIAN_POINT('Origin',(38.0000005662441,30.,16.4345062548895));
#4722=CARTESIAN_POINT('',(38.0000005662441,30.,16.4345062548895));
#4723=CARTESIAN_POINT('Ctrl Pts',(1.05401432152922,30.,19.4345062548895));
#4724=CARTESIAN_POINT('Ctrl Pts',(1.05401432152922,31.,19.4345062548895));
#4725=CARTESIAN_POINT('Ctrl Pts',(1.05401432152922,32.,19.4345062548895));
#4726=CARTESIAN_POINT('Ctrl Pts',(1.05401432152922,33.,19.4345062548895));
#4727=CARTESIAN_POINT('Ctrl Pts',(1.05401432152922,30.,18.9857073043767));
#4728=CARTESIAN_POINT('Ctrl Pts',(1.05401432152922,31.,18.9857073043767));
#4729=CARTESIAN_POINT('Ctrl Pts',(1.05401432152922,32.,18.9857073043767));
#4730=CARTESIAN_POINT('Ctrl Pts',(1.05401432152922,33.,18.9857073043767));
#4731=CARTESIAN_POINT('Ctrl Pts',(1.08698363629211,30.,18.3124434461205));
#4732=CARTESIAN_POINT('Ctrl Pts',(1.08698363629211,31.,18.3124434461205));
#4733=CARTESIAN_POINT('Ctrl Pts',(1.08698363629211,32.,18.3124434461205));
#4734=CARTESIAN_POINT('Ctrl Pts',(1.08698363629211,33.,18.3124434461205));
#4735=CARTESIAN_POINT('Ctrl Pts',(1.5583867782834,30.,17.4739808675571));
#4736=CARTESIAN_POINT('Ctrl Pts',(1.5583867782834,31.,17.4739808675571));
#4737=CARTESIAN_POINT('Ctrl Pts',(1.5583867782834,32.,17.4739808675571));
#4738=CARTESIAN_POINT('Ctrl Pts',(1.5583867782834,33.,17.4739808675571));
#4739=CARTESIAN_POINT('Ctrl Pts',(2.27612770935992,30.,16.7512061030295));
#4740=CARTESIAN_POINT('Ctrl Pts',(2.27612770935992,31.,16.7512061030295));
#4741=CARTESIAN_POINT('Ctrl Pts',(2.27612770935992,32.,16.7512061030295));
#4742=CARTESIAN_POINT('Ctrl Pts',(2.27612770935992,33.,16.7512061030295));
#4743=CARTESIAN_POINT('Ctrl Pts',(3.16800237740968,30.,16.4292245941926));
#4744=CARTESIAN_POINT('Ctrl Pts',(3.16800237740968,31.,16.4292245941926));
#4745=CARTESIAN_POINT('Ctrl Pts',(3.16800237740968,32.,16.4292245941926));
#4746=CARTESIAN_POINT('Ctrl Pts',(3.16800237740968,33.,16.4292245941926));
#4747=CARTESIAN_POINT('Ctrl Pts',(3.82961484627281,30.,16.4345062548895));
#4748=CARTESIAN_POINT('Ctrl Pts',(3.82961484627281,31.,16.4345062548895));
#4749=CARTESIAN_POINT('Ctrl Pts',(3.82961484627281,32.,16.4345062548895));
#4750=CARTESIAN_POINT('Ctrl Pts',(3.82961484627281,33.,16.4345062548895));
#4751=CARTESIAN_POINT('Ctrl Pts',(4.05401432152923,30.,16.4345062548895));
#4752=CARTESIAN_POINT('Ctrl Pts',(4.05401432152923,31.,16.4345062548895));
#4753=CARTESIAN_POINT('Ctrl Pts',(4.05401432152923,32.,16.4345062548895));
#4754=CARTESIAN_POINT('Ctrl Pts',(4.05401432152923,33.,16.4345062548895));
#4755=CARTESIAN_POINT('Ctrl Pts',(1.05401432152922,30.,19.4345062548895));
#4756=CARTESIAN_POINT('Ctrl Pts',(1.05401432152922,30.,18.9857073043767));
#4757=CARTESIAN_POINT('Ctrl Pts',(1.07599386470448,30.,18.5368647322059));
#4758=CARTESIAN_POINT('Ctrl Pts',(1.24045475976,30.,18.1077630152945));
#4759=CARTESIAN_POINT('Ctrl Pts',(1.32268520728776,30.,17.8932121568388));
#4760=CARTESIAN_POINT('Ctrl Pts',(1.44053599278558,30.,17.6835965121979));
#4761=CARTESIAN_POINT('Ctrl Pts',(1.58917900191905,30.,17.4884418443116));
#4762=CARTESIAN_POINT('Ctrl Pts',(1.73782201105253,30.,17.2932871764252));
#4763=CARTESIAN_POINT('Ctrl Pts',(1.91725724382166,30.,17.1125934852933));
#4764=CARTESIAN_POINT('Ctrl Pts',(2.11120362133856,30.,16.9652992321356));
#4765=CARTESIAN_POINT('Ctrl Pts',(2.49909637637236,30.,16.6707107258203));
#4766=CARTESIAN_POINT('Ctrl Pts',(2.94503371039724,30.,16.5097199714018));
#4767=CARTESIAN_POINT('Ctrl Pts',(3.38772947456693,30.,16.4584037913499));
#4768=CARTESIAN_POINT('Ctrl Pts',(3.60907735665177,30.,16.4327457013239));
#4769=CARTESIAN_POINT('Ctrl Pts',(3.82961484627281,30.,16.4345062548895));
#4770=CARTESIAN_POINT('Ctrl Pts',(4.05401432152923,30.,16.4345062548895));
#4771=CARTESIAN_POINT('Ctrl Pts',(52.3073233164969,30.,80.2066676198389));
#4772=CARTESIAN_POINT('Ctrl Pts',(52.3073233164969,31.,80.2066676198389));
#4773=CARTESIAN_POINT('Ctrl Pts',(52.3073233164969,32.,80.2066676198389));
#4774=CARTESIAN_POINT('Ctrl Pts',(52.3073233164969,33.,80.2066676198389));
#4775=CARTESIAN_POINT('Ctrl Pts',(51.858524365984,30.,80.2066676198389));
#4776=CARTESIAN_POINT('Ctrl Pts',(51.858524365984,31.,80.2066676198389));
#4777=CARTESIAN_POINT('Ctrl Pts',(51.858524365984,32.,80.2066676198389));
#4778=CARTESIAN_POINT('Ctrl Pts',(51.858524365984,33.,80.2066676198389));
#4779=CARTESIAN_POINT('Ctrl Pts',(51.184788019938,30.,80.1729342687574));
#4780=CARTESIAN_POINT('Ctrl Pts',(51.184788019938,31.,80.1729342687574));
#4781=CARTESIAN_POINT('Ctrl Pts',(51.184788019938,32.,80.1729342687574));
#4782=CARTESIAN_POINT('Ctrl Pts',(51.184788019938,33.,80.1729342687574));
#4783=CARTESIAN_POINT('Ctrl Pts',(50.3461282508794,30.,79.7015183517347));
#4784=CARTESIAN_POINT('Ctrl Pts',(50.3461282508794,31.,79.7015183517347));
#4785=CARTESIAN_POINT('Ctrl Pts',(50.3461282508794,32.,79.7015183517347));
#4786=CARTESIAN_POINT('Ctrl Pts',(50.3461282508794,33.,79.7015183517347));
#4787=CARTESIAN_POINT('Ctrl Pts',(49.623829220309,30.,78.9839961292835));
#4788=CARTESIAN_POINT('Ctrl Pts',(49.623829220309,31.,78.9839961292835));
#4789=CARTESIAN_POINT('Ctrl Pts',(49.623829220309,32.,78.9839961292835));
#4790=CARTESIAN_POINT('Ctrl Pts',(49.623829220309,33.,78.9839961292835));
#4791=CARTESIAN_POINT('Ctrl Pts',(49.3022203748087,30.,78.0926970009791));
#4792=CARTESIAN_POINT('Ctrl Pts',(49.3022203748087,31.,78.0926970009791));
#4793=CARTESIAN_POINT('Ctrl Pts',(49.3022203748087,32.,78.0926970009791));
#4794=CARTESIAN_POINT('Ctrl Pts',(49.3022203748087,33.,78.0926970009791));
#4795=CARTESIAN_POINT('Ctrl Pts',(49.3073233164969,30.,77.4310670950953));
#4796=CARTESIAN_POINT('Ctrl Pts',(49.3073233164969,31.,77.4310670950953));
#4797=CARTESIAN_POINT('Ctrl Pts',(49.3073233164969,32.,77.4310670950953));
#4798=CARTESIAN_POINT('Ctrl Pts',(49.3073233164969,33.,77.4310670950953));
#4799=CARTESIAN_POINT('Ctrl Pts',(49.3073233164969,30.,77.2066676198389));
#4800=CARTESIAN_POINT('Ctrl Pts',(49.3073233164969,31.,77.2066676198389));
#4801=CARTESIAN_POINT('Ctrl Pts',(49.3073233164969,32.,77.2066676198389));
#4802=CARTESIAN_POINT('Ctrl Pts',(49.3073233164969,33.,77.2066676198389));
#4803=CARTESIAN_POINT('',(52.3073233164969,30.,80.2066676198389));
#4804=CARTESIAN_POINT('',(49.3073233164969,30.,77.2066676198389));
#4805=CARTESIAN_POINT('Ctrl Pts',(52.3073233164969,30.,80.2066676198389));
#4806=CARTESIAN_POINT('Ctrl Pts',(51.858524365984,30.,80.2066676198389));
#4807=CARTESIAN_POINT('Ctrl Pts',(51.4093668019534,30.,80.1841787191179));
#4808=CARTESIAN_POINT('Ctrl Pts',(50.9800943575903,30.,80.01954377987));
#4809=CARTESIAN_POINT('Ctrl Pts',(50.7654581354087,30.,79.937226310246));
#4810=CARTESIAN_POINT('Ctrl Pts',(50.5557931931441,30.,79.8193723309904));
#4811=CARTESIAN_POINT('Ctrl Pts',(50.3606733431904,30.,79.6707550635561));
#4812=CARTESIAN_POINT('Ctrl Pts',(50.1655534932368,30.,79.5221377961219));
#4813=CARTESIAN_POINT('Ctrl Pts',(49.9849787355942,30.,79.3427572405091));
#4814=CARTESIAN_POINT('Ctrl Pts',(49.8377948267074,30.,79.1488952760752));
#4815=CARTESIAN_POINT('Ctrl Pts',(49.5434270089339,30.,78.7611713472074));
#4816=CARTESIAN_POINT('Ctrl Pts',(49.3826225861837,30.,78.3155217830552));
#4817=CARTESIAN_POINT('Ctrl Pts',(49.3312890860173,30.,77.8729141923895));
#4818=CARTESIAN_POINT('Ctrl Pts',(49.3056223359341,30.,77.6516103970566));
#4819=CARTESIAN_POINT('Ctrl Pts',(49.3073233164969,30.,77.4310670950953));
#4820=CARTESIAN_POINT('Ctrl Pts',(49.3073233164969,30.,77.2066676198389));
#4821=CARTESIAN_POINT('',(49.3073233164969,30.,77.2066676198389));
#4822=CARTESIAN_POINT('',(52.3073233164969,30.,80.2066676198389));
#4823=CARTESIAN_POINT('Origin',(49.3073233164969,30.,80.2066676198389));
#4824=CARTESIAN_POINT('',(49.3073233164969,30.,63.0894734116342));
#4825=CARTESIAN_POINT('',(49.3073233164969,30.,60.0894734116342));
#4826=CARTESIAN_POINT('',(49.3073233164969,30.,63.0894734116342));
#4827=CARTESIAN_POINT('Ctrl Pts',(49.3073233164969,30.,63.0894734116342));
#4828=CARTESIAN_POINT('Ctrl Pts',(49.3073233164969,31.,63.0894734116342));
#4829=CARTESIAN_POINT('Ctrl Pts',(49.3073233164969,32.,63.0894734116342));
#4830=CARTESIAN_POINT('Ctrl Pts',(49.3073233164969,33.,63.0894734116342));
#4831=CARTESIAN_POINT('Ctrl Pts',(49.3073233164969,30.,62.6406744611213));
#4832=CARTESIAN_POINT('Ctrl Pts',(49.3073233164969,31.,62.6406744611213));
#4833=CARTESIAN_POINT('Ctrl Pts',(49.3073233164969,32.,62.6406744611213));
#4834=CARTESIAN_POINT('Ctrl Pts',(49.3073233164969,33.,62.6406744611213));
#4835=CARTESIAN_POINT('Ctrl Pts',(49.3409960415453,30.,61.9669878564108));
#4836=CARTESIAN_POINT('Ctrl Pts',(49.3409960415453,31.,61.9669878564108));
#4837=CARTESIAN_POINT('Ctrl Pts',(49.3409960415453,32.,61.9669878564108));
#4838=CARTESIAN_POINT('Ctrl Pts',(49.3409960415453,33.,61.9669878564108));
#4839=CARTESIAN_POINT('Ctrl Pts',(49.8124151665522,30.,61.1283284190531));
#4840=CARTESIAN_POINT('Ctrl Pts',(49.8124151665522,31.,61.1283284190531));
#4841=CARTESIAN_POINT('Ctrl Pts',(49.8124151665522,32.,61.1283284190531));
#4842=CARTESIAN_POINT('Ctrl Pts',(49.8124151665522,33.,61.1283284190531));
#4843=CARTESIAN_POINT('Ctrl Pts',(50.5299434536058,30.,60.4060228530252));
#4844=CARTESIAN_POINT('Ctrl Pts',(50.5299434536058,31.,60.4060228530252));
#4845=CARTESIAN_POINT('Ctrl Pts',(50.5299434536058,32.,60.4060228530252));
#4846=CARTESIAN_POINT('Ctrl Pts',(50.5299434536058,33.,60.4060228530252));
#4847=CARTESIAN_POINT('Ctrl Pts',(51.4212800710015,30.,60.0843834630038));
#4848=CARTESIAN_POINT('Ctrl Pts',(51.4212800710015,31.,60.0843834630038));
#4849=CARTESIAN_POINT('Ctrl Pts',(51.4212800710015,32.,60.0843834630038));
#4850=CARTESIAN_POINT('Ctrl Pts',(51.4212800710015,33.,60.0843834630038));
#4851=CARTESIAN_POINT('Ctrl Pts',(52.0829238412405,30.,60.0894734116342));
#4852=CARTESIAN_POINT('Ctrl Pts',(52.0829238412405,31.,60.0894734116342));
#4853=CARTESIAN_POINT('Ctrl Pts',(52.0829238412405,32.,60.0894734116342));
#4854=CARTESIAN_POINT('Ctrl Pts',(52.0829238412405,33.,60.0894734116342));
#4855=CARTESIAN_POINT('Ctrl Pts',(52.3073233164969,30.,60.0894734116342));
#4856=CARTESIAN_POINT('Ctrl Pts',(52.3073233164969,31.,60.0894734116342));
#4857=CARTESIAN_POINT('Ctrl Pts',(52.3073233164969,32.,60.0894734116342));
#4858=CARTESIAN_POINT('Ctrl Pts',(52.3073233164969,33.,60.0894734116342));
#4859=CARTESIAN_POINT('',(52.3073233164969,30.,60.0894734116342));
#4860=CARTESIAN_POINT('Ctrl Pts',(49.3073233164969,30.,63.0894734116342));
#4861=CARTESIAN_POINT('Ctrl Pts',(49.3073233164969,30.,62.6406744611213));
#4862=CARTESIAN_POINT('Ctrl Pts',(49.3297717998625,30.,62.1915500579809));
#4863=CARTESIAN_POINT('Ctrl Pts',(49.4943943359867,30.,61.7622887778149));
#4864=CARTESIAN_POINT('Ctrl Pts',(49.5767056040488,30.,61.5476581377319));
#4865=CARTESIAN_POINT('Ctrl Pts',(49.6945603853005,30.,61.3379932783925));
#4866=CARTESIAN_POINT('Ctrl Pts',(49.843178811808,30.,61.1428726529693));
#4867=CARTESIAN_POINT('Ctrl Pts',(49.9917972383156,30.,60.9477520275461));
#4868=CARTESIAN_POINT('Ctrl Pts',(50.171179310079,30.,60.7671756360391));
#4869=CARTESIAN_POINT('Ctrl Pts',(50.3650454093709,30.,60.6199880925327));
#4870=CARTESIAN_POINT('Ctrl Pts',(50.7527776079547,30.,60.3256130055198));
#4871=CARTESIAN_POINT('Ctrl Pts',(51.1984459166526,30.,60.1647933105091));
#4872=CARTESIAN_POINT('Ctrl Pts',(51.6410659174359,30.,60.1134489448969));
#4873=CARTESIAN_POINT('Ctrl Pts',(51.8623759178275,30.,60.0877767620907));
#4874=CARTESIAN_POINT('Ctrl Pts',(52.0829238412405,30.,60.0894734116342));
#4875=CARTESIAN_POINT('Ctrl Pts',(52.3073233164969,30.,60.0894734116342));
#4876=CARTESIAN_POINT('',(52.3073233164969,30.,60.0894734116342));
#4877=CARTESIAN_POINT('Origin',(49.3073233164969,30.,60.0894734116342));
#4878=CARTESIAN_POINT('',(100.286595368218,30.,60.0894734116342));
#4879=CARTESIAN_POINT('',(100.286595368218,30.,60.0894734116342));
#4880=CARTESIAN_POINT('',(100.286595368218,30.,60.0894734116342));
#4881=CARTESIAN_POINT('Origin',(36.0476643117629,30.,12.8177261301369));
#4882=CARTESIAN_POINT('',(38.0476643117629,30.,12.8177261301369));
#4883=CARTESIAN_POINT('',(38.0476643117629,30.,12.8177261301369));
#4884=CARTESIAN_POINT('',(36.0476643117629,30.,14.8177261301369));
#4885=CARTESIAN_POINT('Origin',(36.0476643117629,30.,12.8177261301369));
#4886=CARTESIAN_POINT('',(36.0476643117629,30.,14.8177261301369));
#4887=CARTESIAN_POINT('Origin',(38.0476643117629,30.,14.8177261301369));
#4888=CARTESIAN_POINT('',(9.56744238641963,30.,14.8177261301369));
#4889=CARTESIAN_POINT('',(38.0476643117629,30.,14.8177261301369));
#4890=CARTESIAN_POINT('',(9.56744238641962,30.,14.8177261301369));
#4891=CARTESIAN_POINT('Origin',(9.56744238641962,30.,12.8177261301369));
#4892=CARTESIAN_POINT('Origin',(9.56744238641962,30.,12.8177261301369));
#4893=CARTESIAN_POINT('Origin',(38.0476643117629,30.,3.02066299025055));
#4894=CARTESIAN_POINT('',(38.0476643117629,30.,3.02066299025055));
#4895=CARTESIAN_POINT('Origin',(50.1922229054479,30.,40.1990970958386));
#4896=CARTESIAN_POINT('',(102.392222905448,30.,-10.0009029041614));
#4897=CARTESIAN_POINT('',(110.392222905448,30.,-10.0009029041614));
#4898=CARTESIAN_POINT('',(110.392222905448,30.,-2.00090290416139));
#4899=CARTESIAN_POINT('Ctrl Pts',(110.392222905448,30.,-2.00090290416139));
#4900=CARTESIAN_POINT('Ctrl Pts',(110.392222905448,30.,-2.59930150484516));
#4901=CARTESIAN_POINT('Ctrl Pts',(110.389351237023,30.,-3.19135838996115));
#4902=CARTESIAN_POINT('Ctrl Pts',(110.322137984479,30.,-3.78123975620231));
#4903=CARTESIAN_POINT('Ctrl Pts',(110.254924731936,30.,-4.37112112244346));
#4904=CARTESIAN_POINT('Ctrl Pts',(110.123369895273,30.,-4.95882696980977));
#4905=CARTESIAN_POINT('Ctrl Pts',(109.900932187438,30.,-5.53298037312775));
#4906=CARTESIAN_POINT('Ctrl Pts',(109.678494479603,30.,-6.10713377644573));
#4907=CARTESIAN_POINT('Ctrl Pts',(109.365173900596,30.,-6.66773473571539));
#4908=CARTESIAN_POINT('Ctrl Pts',(108.969808441464,30.,-7.18667028526932));
#4909=CARTESIAN_POINT('Ctrl Pts',(108.574442982331,30.,-7.70560583482326));
#4910=CARTESIAN_POINT('Ctrl Pts',(108.097032643073,30.,-8.18287597466147));
#4911=CARTESIAN_POINT('Ctrl Pts',(107.577963553176,30.,-8.57839301165582));
#4912=CARTESIAN_POINT('Ctrl Pts',(107.058894463279,30.,-8.97391004865017));
#4913=CARTESIAN_POINT('Ctrl Pts',(106.498166622743,30.,-9.28767398280065));
#4914=CARTESIAN_POINT('Ctrl Pts',(105.924026721062,30.,-9.51012198428461));
#4915=CARTESIAN_POINT('Ctrl Pts',(105.349886819382,30.,-9.73256998576857));
#4916=CARTESIAN_POINT('Ctrl Pts',(104.762334856557,30.,-9.86370205458601));
#4917=CARTESIAN_POINT('Ctrl Pts',(104.172518528245,30.,-9.93078528418422));
#4918=CARTESIAN_POINT('Ctrl Pts',(103.582702199932,30.,-9.99786851378243));
#4919=CARTESIAN_POINT('Ctrl Pts',(102.990621506132,30.,-10.0009029041614));
#4920=CARTESIAN_POINT('Ctrl Pts',(102.392222905448,30.,-10.0009029041614));
#4921=CARTESIAN_POINT('',(110.392222905448,30.,82.3990970958386));
#4922=CARTESIAN_POINT('',(110.392222905448,30.,90.3990970958386));
#4923=CARTESIAN_POINT('Ctrl Pts',(102.392222905448,30.,90.3990970958386));
#4924=CARTESIAN_POINT('Ctrl Pts',(102.990621506132,30.,90.3990970958386));
#4925=CARTESIAN_POINT('Ctrl Pts',(103.5826803012,30.,90.396219882381));
#4926=CARTESIAN_POINT('Ctrl Pts',(104.172562681869,30.,90.3290033644766));
#4927=CARTESIAN_POINT('Ctrl Pts',(104.762445062537,30.,90.2617868465723));
#4928=CARTESIAN_POINT('Ctrl Pts',(105.350151028806,30.,90.1302310242211));
#4929=CARTESIAN_POINT('Ctrl Pts',(105.924304113142,30.,89.907793051181));
#4930=CARTESIAN_POINT('Ctrl Pts',(106.498457197478,30.,89.685355078141));
#4931=CARTESIAN_POINT('Ctrl Pts',(107.05905739988,30.,89.3720349544121));
#4932=CARTESIAN_POINT('Ctrl Pts',(107.577991955359,30.,88.9766700003395));
#4933=CARTESIAN_POINT('Ctrl Pts',(108.096926510838,30.,88.5813050462668));
#4934=CARTESIAN_POINT('Ctrl Pts',(108.574195419394,30.,88.1038952618505));
#4935=CARTESIAN_POINT('Ctrl Pts',(108.969712362125,30.,87.5848269432001));
#4936=CARTESIAN_POINT('Ctrl Pts',(109.365229304855,30.,87.0657586245496));
#4937=CARTESIAN_POINT('Ctrl Pts',(109.678994281761,30.,86.5050317716651));
#4938=CARTESIAN_POINT('Ctrl Pts',(109.901441937317,30.,85.9308930537491));
#4939=CARTESIAN_POINT('Ctrl Pts',(110.123889592874,30.,85.3567543358331));
#4940=CARTESIAN_POINT('Ctrl Pts',(110.255019927082,30.,84.7692037528857));
#4941=CARTESIAN_POINT('Ctrl Pts',(110.322103255226,30.,84.179389093058));
#4942=CARTESIAN_POINT('Ctrl Pts',(110.389186583369,30.,83.5895744332303));
#4943=CARTESIAN_POINT('Ctrl Pts',(110.392222905448,30.,82.9974956965224));
#4944=CARTESIAN_POINT('Ctrl Pts',(110.392222905448,30.,82.3990970958386));
#4945=CARTESIAN_POINT('',(77.225,30.,37.645));
#4946=CARTESIAN_POINT('',(76.725,30.,38.145));
#4947=CARTESIAN_POINT('Origin',(76.725,30.,37.645));
#4948=CARTESIAN_POINT('',(77.225,30.,24.645));
#4949=CARTESIAN_POINT('',(77.225,30.,24.645));
#4950=CARTESIAN_POINT('',(76.725,30.,24.145));
#4951=CARTESIAN_POINT('Origin',(76.725,30.,24.645));
#4952=CARTESIAN_POINT('',(63.725,30.,24.145));
#4953=CARTESIAN_POINT('',(63.725,30.,24.145));
#4954=CARTESIAN_POINT('',(63.225,30.,24.645));
#4955=CARTESIAN_POINT('Origin',(63.725,30.,24.645));
#4956=CARTESIAN_POINT('',(63.225,30.,37.645));
#4957=CARTESIAN_POINT('',(63.225,30.,37.645));
#4958=CARTESIAN_POINT('',(63.725,30.,38.145));
#4959=CARTESIAN_POINT('Origin',(63.725,30.,37.645));
#4960=CARTESIAN_POINT('',(76.725,30.,38.145));
#4961=CARTESIAN_POINT('',(57.675,30.,43.195));
#4962=CARTESIAN_POINT('',(58.175,30.,43.695));
#4963=CARTESIAN_POINT('Origin',(57.675,30.,43.695));
#4964=CARTESIAN_POINT('',(44.675,30.,43.195));
#4965=CARTESIAN_POINT('',(44.675,30.,43.195));
#4966=CARTESIAN_POINT('',(44.175,30.,43.695));
#4967=CARTESIAN_POINT('Origin',(44.675,30.,43.695));
#4968=CARTESIAN_POINT('',(44.175,30.,56.6950000000001));
#4969=CARTESIAN_POINT('',(44.175,30.,56.6950000000001));
#4970=CARTESIAN_POINT('',(44.675,30.,57.195));
#4971=CARTESIAN_POINT('Origin',(44.675,30.,56.6950000000001));
#4972=CARTESIAN_POINT('',(57.675,30.,57.195));
#4973=CARTESIAN_POINT('',(57.675,30.,57.195));
#4974=CARTESIAN_POINT('',(58.175,30.,56.6950000000001));
#4975=CARTESIAN_POINT('Origin',(57.675,30.,56.6950000000001));
#4976=CARTESIAN_POINT('',(58.175,30.,43.695));
#4977=CARTESIAN_POINT('',(100.286595368218,30.,80.2066676198389));
#4978=CARTESIAN_POINT('',(49.3073233164969,30.,80.2066676198389));
#4979=CARTESIAN_POINT('',(100.286595368218,30.,80.2066676198389));
#4980=CARTESIAN_POINT('',(63.225,30.,43.695));
#4981=CARTESIAN_POINT('',(63.725,30.,43.195));
#4982=CARTESIAN_POINT('Origin',(63.725,30.,43.695));
#4983=CARTESIAN_POINT('',(63.225,30.,56.6950000000001));
#4984=CARTESIAN_POINT('',(63.225,30.,56.6950000000001));
#4985=CARTESIAN_POINT('',(63.725,30.,57.1950000000001));
#4986=CARTESIAN_POINT('Origin',(63.725,30.,56.6950000000001));
#4987=CARTESIAN_POINT('',(76.725,30.,57.195));
#4988=CARTESIAN_POINT('',(76.725,30.,57.195));
#4989=CARTESIAN_POINT('',(77.225,30.,56.6950000000001));
#4990=CARTESIAN_POINT('Origin',(76.725,30.,56.6950000000001));
#4991=CARTESIAN_POINT('',(77.225,30.,43.695));
#4992=CARTESIAN_POINT('',(77.225,30.,43.695));
#4993=CARTESIAN_POINT('',(76.725,30.,43.195));
#4994=CARTESIAN_POINT('Origin',(76.725,30.,43.695));
#4995=CARTESIAN_POINT('',(63.725,30.,43.195));
#4996=CARTESIAN_POINT('',(32.225,30.,63.725));
#4997=CARTESIAN_POINT('',(32.725,30.,63.225));
#4998=CARTESIAN_POINT('Origin',(32.725,30.,63.725));
#4999=CARTESIAN_POINT('',(32.225,30.,76.725));
#5000=CARTESIAN_POINT('',(32.225,30.,63.725));
#5001=CARTESIAN_POINT('',(32.725,30.,77.225));
#5002=CARTESIAN_POINT('Origin',(32.725,30.,76.725));
#5003=CARTESIAN_POINT('',(45.725,30.,77.225));
#5004=CARTESIAN_POINT('',(32.725,30.,77.225));
#5005=CARTESIAN_POINT('',(46.225,30.,76.725));
#5006=CARTESIAN_POINT('Origin',(45.725,30.,76.725));
#5007=CARTESIAN_POINT('',(46.225,30.,63.725));
#5008=CARTESIAN_POINT('',(46.225,30.,63.725));
#5009=CARTESIAN_POINT('',(45.725,30.,63.225));
#5010=CARTESIAN_POINT('Origin',(45.725,30.,63.725));
#5011=CARTESIAN_POINT('',(32.725,30.,63.225));
#5012=CARTESIAN_POINT('',(58.175,30.,37.645));
#5013=CARTESIAN_POINT('',(57.675,30.,38.145));
#5014=CARTESIAN_POINT('Origin',(57.675,30.,37.645));
#5015=CARTESIAN_POINT('',(58.175,30.,24.645));
#5016=CARTESIAN_POINT('',(58.175,30.,24.645));
#5017=CARTESIAN_POINT('',(57.675,30.,24.145));
#5018=CARTESIAN_POINT('Origin',(57.675,30.,24.645));
#5019=CARTESIAN_POINT('',(44.675,30.,24.145));
#5020=CARTESIAN_POINT('',(44.675,30.,24.145));
#5021=CARTESIAN_POINT('',(44.175,30.,24.645));
#5022=CARTESIAN_POINT('Origin',(44.675,30.,24.645));
#5023=CARTESIAN_POINT('',(44.175,30.,37.645));
#5024=CARTESIAN_POINT('',(44.175,30.,37.645));
#5025=CARTESIAN_POINT('',(44.675,30.,38.145));
#5026=CARTESIAN_POINT('Origin',(44.675,30.,37.645));
#5027=CARTESIAN_POINT('',(57.675,30.,38.145));
#5028=CARTESIAN_POINT('',(13.175,30.,63.725));
#5029=CARTESIAN_POINT('',(13.675,30.,63.225));
#5030=CARTESIAN_POINT('Origin',(13.675,30.,63.725));
#5031=CARTESIAN_POINT('',(13.175,30.,76.725));
#5032=CARTESIAN_POINT('',(13.175,30.,63.725));
#5033=CARTESIAN_POINT('',(13.675,30.,77.225));
#5034=CARTESIAN_POINT('Origin',(13.675,30.,76.725));
#5035=CARTESIAN_POINT('',(26.675,30.,77.225));
#5036=CARTESIAN_POINT('',(13.675,30.,77.225));
#5037=CARTESIAN_POINT('',(27.175,30.,76.725));
#5038=CARTESIAN_POINT('Origin',(26.675,30.,76.725));
#5039=CARTESIAN_POINT('',(27.175,30.,63.725));
#5040=CARTESIAN_POINT('',(27.175,30.,63.725));
#5041=CARTESIAN_POINT('',(26.675,30.,63.225));
#5042=CARTESIAN_POINT('Origin',(26.675,30.,63.725));
#5043=CARTESIAN_POINT('',(13.675,30.,63.225));
#5044=CARTESIAN_POINT('',(82.275,30.,43.695));
#5045=CARTESIAN_POINT('',(82.775,30.,43.195));
#5046=CARTESIAN_POINT('Origin',(82.775,30.,43.695));
#5047=CARTESIAN_POINT('',(82.275,30.,56.6950000000001));
#5048=CARTESIAN_POINT('',(82.275,30.,56.6950000000001));
#5049=CARTESIAN_POINT('',(82.775,30.,57.195));
#5050=CARTESIAN_POINT('Origin',(82.775,30.,56.6950000000001));
#5051=CARTESIAN_POINT('',(95.775,30.,57.195));
#5052=CARTESIAN_POINT('',(95.775,30.,57.195));
#5053=CARTESIAN_POINT('',(96.275,30.,56.6950000000001));
#5054=CARTESIAN_POINT('Origin',(95.775,30.,56.6950000000001));
#5055=CARTESIAN_POINT('',(96.275,30.,43.695));
#5056=CARTESIAN_POINT('',(96.275,30.,43.695));
#5057=CARTESIAN_POINT('',(95.775,30.,43.1950000000001));
#5058=CARTESIAN_POINT('Origin',(95.775,30.,43.695));
#5059=CARTESIAN_POINT('',(82.775,30.,43.195));
#5060=CARTESIAN_POINT('',(-3.55777716905795,30.,-5.0009029786672));
#5061=CARTESIAN_POINT('Origin',(-5.00777716905795,30.,-5.0009029786672));
#5062=CARTESIAN_POINT('',(106.44222447007,30.,84.9990983624373));
#5063=CARTESIAN_POINT('Origin',(104.99222447007,30.,84.9990983624373));
#5064=CARTESIAN_POINT('',(-3.55777716905795,30.,84.9990983624373));
#5065=CARTESIAN_POINT('Origin',(-5.00777716905795,30.,84.9990983624373));
#5066=CARTESIAN_POINT('',(106.44222447007,30.,-5.0009029786672));
#5067=CARTESIAN_POINT('Origin',(104.99222447007,30.,-5.0009029786672));
#5068=CARTESIAN_POINT('Ctrl Pts',(102.392222905448,30.,-10.0009029041614));
#5069=CARTESIAN_POINT('Ctrl Pts',(102.392222905448,30.3333333333333,-10.0009029041614));
#5070=CARTESIAN_POINT('Ctrl Pts',(102.392222905448,30.6666666666667,-10.0009029041614));
#5071=CARTESIAN_POINT('Ctrl Pts',(102.392222905448,31.,-10.0009029041614));
#5072=CARTESIAN_POINT('Ctrl Pts',(102.990621506132,30.,-10.0009029041614));
#5073=CARTESIAN_POINT('Ctrl Pts',(102.990621506132,30.3333333333333,-10.0009029041614));
#5074=CARTESIAN_POINT('Ctrl Pts',(102.990621506132,30.6666666666667,-10.0009029041614));
#5075=CARTESIAN_POINT('Ctrl Pts',(102.990621506132,31.,-10.0009029041614));
#5076=CARTESIAN_POINT('Ctrl Pts',(104.174782893733,30.,-9.99483412340345));
#5077=CARTESIAN_POINT('Ctrl Pts',(104.174782893733,30.3333333333333,-9.99483412340345));
#5078=CARTESIAN_POINT('Ctrl Pts',(104.174782893733,30.6666666666667,-9.99483412340345));
#5079=CARTESIAN_POINT('Ctrl Pts',(104.174782893733,31.,-9.99483412340345));
#5080=CARTESIAN_POINT('Ctrl Pts',(105.937438782206,30.,-9.60143791695113));
#5081=CARTESIAN_POINT('Ctrl Pts',(105.937438782206,30.3333333333333,-9.60143791695113));
#5082=CARTESIAN_POINT('Ctrl Pts',(105.937438782206,30.6666666666666,-9.60143791695113));
#5083=CARTESIAN_POINT('Ctrl Pts',(105.937438782206,31.,-9.60143791695113));
#5084=CARTESIAN_POINT('Ctrl Pts',(107.619622303815,30.,-8.66014611449969));
#5085=CARTESIAN_POINT('Ctrl Pts',(107.619622303815,30.3333333333333,-8.66014611449969));
#5086=CARTESIAN_POINT('Ctrl Pts',(107.619622303815,30.6666666666666,-8.66014611449969));
#5087=CARTESIAN_POINT('Ctrl Pts',(107.619622303815,31.,-8.66014611449969));
#5088=CARTESIAN_POINT('Ctrl Pts',(109.05185332159,30.,-7.22833569498505));
#5089=CARTESIAN_POINT('Ctrl Pts',(109.05185332159,30.3333333333333,-7.22833569498505));
#5090=CARTESIAN_POINT('Ctrl Pts',(109.05185332159,30.6666666666667,-7.22833569498505));
#5091=CARTESIAN_POINT('Ctrl Pts',(109.05185332159,31.,-7.22833569498505));
#5092=CARTESIAN_POINT('Ctrl Pts',(109.991815058609,30.,-5.54653281717607));
#5093=CARTESIAN_POINT('Ctrl Pts',(109.991815058609,30.3333333333333,-5.54653281717607));
#5094=CARTESIAN_POINT('Ctrl Pts',(109.991815058609,30.6666666666667,-5.54653281717607));
#5095=CARTESIAN_POINT('Ctrl Pts',(109.991815058609,31.,-5.54653281717607));
#5096=CARTESIAN_POINT('Ctrl Pts',(110.386479568599,30.,-3.78341527507715));
#5097=CARTESIAN_POINT('Ctrl Pts',(110.386479568599,30.3333333333333,-3.78341527507715));
#5098=CARTESIAN_POINT('Ctrl Pts',(110.386479568599,30.6666666666667,-3.78341527507715));
#5099=CARTESIAN_POINT('Ctrl Pts',(110.386479568599,31.,-3.78341527507715));
#5100=CARTESIAN_POINT('Ctrl Pts',(110.392222905448,30.,-2.59930150484516));
#5101=CARTESIAN_POINT('Ctrl Pts',(110.392222905448,30.3333333333333,-2.59930150484516));
#5102=CARTESIAN_POINT('Ctrl Pts',(110.392222905448,30.6666666666667,-2.59930150484516));
#5103=CARTESIAN_POINT('Ctrl Pts',(110.392222905448,31.,-2.59930150484516));
#5104=CARTESIAN_POINT('Ctrl Pts',(110.392222905448,30.,-2.00090290416139));
#5105=CARTESIAN_POINT('Ctrl Pts',(110.392222905448,30.3333333333333,-2.00090290416139));
#5106=CARTESIAN_POINT('Ctrl Pts',(110.392222905448,30.6666666666667,-2.00090290416139));
#5107=CARTESIAN_POINT('Ctrl Pts',(110.392222905448,31.,-2.00090290416139));
#5108=CARTESIAN_POINT('',(110.392222905448,30.,-2.00090290416139));
#5109=CARTESIAN_POINT('',(102.392222905448,30.,-10.0009029041614));
#5110=CARTESIAN_POINT('Origin',(110.392222905448,30.,90.3990970958386));
#5111=CARTESIAN_POINT('',(110.392222905448,30.,82.3990970958386));
#5112=CARTESIAN_POINT('Ctrl Pts',(110.392222905448,30.,82.3990970958386));
#5113=CARTESIAN_POINT('Ctrl Pts',(110.392222905448,30.3333333333333,82.3990970958386));
#5114=CARTESIAN_POINT('Ctrl Pts',(110.392222905448,30.6666666666667,82.3990970958386));
#5115=CARTESIAN_POINT('Ctrl Pts',(110.392222905448,31.,82.3990970958386));
#5116=CARTESIAN_POINT('Ctrl Pts',(110.392222905448,30.,82.9974956965224));
#5117=CARTESIAN_POINT('Ctrl Pts',(110.392222905448,30.3333333333333,82.9974956965224));
#5118=CARTESIAN_POINT('Ctrl Pts',(110.392222905448,30.6666666666667,82.9974956965224));
#5119=CARTESIAN_POINT('Ctrl Pts',(110.392222905448,31.,82.9974956965224));
#5120=CARTESIAN_POINT('Ctrl Pts',(110.38615026129,30.,84.1816531699382));
#5121=CARTESIAN_POINT('Ctrl Pts',(110.38615026129,30.3333333333333,84.1816531699382));
#5122=CARTESIAN_POINT('Ctrl Pts',(110.38615026129,30.6666666666667,84.1816531699382));
#5123=CARTESIAN_POINT('Ctrl Pts',(110.38615026129,31.,84.1816531699382));
#5124=CARTESIAN_POINT('Ctrl Pts',(109.992759258666,30.,85.9443049187806));
#5125=CARTESIAN_POINT('Ctrl Pts',(109.992759258666,30.3333333333333,85.9443049187806));
#5126=CARTESIAN_POINT('Ctrl Pts',(109.992759258666,30.6666666666667,85.9443049187806));
#5127=CARTESIAN_POINT('Ctrl Pts',(109.992759258666,31.,85.9443049187806));
#5128=CARTESIAN_POINT('Ctrl Pts',(109.05146432795,30.,87.6264854774341));
#5129=CARTESIAN_POINT('Ctrl Pts',(109.05146432795,30.3333333333334,87.6264854774341));
#5130=CARTESIAN_POINT('Ctrl Pts',(109.05146432795,30.6666666666667,87.6264854774341));
#5131=CARTESIAN_POINT('Ctrl Pts',(109.05146432795,31.,87.6264854774341));
#5132=CARTESIAN_POINT('Ctrl Pts',(107.619657602282,30.,89.0587148306832));
#5133=CARTESIAN_POINT('Ctrl Pts',(107.619657602282,30.3333333333334,89.0587148306832));
#5134=CARTESIAN_POINT('Ctrl Pts',(107.619657602282,30.6666666666667,89.0587148306832));
#5135=CARTESIAN_POINT('Ctrl Pts',(107.619657602282,31.,89.0587148306832));
#5136=CARTESIAN_POINT('Ctrl Pts',(105.937856995075,30.,89.9986752018699));
#5137=CARTESIAN_POINT('Ctrl Pts',(105.937856995075,30.3333333333333,89.9986752018699));
#5138=CARTESIAN_POINT('Ctrl Pts',(105.937856995075,30.6666666666667,89.9986752018699));
#5139=CARTESIAN_POINT('Ctrl Pts',(105.937856995075,31.,89.9986752018699));
#5140=CARTESIAN_POINT('Ctrl Pts',(104.174739096268,30.,90.3933426689235));
#5141=CARTESIAN_POINT('Ctrl Pts',(104.174739096268,30.3333333333333,90.3933426689235));
#5142=CARTESIAN_POINT('Ctrl Pts',(104.174739096268,30.6666666666667,90.3933426689235));
#5143=CARTESIAN_POINT('Ctrl Pts',(104.174739096268,31.,90.3933426689235));
#5144=CARTESIAN_POINT('Ctrl Pts',(102.990621506132,30.,90.3990970958386));
#5145=CARTESIAN_POINT('Ctrl Pts',(102.990621506132,30.3333333333333,90.3990970958386));
#5146=CARTESIAN_POINT('Ctrl Pts',(102.990621506132,30.6666666666667,90.3990970958386));
#5147=CARTESIAN_POINT('Ctrl Pts',(102.990621506132,31.,90.3990970958386));
#5148=CARTESIAN_POINT('Ctrl Pts',(102.392222905448,30.,90.3990970958386));
#5149=CARTESIAN_POINT('Ctrl Pts',(102.392222905448,30.3333333333333,90.3990970958386));
#5150=CARTESIAN_POINT('Ctrl Pts',(102.392222905448,30.6666666666667,90.3990970958386));
#5151=CARTESIAN_POINT('Ctrl Pts',(102.392222905448,31.,90.3990970958386));
#5152=CARTESIAN_POINT('Origin',(104.99222447007,30.,-5.0009029786672));
#5153=CARTESIAN_POINT('',(106.44222447007,30.,-5.0009029786672));
#5154=CARTESIAN_POINT('Origin',(-5.00777716905795,30.,84.9990983624373));
#5155=CARTESIAN_POINT('',(-3.55777716905795,30.,84.9990983624373));
#5156=CARTESIAN_POINT('Origin',(104.99222447007,30.,84.9990983624373));
#5157=CARTESIAN_POINT('',(106.44222447007,30.,84.9990983624373));
#5158=CARTESIAN_POINT('Origin',(-5.00777716905795,30.,-5.0009029786672));
#5159=CARTESIAN_POINT('',(-3.55777716905795,30.,-5.0009029786672));
#5160=CARTESIAN_POINT('Origin',(82.275,30.,56.6950000000001));
#5161=CARTESIAN_POINT('',(82.275,30.,43.695));
#5162=CARTESIAN_POINT('',(82.275,30.,56.6950000000001));
#5163=CARTESIAN_POINT('Origin',(82.775,30.,56.6950000000001));
#5164=CARTESIAN_POINT('',(82.775,30.,57.195));
#5165=CARTESIAN_POINT('Origin',(95.775,30.,57.195));
#5166=CARTESIAN_POINT('',(95.775,30.,57.195));
#5167=CARTESIAN_POINT('Origin',(95.775,30.,56.6950000000001));
#5168=CARTESIAN_POINT('',(96.275,30.,56.6950000000001));
#5169=CARTESIAN_POINT('Origin',(96.275,30.,43.695));
#5170=CARTESIAN_POINT('',(96.275,30.,43.695));
#5171=CARTESIAN_POINT('Origin',(95.775,30.,43.695));
#5172=CARTESIAN_POINT('',(95.775,30.,43.1950000000001));
#5173=CARTESIAN_POINT('Origin',(82.775,30.,43.195));
#5174=CARTESIAN_POINT('',(82.775,30.,43.195));
#5175=CARTESIAN_POINT('Origin',(82.775,30.,43.695));
#5176=CARTESIAN_POINT('Origin',(13.175,30.,76.725));
#5177=CARTESIAN_POINT('',(13.175,30.,63.725));
#5178=CARTESIAN_POINT('',(13.175,30.,76.725));
#5179=CARTESIAN_POINT('Origin',(13.675,30.,76.725));
#5180=CARTESIAN_POINT('',(13.675,30.,77.225));
#5181=CARTESIAN_POINT('Origin',(26.675,30.,77.225));
#5182=CARTESIAN_POINT('',(26.675,30.,77.225));
#5183=CARTESIAN_POINT('Origin',(26.675,30.,76.725));
#5184=CARTESIAN_POINT('',(27.175,30.,76.725));
#5185=CARTESIAN_POINT('Origin',(27.175,30.,63.725));
#5186=CARTESIAN_POINT('',(27.175,30.,63.725));
#5187=CARTESIAN_POINT('Origin',(26.675,30.,63.725));
#5188=CARTESIAN_POINT('',(26.675,30.,63.225));
#5189=CARTESIAN_POINT('Origin',(13.675,30.,63.225));
#5190=CARTESIAN_POINT('',(13.675,30.,63.225));
#5191=CARTESIAN_POINT('Origin',(13.675,30.,63.725));
#5192=CARTESIAN_POINT('Origin',(58.175,30.,24.645));
#5193=CARTESIAN_POINT('',(58.175,30.,37.645));
#5194=CARTESIAN_POINT('',(58.175,30.,24.645));
#5195=CARTESIAN_POINT('Origin',(57.675,30.,24.645));
#5196=CARTESIAN_POINT('',(57.675,30.,24.145));
#5197=CARTESIAN_POINT('Origin',(44.675,30.,24.145));
#5198=CARTESIAN_POINT('',(44.675,30.,24.145));
#5199=CARTESIAN_POINT('Origin',(44.675,30.,24.645));
#5200=CARTESIAN_POINT('',(44.175,30.,24.645));
#5201=CARTESIAN_POINT('Origin',(44.175,30.,37.645));
#5202=CARTESIAN_POINT('',(44.175,30.,37.645));
#5203=CARTESIAN_POINT('Origin',(44.675,30.,37.645));
#5204=CARTESIAN_POINT('',(44.675,30.,38.145));
#5205=CARTESIAN_POINT('Origin',(57.675,30.,38.145));
#5206=CARTESIAN_POINT('',(57.675,30.,38.145));
#5207=CARTESIAN_POINT('Origin',(57.675,30.,37.645));
#5208=CARTESIAN_POINT('Origin',(32.225,30.,76.725));
#5209=CARTESIAN_POINT('',(32.225,30.,63.725));
#5210=CARTESIAN_POINT('',(32.225,30.,76.725));
#5211=CARTESIAN_POINT('Origin',(32.725,30.,76.725));
#5212=CARTESIAN_POINT('',(32.725,30.,77.225));
#5213=CARTESIAN_POINT('Origin',(45.725,30.,77.225));
#5214=CARTESIAN_POINT('',(45.725,30.,77.225));
#5215=CARTESIAN_POINT('Origin',(45.725,30.,76.725));
#5216=CARTESIAN_POINT('',(46.225,30.,76.725));
#5217=CARTESIAN_POINT('Origin',(46.225,30.,63.725));
#5218=CARTESIAN_POINT('',(46.225,30.,63.725));
#5219=CARTESIAN_POINT('Origin',(45.725,30.,63.725));
#5220=CARTESIAN_POINT('',(45.725,30.,63.225));
#5221=CARTESIAN_POINT('Origin',(32.725,30.,63.225));
#5222=CARTESIAN_POINT('',(32.725,30.,63.225));
#5223=CARTESIAN_POINT('Origin',(32.725,30.,63.725));
#5224=CARTESIAN_POINT('Origin',(63.225,30.,56.6950000000001));
#5225=CARTESIAN_POINT('',(63.225,30.,43.695));
#5226=CARTESIAN_POINT('',(63.225,30.,56.6950000000001));
#5227=CARTESIAN_POINT('Origin',(63.725,30.,56.6950000000001));
#5228=CARTESIAN_POINT('',(63.725,30.,57.1950000000001));
#5229=CARTESIAN_POINT('Origin',(76.725,30.,57.195));
#5230=CARTESIAN_POINT('',(76.725,30.,57.195));
#5231=CARTESIAN_POINT('Origin',(76.725,30.,56.6950000000001));
#5232=CARTESIAN_POINT('',(77.225,30.,56.6950000000001));
#5233=CARTESIAN_POINT('Origin',(77.225,30.,43.695));
#5234=CARTESIAN_POINT('',(77.225,30.,43.695));
#5235=CARTESIAN_POINT('Origin',(76.725,30.,43.695));
#5236=CARTESIAN_POINT('',(76.725,30.,43.195));
#5237=CARTESIAN_POINT('Origin',(63.725,30.,43.195));
#5238=CARTESIAN_POINT('',(63.725,30.,43.195));
#5239=CARTESIAN_POINT('Origin',(63.725,30.,43.695));
#5240=CARTESIAN_POINT('Origin',(100.286595368218,30.,80.2066676198389));
#5241=CARTESIAN_POINT('',(100.286595368218,30.,80.2066676198389));
#5242=CARTESIAN_POINT('Origin',(100.286595368218,30.,60.0894734116342));
#5243=CARTESIAN_POINT('Origin',(44.675,30.,43.195));
#5244=CARTESIAN_POINT('',(57.675,30.,43.195));
#5245=CARTESIAN_POINT('',(44.675,30.,43.195));
#5246=CARTESIAN_POINT('Origin',(44.675,30.,43.695));
#5247=CARTESIAN_POINT('',(44.175,30.,43.695));
#5248=CARTESIAN_POINT('Origin',(44.175,30.,56.6950000000001));
#5249=CARTESIAN_POINT('',(44.175,30.,56.6950000000001));
#5250=CARTESIAN_POINT('Origin',(44.675,30.,56.6950000000001));
#5251=CARTESIAN_POINT('',(44.675,30.,57.195));
#5252=CARTESIAN_POINT('Origin',(57.675,30.,57.195));
#5253=CARTESIAN_POINT('',(57.675,30.,57.195));
#5254=CARTESIAN_POINT('Origin',(57.675,30.,56.6950000000001));
#5255=CARTESIAN_POINT('',(58.175,30.,56.6950000000001));
#5256=CARTESIAN_POINT('Origin',(58.175,30.,43.695));
#5257=CARTESIAN_POINT('',(58.175,30.,43.695));
#5258=CARTESIAN_POINT('Origin',(57.675,30.,43.695));
#5259=CARTESIAN_POINT('Origin',(77.225,30.,24.645));
#5260=CARTESIAN_POINT('',(77.225,30.,37.645));
#5261=CARTESIAN_POINT('',(77.225,30.,24.645));
#5262=CARTESIAN_POINT('Origin',(76.725,30.,24.645));
#5263=CARTESIAN_POINT('',(76.725,30.,24.145));
#5264=CARTESIAN_POINT('Origin',(63.725,30.,24.145));
#5265=CARTESIAN_POINT('',(63.725,30.,24.145));
#5266=CARTESIAN_POINT('Origin',(63.725,30.,24.645));
#5267=CARTESIAN_POINT('',(63.225,30.,24.645));
#5268=CARTESIAN_POINT('Origin',(63.225,30.,37.645));
#5269=CARTESIAN_POINT('',(63.225,30.,37.645));
#5270=CARTESIAN_POINT('Origin',(63.725,30.,37.645));
#5271=CARTESIAN_POINT('',(63.725,30.,38.145));
#5272=CARTESIAN_POINT('Origin',(76.725,30.,38.145));
#5273=CARTESIAN_POINT('',(76.725,30.,38.145));
#5274=CARTESIAN_POINT('Origin',(76.725,30.,37.645));
#5275=CARTESIAN_POINT('Origin',(110.392222905448,30.,-10.0009029041614));
#5276=UNCERTAINTY_MEASURE_WITH_UNIT(LENGTH_MEASURE(0.01),#5280,
'DISTANCE_ACCURACY_VALUE',
'Maximum model space distance between geometric entities at asserted c
onnectivities');
#5277=UNCERTAINTY_MEASURE_WITH_UNIT(LENGTH_MEASURE(0.01),#5280,
'DISTANCE_ACCURACY_VALUE',
'Maximum model space distance between geometric entities at asserted c
onnectivities');
#5278=(
GEOMETRIC_REPRESENTATION_CONTEXT(3)
GLOBAL_UNCERTAINTY_ASSIGNED_CONTEXT((#5276))
GLOBAL_UNIT_ASSIGNED_CONTEXT((#5280,#5281,#5282))
REPRESENTATION_CONTEXT('','3D')
);
#5279=(
GEOMETRIC_REPRESENTATION_CONTEXT(3)
GLOBAL_UNCERTAINTY_ASSIGNED_CONTEXT((#5277))
GLOBAL_UNIT_ASSIGNED_CONTEXT((#5280,#5281,#5282))
REPRESENTATION_CONTEXT('','3D')
);
#5280=(
LENGTH_UNIT()
NAMED_UNIT(*)
SI_UNIT(.MILLI.,.METRE.)
);
#5281=(
NAMED_UNIT(*)
PLANE_ANGLE_UNIT()
SI_UNIT($,.RADIAN.)
);
#5282=(
NAMED_UNIT(*)
SI_UNIT($,.STERADIAN.)
SOLID_ANGLE_UNIT()
);
#5283=SHAPE_DEFINITION_REPRESENTATION(#5284,#5285);
#5284=PRODUCT_DEFINITION_SHAPE('',$,#5287);
#5285=SHAPE_REPRESENTATION('',(#2619),#5278);
#5286=PRODUCT_DEFINITION_CONTEXT('part definition',#5291,'design');
#5287=PRODUCT_DEFINITION('2026-07-10-12-21-19-007','case',#5288,#5286);
#5288=PRODUCT_DEFINITION_FORMATION('',$,#5293);
#5289=PRODUCT_RELATED_PRODUCT_CATEGORY('case','case',(#5293));
#5290=APPLICATION_PROTOCOL_DEFINITION('international standard',
'automotive_design',2009,#5291);
#5291=APPLICATION_CONTEXT(
'Core Data for Automotive Mechanical Design Process');
#5292=PRODUCT_CONTEXT('part definition',#5291,'mechanical');
#5293=PRODUCT('2026-07-10-12-21-19-007','case',$,(#5292));
#5294=PRESENTATION_STYLE_ASSIGNMENT((#5306));
#5295=PRESENTATION_STYLE_ASSIGNMENT((#5307));
#5296=PRESENTATION_STYLE_ASSIGNMENT((#5308));
#5297=PRESENTATION_STYLE_ASSIGNMENT((#5309));
#5298=PRESENTATION_STYLE_ASSIGNMENT((#5310));
#5299=PRESENTATION_STYLE_ASSIGNMENT((#5311));
#5300=PRESENTATION_STYLE_ASSIGNMENT((#5312));
#5301=PRESENTATION_STYLE_ASSIGNMENT((#5313));
#5302=PRESENTATION_STYLE_ASSIGNMENT((#5314));
#5303=PRESENTATION_STYLE_ASSIGNMENT((#5315));
#5304=PRESENTATION_STYLE_ASSIGNMENT((#5316));
#5305=PRESENTATION_STYLE_ASSIGNMENT((#5317));
#5306=SURFACE_STYLE_USAGE(.BOTH.,#5318);
#5307=SURFACE_STYLE_USAGE(.BOTH.,#5319);
#5308=SURFACE_STYLE_USAGE(.BOTH.,#5320);
#5309=SURFACE_STYLE_USAGE(.BOTH.,#5321);
#5310=SURFACE_STYLE_USAGE(.BOTH.,#5322);
#5311=SURFACE_STYLE_USAGE(.BOTH.,#5323);
#5312=SURFACE_STYLE_USAGE(.BOTH.,#5324);
#5313=SURFACE_STYLE_USAGE(.BOTH.,#5325);
#5314=SURFACE_STYLE_USAGE(.BOTH.,#5326);
#5315=SURFACE_STYLE_USAGE(.BOTH.,#5327);
#5316=SURFACE_STYLE_USAGE(.BOTH.,#5328);
#5317=SURFACE_STYLE_USAGE(.BOTH.,#5329);
#5318=SURFACE_SIDE_STYLE('',(#5330));
#5319=SURFACE_SIDE_STYLE('',(#5331));
#5320=SURFACE_SIDE_STYLE('',(#5332));
#5321=SURFACE_SIDE_STYLE('',(#5333));
#5322=SURFACE_SIDE_STYLE('',(#5334));
#5323=SURFACE_SIDE_STYLE('',(#5335));
#5324=SURFACE_SIDE_STYLE('',(#5336));
#5325=SURFACE_SIDE_STYLE('',(#5337));
#5326=SURFACE_SIDE_STYLE('',(#5338));
#5327=SURFACE_SIDE_STYLE('',(#5339));
#5328=SURFACE_SIDE_STYLE('',(#5340));
#5329=SURFACE_SIDE_STYLE('',(#5341));
#5330=SURFACE_STYLE_FILL_AREA(#5342);
#5331=SURFACE_STYLE_FILL_AREA(#5343);
#5332=SURFACE_STYLE_FILL_AREA(#5344);
#5333=SURFACE_STYLE_FILL_AREA(#5345);
#5334=SURFACE_STYLE_FILL_AREA(#5346);
#5335=SURFACE_STYLE_FILL_AREA(#5347);
#5336=SURFACE_STYLE_FILL_AREA(#5348);
#5337=SURFACE_STYLE_FILL_AREA(#5349);
#5338=SURFACE_STYLE_FILL_AREA(#5350);
#5339=SURFACE_STYLE_FILL_AREA(#5351);
#5340=SURFACE_STYLE_FILL_AREA(#5352);
#5341=SURFACE_STYLE_FILL_AREA(#5353);
#5342=FILL_AREA_STYLE('Steel - Satin',(#5354));
#5343=FILL_AREA_STYLE('Opaque(202,209,238)',(#5355));
#5344=FILL_AREA_STYLE('Opaque(140,79,56)',(#5356));
#5345=FILL_AREA_STYLE('Opaque(0,191,161)',(#5357));
#5346=FILL_AREA_STYLE('Opaque(219,219,219)',(#5358));
#5347=FILL_AREA_STYLE('Opaque(156,156,156)',(#5359));
#5348=FILL_AREA_STYLE('Opaque(178,178,178)',(#5360));
#5349=FILL_AREA_STYLE('Opaque(25,25,25)',(#5361));
#5350=FILL_AREA_STYLE('Opaque(51,51,51)',(#5362));
#5351=FILL_AREA_STYLE('Opaque(0,64,191)',(#5363));
#5352=FILL_AREA_STYLE('Opaque(211,214,211)',(#5364));
#5353=FILL_AREA_STYLE('Opaque(247,224,153)',(#5365));
#5354=FILL_AREA_STYLE_COLOUR('Steel - Satin',#5366);
#5355=FILL_AREA_STYLE_COLOUR('Opaque(202,209,238)',#5367);
#5356=FILL_AREA_STYLE_COLOUR('Opaque(140,79,56)',#5368);
#5357=FILL_AREA_STYLE_COLOUR('Opaque(0,191,161)',#5369);
#5358=FILL_AREA_STYLE_COLOUR('Opaque(219,219,219)',#5370);
#5359=FILL_AREA_STYLE_COLOUR('Opaque(156,156,156)',#5371);
#5360=FILL_AREA_STYLE_COLOUR('Opaque(178,178,178)',#5372);
#5361=FILL_AREA_STYLE_COLOUR('Opaque(25,25,25)',#5373);
#5362=FILL_AREA_STYLE_COLOUR('Opaque(51,51,51)',#5374);
#5363=FILL_AREA_STYLE_COLOUR('Opaque(0,64,191)',#5375);
#5364=FILL_AREA_STYLE_COLOUR('Opaque(211,214,211)',#5376);
#5365=FILL_AREA_STYLE_COLOUR('Opaque(247,224,153)',#5377);
#5366=COLOUR_RGB('Steel - Satin',0.627450980392157,0.627450980392157,0.627450980392157);
#5367=COLOUR_RGB('Opaque(202,209,238)',0.792156862745098,0.819607843137255,
0.933333333333333);
#5368=COLOUR_RGB('Opaque(140,79,56)',0.549019607843137,0.309803921568627,
0.219607843137255);
#5369=COLOUR_RGB('Opaque(0,191,161)',0.,0.749019607843137,0.631372549019608);
#5370=COLOUR_RGB('Opaque(219,219,219)',1.,0.,0.);
#5371=COLOUR_RGB('Opaque(156,156,156)',0.149019607843137,0.870588235294118,
0.0392156862745098);
#5372=COLOUR_RGB('Opaque(178,178,178)',0.0274509803921569,0.643137254901961,
0.925490196078431);
#5373=COLOUR_RGB('Opaque(25,25,25)',0.00784313725490196,0.00784313725490196,
0.00784313725490196);
#5374=COLOUR_RGB('Opaque(51,51,51)',0.2,0.2,0.2);
#5375=COLOUR_RGB('Opaque(0,64,191)',0.,0.250980392156863,0.749019607843137);
#5376=COLOUR_RGB('Opaque(211,214,211)',1.,1.,1.);
#5377=COLOUR_RGB('Opaque(247,224,153)',0.811764705882353,0.0549019607843137,
0.913725490196078);
ENDSEC;
END-ISO-10303-21;
